{
    "classification_report": {
        "0": {
            "precision": 0.7591339648173207,
            "recall": 0.85,
            "f1-score": 0.8020014295925662,
            "support": 660.0
        },
        "1": {
            "precision": 0.6206896551724138,
            "recall": 0.4764705882352941,
            "f1-score": 0.5391014975041597,
            "support": 340.0
        },
        "accuracy": 0.723,
        "macro avg": {
            "precision": 0.6899118099948672,
            "recall": 0.663235294117647,
            "f1-score": 0.6705514635483629,
            "support": 1000.0
        },
        "weighted avg": {
            "precision": 0.7120628995380524,
            "recall": 0.723,
            "f1-score": 0.712615452682508,
            "support": 1000.0
        }
    },
    "confusion_matrix": [
        [
            561,
            99
        ],
        [
            178,
            162
        ]
    ],
    "roc_auc": 0.7576960784313725
}