customer_age,tenure_months,monthly_charge,total_charges,avg_monthly_usage_gb,num_products,has_streaming,has_security_pack,support_tickets,late_payments,contract_type,payment_method,internet_service,region,is_promo
53,7,58.23,326.5,81.83,3,0,1,2,1,mensual,transferencia,cable,centro,1
53,56,56.75,3154.21,96.52,4,0,0,0,2,anual,debito,fibra,centro,0
73,48,78.84,3864.31,93.6,4,1,1,3,2,bianual,efectivo,movil,centro,1
25,32,79.74,2511.4,28.95,4,0,1,0,0,bianual,debito,movil,norte,0
61,32,55.37,1735.51,126.9,2,1,0,3,0,anual,efectivo,fibra,oeste,1
43,62,57.74,3649.57,130.85,2,1,0,1,0,anual,efectivo,movil,norte,1
22,7,74.74,462.38,110.71,1,1,0,1,0,mensual,debito,fibra,centro,0
68,51,50.1,2462.19,132.37,3,1,1,2,0,mensual,credito,cable,centro,0
18,15,57.61,823.89,132.91,2,0,1,1,1,anual,transferencia,cable,oeste,0
72,7,66.61,685.27,54.19,3,1,1,1,1,bianual,credito,movil,oeste,0
34,38,82.93,3257.01,134.43,3,0,1,2,0,bianual,efectivo,fibra,norte,0
29,71,54.12,4070.25,147.93,3,1,1,3,1,bianual,debito,fibra,oeste,0
36,53,31.84,1531.23,40.14,1,1,1,1,2,mensual,efectivo,ninguno,norte,0
75,55,30.5,1724.31,193.16,3,0,1,2,1,anual,credito,ninguno,centro,0
67,52,42.33,2156.47,58.21,1,1,1,3,0,anual,debito,movil,norte,0
46,57,41.36,2320.01,63.09,4,0,0,2,1,mensual,credito,fibra,sur,0
38,37,62.22,2117.26,130.1,1,0,1,1,0,mensual,debito,cable,centro,1
27,10,43.6,592.02,146.73,2,1,1,7,0,anual,credito,fibra,oeste,0
50,61,52.35,2998.68,158.88,2,0,0,3,1,mensual,debito,fibra,sur,0
63,33,51.07,1792.06,148.05,4,0,1,1,0,anual,transferencia,fibra,sur,0
24,37,57.07,2064.3,94.01,1,0,0,1,2,bianual,credito,movil,centro,1
23,27,88.81,2288.53,125.43,3,1,0,1,0,anual,credito,fibra,centro,0
65,14,76.92,962.24,104.17,4,1,0,2,0,mensual,efectivo,fibra,oeste,1
62,67,65.29,4380.44,128.71,4,1,1,0,0,mensual,efectivo,fibra,sur,1
44,57,56.7,3187.94,123.42,2,1,0,1,2,anual,transferencia,cable,norte,0
60,47,57.2,2688.94,94.75,2,1,0,3,1,anual,debito,movil,centro,0
49,29,70.9,1817.82,102.64,1,1,0,1,0,mensual,efectivo,fibra,centro,1
56,60,75.52,4283.41,27.39,2,1,1,1,0,mensual,debito,movil,oeste,0
29,40,48.66,1727.91,161.51,2,1,1,3,0,bianual,credito,fibra,norte,1
68,32,65.66,2197.4,134.88,4,0,0,1,0,mensual,efectivo,fibra,norte,1
66,33,28.43,1111.98,5.0,4,1,1,0,0,anual,debito,fibra,norte,0
68,17,68.81,1138.13,159.66,4,0,1,3,0,bianual,debito,cable,centro,0
28,7,78.72,640.33,117.35,2,1,1,1,0,anual,credito,ninguno,sur,0
44,40,59.96,2440.0,73.16,3,1,1,0,1,bianual,credito,movil,norte,0
35,64,97.7,6393.06,68.73,3,1,1,2,1,anual,credito,fibra,oeste,1
49,5,49.14,390.33,85.59,2,1,0,0,1,mensual,transferencia,ninguno,centro,1
44,62,68.91,4124.08,73.42,1,0,1,1,1,mensual,efectivo,cable,oeste,0
43,60,64.36,3884.71,80.14,2,1,0,0,0,mensual,efectivo,cable,norte,1
73,20,63.19,1366.6,205.03,3,1,1,2,1,mensual,debito,movil,sur,1
55,46,62.94,2998.52,138.56,1,0,1,2,1,anual,transferencia,movil,centro,0
76,12,66.93,895.18,221.8,1,0,0,2,0,mensual,transferencia,cable,norte,0
49,55,80.26,4410.37,131.29,1,1,1,2,1,mensual,debito,fibra,oeste,0
63,51,89.8,4660.98,148.96,4,1,1,5,1,anual,credito,fibra,oeste,1
36,26,64.96,1518.49,75.96,4,1,1,3,0,mensual,debito,movil,centro,0
46,5,79.68,233.81,111.6,1,0,0,4,1,mensual,debito,cable,oeste,1
43,70,52.37,3846.93,115.92,2,1,0,0,0,anual,debito,movil,oeste,1
64,33,78.79,2730.68,151.0,4,1,1,2,1,mensual,transferencia,movil,centro,1
52,65,51.28,3523.12,117.53,2,1,1,2,0,mensual,credito,movil,norte,1
37,49,84.63,4128.42,137.57,1,0,0,1,1,mensual,debito,fibra,norte,0
66,57,104.79,5855.71,135.78,3,0,0,4,0,anual,credito,fibra,sur,0
66,55,62.8,3431.57,104.86,3,1,0,0,0,anual,debito,fibra,oeste,0
26,15,25.53,615.51,99.72,3,1,0,0,0,anual,debito,fibra,centro,1
42,27,55.13,1387.89,86.55,2,0,0,3,0,mensual,efectivo,cable,oeste,0
52,34,87.17,2942.97,174.12,4,1,0,1,1,anual,credito,cable,centro,1
72,36,74.96,2844.69,104.88,1,1,0,2,1,mensual,transferencia,fibra,centro,0
75,4,69.48,287.58,136.44,2,0,1,1,0,anual,debito,cable,sur,0
33,40,83.16,3279.86,112.17,4,1,0,4,2,mensual,debito,fibra,centro,1
42,12,73.72,975.31,173.13,2,1,0,1,0,mensual,efectivo,cable,norte,1
26,54,86.92,4636.44,20.6,1,1,0,1,1,mensual,debito,cable,centro,0
22,50,81.55,4134.78,135.15,3,1,0,3,0,mensual,debito,fibra,centro,0
38,67,92.39,5900.42,57.25,3,1,0,2,1,mensual,transferencia,cable,sur,1
69,54,71.46,3648.67,139.54,3,1,1,1,1,mensual,credito,cable,centro,1
42,27,81.29,2166.79,112.67,2,0,1,1,1,bianual,efectivo,fibra,norte,0
30,70,59.47,4323.01,46.08,4,1,0,1,1,mensual,efectivo,fibra,centro,0
32,30,54.17,1605.44,136.88,3,1,1,3,1,anual,debito,fibra,centro,1
60,24,95.72,2291.02,131.21,3,0,1,0,0,mensual,debito,movil,sur,1
51,66,68.89,4576.71,108.44,3,1,1,2,1,mensual,credito,ninguno,centro,1
46,27,79.49,2096.83,114.77,4,0,1,1,0,bianual,debito,fibra,sur,0
40,6,67.23,210.28,128.08,3,1,1,3,0,mensual,credito,fibra,centro,1
75,34,54.44,1933.6,178.91,4,0,1,2,0,anual,credito,movil,norte,1
26,58,65.2,3813.5,104.28,2,1,1,2,1,anual,efectivo,cable,oeste,0
65,14,90.85,1313.03,170.65,1,1,1,1,0,mensual,efectivo,fibra,centro,0
78,34,74.99,2415.93,118.13,3,1,0,1,0,anual,debito,cable,oeste,0
66,10,34.19,525.08,184.79,2,1,0,2,1,anual,debito,movil,centro,0
50,50,61.13,3004.96,108.24,4,1,1,2,0,bianual,efectivo,fibra,norte,0
54,35,97.08,3569.45,86.68,1,1,0,2,0,mensual,debito,cable,centro,0
70,24,61.15,1214.44,65.12,4,1,1,2,2,mensual,debito,movil,centro,0
26,17,32.59,502.86,118.31,4,1,0,0,0,anual,debito,fibra,centro,1
67,41,99.07,4244.62,80.34,4,1,1,1,1,mensual,debito,ninguno,centro,0
28,49,77.28,3769.64,190.22,2,1,1,1,1,mensual,debito,ninguno,centro,1
26,68,63.74,4039.67,76.44,4,1,1,1,3,anual,debito,movil,centro,1
20,32,58.31,1750.73,85.5,3,1,0,4,2,mensual,debito,cable,centro,0
24,12,84.48,1047.4,149.05,1,0,0,2,0,bianual,transferencia,cable,norte,1
56,60,55.24,3486.67,179.29,2,0,0,2,2,bianual,debito,cable,centro,0
23,46,85.67,3906.3,156.55,3,1,1,1,0,mensual,transferencia,fibra,centro,1
60,51,74.76,3944.21,172.93,4,1,0,0,1,mensual,credito,fibra,centro,1
23,8,69.4,602.59,115.99,2,1,0,2,0,mensual,credito,fibra,norte,0
30,23,67.62,1505.84,116.69,2,0,0,0,1,mensual,efectivo,fibra,oeste,1
40,56,61.85,3558.04,220.59,3,1,1,1,1,mensual,credito,movil,oeste,1
70,60,83.82,5144.46,204.51,1,1,0,1,0,bianual,debito,movil,norte,1
27,32,49.42,1546.95,155.71,4,1,0,0,1,mensual,credito,fibra,oeste,1
39,58,35.81,1990.65,175.33,2,0,0,1,4,mensual,debito,cable,oeste,1
24,61,76.06,4445.6,162.93,3,1,0,1,1,mensual,debito,cable,centro,1
31,28,76.36,2188.21,59.7,2,0,0,4,0,mensual,efectivo,cable,oeste,1
50,65,73.64,4717.44,118.02,2,1,1,0,1,anual,efectivo,cable,centro,1
63,21,72.34,1581.82,194.84,2,1,0,2,1,anual,credito,fibra,norte,1
50,18,59.23,1101.27,156.02,4,1,1,1,1,mensual,credito,fibra,norte,0
56,50,79.17,4000.76,116.82,2,1,0,1,2,mensual,credito,fibra,norte,1
39,46,64.18,2932.57,195.44,4,1,1,3,0,bianual,debito,ninguno,sur,1
30,11,56.23,465.47,138.47,1,0,0,0,0,anual,debito,ninguno,norte,0
58,60,59.39,3620.13,157.78,2,1,1,2,1,mensual,credito,cable,norte,1
68,15,101.37,1621.11,138.73,1,1,0,0,1,mensual,debito,cable,centro,0
54,58,33.77,2237.67,147.06,2,1,0,2,0,mensual,debito,cable,sur,0
24,1,74.0,50.0,150.63,4,0,0,4,2,mensual,credito,fibra,norte,1
78,58,34.78,1891.56,184.98,3,1,1,3,0,mensual,credito,fibra,centro,0
29,57,63.05,3453.76,191.5,1,0,0,1,0,anual,debito,fibra,centro,1
51,57,57.19,3253.83,97.45,3,1,1,5,2,mensual,efectivo,fibra,centro,1
64,48,27.47,1414.89,137.78,2,1,0,3,2,anual,transferencia,ninguno,sur,1
77,34,72.0,2554.9,183.55,1,0,1,3,0,anual,credito,movil,centro,1
50,51,58.16,3154.43,113.42,1,0,0,1,0,anual,debito,cable,norte,0
73,20,27.21,590.45,54.56,2,0,1,0,2,anual,credito,movil,sur,1
44,57,80.11,4422.33,74.57,1,1,1,2,1,mensual,transferencia,cable,sur,0
22,41,90.83,3752.81,78.02,3,0,0,0,0,anual,credito,cable,centro,1
27,34,91.82,2869.98,97.09,3,1,0,0,2,anual,credito,movil,norte,1
73,37,71.46,2602.46,82.69,4,1,0,2,0,mensual,debito,fibra,oeste,1
23,41,65.83,2648.08,171.46,4,1,0,1,2,bianual,debito,fibra,norte,0
74,3,88.91,321.94,106.16,4,1,1,1,0,bianual,efectivo,cable,sur,1
44,11,95.28,1100.86,183.06,2,0,0,2,0,anual,debito,fibra,centro,0
76,18,85.4,1448.47,63.49,2,0,1,1,0,mensual,credito,cable,sur,1
78,9,48.05,347.28,102.33,3,1,0,2,0,anual,efectivo,movil,oeste,1
22,32,68.62,2203.57,125.21,2,1,1,4,2,mensual,debito,movil,centro,0
55,49,72.91,3629.76,160.53,4,1,1,3,0,mensual,efectivo,fibra,centro,1
19,48,32.43,1644.92,177.18,4,0,0,0,0,mensual,efectivo,fibra,oeste,0
37,34,73.45,2439.01,93.08,3,1,1,1,1,anual,transferencia,ninguno,norte,1
75,62,105.91,6560.52,169.67,2,0,0,1,0,anual,transferencia,movil,sur,0
78,41,76.52,3012.31,35.91,4,1,1,1,0,mensual,transferencia,fibra,sur,1
26,6,91.52,425.68,163.57,3,0,1,3,0,mensual,debito,movil,centro,0
78,56,68.29,3592.27,52.95,1,1,0,0,0,mensual,transferencia,movil,oeste,0
29,42,63.68,2598.64,142.33,1,1,1,1,0,mensual,debito,fibra,sur,0
38,46,71.86,3459.02,176.46,1,1,0,1,1,mensual,transferencia,fibra,norte,0
49,41,50.32,2233.15,164.36,1,0,1,6,1,mensual,credito,ninguno,centro,1
31,40,47.65,1974.09,38.04,2,0,0,4,1,mensual,transferencia,movil,centro,1
21,7,87.79,735.2,97.64,3,0,0,6,0,mensual,debito,cable,sur,0
29,41,89.7,3774.9,155.85,3,1,0,1,0,anual,debito,ninguno,norte,1
21,58,47.16,2756.09,154.41,2,1,1,1,1,mensual,transferencia,movil,norte,0
53,22,82.42,1520.91,133.8,2,0,1,1,0,anual,credito,fibra,norte,0
57,44,63.43,3062.79,9.92,3,1,1,3,0,mensual,credito,cable,sur,1
37,3,71.12,188.49,179.9,4,1,1,0,3,mensual,transferencia,movil,centro,0
69,26,73.28,1879.8,188.81,3,1,0,5,2,mensual,debito,fibra,sur,0
65,32,82.9,2828.09,128.19,1,1,1,3,1,mensual,debito,fibra,oeste,1
38,71,66.49,4739.96,131.43,2,1,0,0,3,mensual,debito,movil,sur,0
39,16,90.38,1748.26,145.15,4,1,0,2,1,anual,efectivo,movil,centro,0
42,20,70.57,1311.68,193.02,4,1,0,2,1,mensual,debito,fibra,norte,0
55,30,76.24,2411.57,132.53,2,1,1,2,2,mensual,credito,fibra,norte,0
69,72,50.0,3570.56,110.44,2,0,0,1,2,mensual,efectivo,movil,sur,1
33,62,103.86,6451.37,139.08,4,1,0,3,0,mensual,transferencia,fibra,centro,0
38,3,73.46,114.69,119.44,4,1,1,2,0,anual,transferencia,fibra,centro,0
47,17,77.83,1247.54,120.01,2,0,0,1,1,mensual,credito,movil,centro,1
33,60,36.05,2317.84,31.71,1,1,0,3,0,mensual,transferencia,movil,sur,1
58,5,50.19,313.1,146.14,3,0,0,1,0,anual,efectivo,fibra,centro,0
22,62,87.28,5462.16,178.57,3,1,1,2,0,mensual,efectivo,cable,oeste,1
78,21,70.16,1277.47,171.02,3,0,1,2,0,mensual,credito,fibra,norte,1
35,67,30.55,1854.34,167.55,4,1,1,3,1,anual,transferencia,fibra,norte,0
36,22,83.69,1730.46,117.35,2,1,1,5,2,mensual,transferencia,ninguno,centro,1
34,32,55.21,1719.2,127.28,4,0,1,3,0,bianual,transferencia,cable,centro,0
64,48,90.4,4326.87,179.57,4,0,1,1,1,anual,transferencia,cable,oeste,0
28,10,63.42,672.16,163.37,1,0,1,2,1,mensual,debito,fibra,centro,0
54,41,68.68,2938.56,194.32,3,0,0,0,0,mensual,transferencia,cable,norte,0
58,37,86.22,3366.57,86.36,1,1,0,1,1,mensual,credito,fibra,centro,0
64,57,48.85,2807.78,86.05,1,0,0,3,4,anual,debito,fibra,norte,0
50,72,47.13,3291.85,103.37,1,1,1,3,0,mensual,debito,cable,norte,0
55,48,61.46,3037.62,72.85,4,0,0,3,0,anual,debito,movil,norte,1
45,30,79.89,2418.81,53.93,4,1,1,1,1,mensual,credito,movil,oeste,0
24,30,41.04,1287.21,143.43,2,1,1,1,1,anual,debito,fibra,centro,1
18,31,34.98,1229.1,140.03,4,1,1,2,0,bianual,credito,cable,norte,1
32,59,79.83,4663.46,132.31,3,0,0,1,3,mensual,efectivo,fibra,sur,0
61,24,54.15,1474.34,137.69,1,1,0,1,0,mensual,debito,cable,oeste,0
61,13,57.94,582.25,46.81,2,0,1,2,2,mensual,debito,movil,centro,0
54,25,31.58,876.92,96.0,3,1,1,1,1,mensual,debito,movil,sur,0
63,2,52.78,50.0,105.33,3,1,1,3,1,mensual,transferencia,fibra,oeste,1
66,8,64.86,545.83,122.43,3,1,0,0,1,anual,debito,movil,centro,0
56,7,81.75,611.71,47.01,3,1,1,3,2,anual,debito,fibra,centro,0
47,56,51.12,2820.63,73.61,3,1,1,2,0,bianual,debito,fibra,centro,1
30,53,94.83,4949.04,98.18,4,0,1,1,1,anual,debito,fibra,centro,0
25,51,52.68,2584.74,172.91,3,1,1,2,1,anual,transferencia,fibra,sur,0
24,34,52.7,1826.23,133.09,2,0,0,0,0,mensual,transferencia,cable,norte,0
24,52,92.67,4894.96,171.08,1,0,1,2,1,mensual,debito,fibra,centro,0
62,12,68.81,1044.19,113.88,1,1,1,2,2,anual,credito,cable,centro,1
59,65,55.06,3548.2,120.05,2,0,0,2,0,anual,credito,fibra,centro,1
56,37,62.21,2117.53,144.95,2,0,1,2,0,anual,efectivo,cable,oeste,1
49,68,89.36,6133.17,111.14,1,0,0,3,1,mensual,transferencia,fibra,centro,1
52,11,91.39,796.57,88.76,3,1,1,3,1,mensual,transferencia,fibra,centro,1
33,36,50.3,2003.01,45.51,2,0,0,2,0,mensual,efectivo,cable,centro,0
19,51,64.24,3367.2,90.1,2,1,1,2,0,mensual,credito,fibra,norte,0
68,36,66.62,2277.3,161.81,3,0,0,1,2,mensual,debito,fibra,sur,1
55,33,47.25,1369.04,183.03,4,1,1,2,0,mensual,transferencia,movil,centro,1
75,12,64.0,664.58,81.34,3,0,1,1,0,mensual,debito,fibra,centro,1
65,28,65.1,1886.53,33.31,4,1,0,1,1,mensual,credito,movil,centro,0
41,18,85.52,1447.05,166.33,3,1,0,2,2,mensual,transferencia,fibra,norte,0
46,22,86.73,1997.27,123.46,4,1,1,4,1,bianual,credito,movil,centro,0
41,50,59.07,3066.06,52.65,2,1,1,1,1,bianual,credito,fibra,oeste,0
21,46,61.15,2744.31,5.0,1,0,1,2,2,mensual,credito,ninguno,centro,0
30,44,76.96,3492.27,71.83,1,0,0,1,3,anual,debito,fibra,norte,0
35,27,54.47,1615.65,96.85,1,1,1,3,3,mensual,debito,ninguno,centro,0
72,70,75.6,5359.89,62.42,2,1,1,3,2,bianual,credito,fibra,oeste,0
28,7,63.42,509.37,154.6,2,1,0,1,1,anual,debito,cable,norte,1
20,25,47.55,1121.27,79.37,3,0,0,3,1,mensual,efectivo,fibra,centro,1
55,9,47.78,673.7,120.62,4,1,1,1,0,mensual,credito,fibra,centro,0
36,25,91.05,2158.43,238.67,1,0,0,2,0,bianual,efectivo,fibra,norte,1
25,70,62.18,4299.48,125.87,4,0,0,2,0,bianual,efectivo,fibra,sur,1
41,27,94.53,2664.94,114.22,3,1,1,3,0,mensual,credito,fibra,sur,0
20,66,55.75,3634.37,115.35,1,1,1,1,0,anual,credito,cable,centro,1
45,36,70.24,2492.63,153.45,4,0,1,4,0,mensual,efectivo,cable,centro,0
67,51,108.07,5348.23,147.25,2,1,1,1,1,anual,debito,cable,norte,0
52,33,45.97,1460.7,69.82,3,0,0,0,0,mensual,credito,fibra,norte,0
74,20,30.84,906.54,99.44,4,1,1,2,0,mensual,debito,cable,centro,1
78,56,88.16,4893.79,86.63,1,0,0,1,0,mensual,transferencia,movil,norte,0
69,70,50.12,3661.88,105.87,1,0,1,1,0,anual,transferencia,fibra,centro,0
64,19,64.63,1168.07,211.33,1,1,0,4,2,mensual,credito,movil,centro,1
53,57,54.45,2975.76,150.87,3,0,0,1,1,anual,credito,fibra,sur,1
23,19,69.83,1233.25,116.01,4,1,0,0,2,bianual,credito,fibra,oeste,1
39,52,47.89,2577.31,182.23,3,1,0,3,0,mensual,credito,movil,centro,0
73,57,61.76,3258.42,129.42,3,0,0,2,1,bianual,credito,cable,oeste,1
22,33,73.1,2616.86,38.1,1,1,1,2,0,anual,efectivo,cable,norte,0
65,54,46.85,2587.16,203.2,2,1,1,1,1,anual,debito,fibra,oeste,1
41,20,52.4,1003.14,112.18,2,0,0,2,0,mensual,debito,cable,centro,0
74,6,58.75,257.28,7.2,2,0,1,2,1,mensual,debito,cable,oeste,1
29,7,39.28,212.36,40.02,4,0,1,1,0,bianual,transferencia,ninguno,centro,0
44,33,57.39,2031.95,176.38,2,1,0,3,1,anual,efectivo,movil,oeste,0
67,65,67.14,4174.77,40.83,1,1,0,0,1,anual,debito,fibra,sur,1
43,10,57.81,571.48,187.46,2,1,1,4,2,mensual,credito,fibra,centro,1
68,33,60.12,2119.44,124.05,3,1,0,0,0,mensual,efectivo,cable,norte,0
40,51,64.64,3053.52,155.69,2,1,1,0,1,mensual,debito,cable,centro,1
46,15,53.2,722.6,107.16,4,1,1,1,1,anual,transferencia,fibra,sur,0
61,52,77.44,3845.26,146.17,4,1,1,1,0,bianual,efectivo,movil,oeste,0
36,23,90.85,1934.89,135.83,2,1,1,3,1,mensual,transferencia,cable,centro,0
67,59,56.64,3367.74,118.07,4,1,1,2,0,mensual,debito,fibra,centro,0
60,42,73.73,3174.57,66.73,2,1,1,2,0,mensual,credito,fibra,oeste,0
71,40,60.69,2378.41,137.93,4,1,0,5,2,mensual,debito,cable,oeste,0
56,13,71.58,750.62,29.15,3,1,0,2,0,mensual,debito,movil,oeste,0
70,34,93.18,3064.23,166.58,1,1,1,0,0,mensual,debito,fibra,norte,0
53,62,74.16,4645.55,129.85,2,0,1,3,0,anual,debito,fibra,oeste,0
46,2,33.08,61.88,143.21,3,1,1,3,0,mensual,efectivo,fibra,sur,0
74,55,73.17,3882.72,5.0,2,1,1,2,1,bianual,credito,fibra,oeste,0
44,36,87.19,3080.29,63.71,4,1,1,1,0,bianual,debito,cable,centro,1
35,52,61.01,3266.1,94.71,2,0,1,0,0,mensual,credito,fibra,centro,0
67,48,82.92,4004.27,153.68,4,1,0,2,0,anual,credito,movil,sur,0
38,32,52.58,1557.11,72.86,4,0,0,2,1,mensual,debito,fibra,norte,0
19,23,38.26,910.62,247.4,1,1,1,1,0,mensual,debito,movil,centro,0
21,46,67.54,3039.41,106.83,3,1,1,3,1,mensual,credito,movil,norte,1
62,11,33.38,289.66,69.2,3,0,0,0,2,mensual,transferencia,fibra,centro,1
31,43,60.68,2625.08,110.66,1,1,0,2,0,anual,debito,movil,norte,0
41,7,88.16,485.35,72.45,3,1,1,1,1,anual,transferencia,cable,norte,0
46,47,30.62,1386.3,60.78,2,1,0,1,0,anual,credito,movil,sur,0
41,46,41.97,2056.26,170.55,4,1,0,2,1,anual,credito,fibra,norte,1
68,7,46.42,621.29,145.66,4,1,0,3,1,anual,debito,movil,norte,0
69,55,63.86,3306.7,145.81,1,1,1,1,0,anual,credito,cable,centro,0
29,30,58.42,1647.24,183.84,4,1,0,3,0,bianual,credito,fibra,sur,1
21,57,90.18,5275.89,144.33,4,1,0,1,0,anual,debito,ninguno,sur,1
49,3,82.18,95.87,66.63,2,1,0,1,1,mensual,transferencia,ninguno,sur,0
69,13,73.91,945.49,155.43,4,1,1,2,0,mensual,credito,fibra,centro,0
36,36,67.62,2649.97,63.67,3,0,1,3,0,mensual,debito,cable,norte,0
42,14,72.08,921.77,96.1,3,1,1,1,0,mensual,debito,ninguno,centro,0
65,24,49.48,1157.36,117.71,1,0,0,0,0,anual,debito,cable,centro,0
44,48,80.43,3706.12,112.64,2,0,1,1,1,bianual,efectivo,cable,norte,1
56,11,44.98,577.13,30.44,1,1,1,2,1,bianual,debito,fibra,oeste,0
71,49,80.04,3707.29,71.62,2,1,0,2,0,mensual,credito,fibra,centro,0
21,8,86.35,607.84,118.87,4,1,1,2,2,mensual,transferencia,cable,oeste,1
21,13,68.8,738.69,89.47,1,1,0,3,0,mensual,debito,cable,sur,1
27,43,61.83,2620.14,176.31,3,1,0,0,1,anual,credito,cable,centro,1
49,58,72.21,4410.85,184.87,4,0,1,0,0,anual,credito,cable,centro,0
64,13,15.0,241.33,63.98,1,1,1,3,0,anual,efectivo,fibra,sur,1
25,22,70.44,1578.32,122.99,1,1,1,3,0,bianual,credito,movil,oeste,0
59,67,62.96,4253.79,199.14,2,0,0,1,1,mensual,debito,fibra,centro,0
23,72,64.09,4611.72,113.29,2,0,1,0,0,mensual,debito,cable,centro,1
25,42,77.72,3418.31,99.65,2,1,1,2,0,anual,credito,movil,oeste,0
74,33,63.65,2193.3,163.01,1,1,0,2,0,mensual,credito,movil,norte,1
36,25,44.48,955.86,106.29,4,1,1,2,2,mensual,efectivo,fibra,centro,1
43,45,62.45,2927.23,183.54,1,1,1,2,1,mensual,debito,movil,sur,1
34,43,66.22,2875.69,90.26,1,1,0,2,1,anual,debito,fibra,oeste,0
38,22,67.07,1530.13,96.27,1,0,0,3,0,bianual,credito,fibra,centro,0
46,2,67.91,50.0,159.51,3,0,1,2,0,mensual,debito,movil,oeste,1
30,11,83.71,920.9,125.03,1,1,1,1,1,mensual,credito,fibra,norte,0
19,70,45.45,3164.83,125.42,4,1,1,3,0,bianual,debito,fibra,sur,0
60,31,68.16,2029.8,24.53,2,0,0,2,2,mensual,transferencia,ninguno,centro,0
50,35,88.22,3216.48,102.33,4,1,1,2,0,anual,debito,fibra,sur,0
51,34,33.78,952.23,163.2,1,1,1,4,1,bianual,credito,movil,norte,0
28,57,68.23,4252.35,80.81,4,1,1,1,0,mensual,credito,cable,centro,0
61,5,54.46,138.17,155.03,1,1,1,4,0,mensual,debito,fibra,norte,1
62,6,58.33,406.4,133.4,3,0,0,4,0,mensual,credito,cable,centro,0
47,20,48.71,999.92,110.01,1,0,1,2,2,mensual,credito,fibra,oeste,1
51,36,61.95,2370.39,187.89,2,1,1,4,2,mensual,transferencia,movil,centro,1
41,49,98.14,5009.4,103.01,3,1,0,2,0,mensual,credito,movil,centro,1
66,36,42.24,1468.42,106.49,1,1,1,3,0,mensual,credito,fibra,norte,0
73,32,43.95,1427.5,109.44,4,1,0,2,1,anual,credito,cable,norte,1
56,68,41.57,2775.5,124.03,4,1,1,0,0,mensual,credito,cable,norte,0
24,12,96.09,1037.06,158.35,3,1,0,0,0,mensual,transferencia,movil,centro,1
73,42,56.68,2384.65,46.37,1,1,1,4,0,mensual,debito,fibra,norte,1
51,40,64.54,2578.34,163.4,3,0,0,2,0,anual,credito,fibra,oeste,1
76,35,57.75,2022.59,123.4,2,0,1,2,0,mensual,efectivo,fibra,sur,0
62,59,48.0,2786.6,147.7,3,0,0,2,0,mensual,credito,cable,oeste,0
55,20,60.77,1256.23,239.59,1,0,0,2,0,bianual,credito,fibra,norte,1
37,69,109.25,7632.07,94.42,3,1,0,2,2,anual,transferencia,cable,centro,0
56,24,90.06,2016.73,58.77,2,0,0,0,0,anual,credito,ninguno,oeste,0
31,40,49.65,2060.03,129.69,3,1,1,2,0,anual,credito,fibra,sur,0
39,38,76.66,3100.46,137.61,2,1,1,6,0,mensual,debito,cable,oeste,0
57,62,50.03,2948.77,163.58,2,0,1,3,1,mensual,debito,fibra,norte,1
74,32,33.03,1075.53,93.08,2,0,1,2,1,mensual,debito,cable,norte,0
50,21,83.35,1804.88,78.49,4,0,1,2,4,anual,transferencia,fibra,oeste,1
67,2,85.88,265.76,43.35,2,1,1,0,0,bianual,credito,movil,sur,1
44,27,83.83,2370.99,51.63,3,1,0,1,1,anual,efectivo,fibra,norte,1
33,60,56.54,3536.93,99.2,3,1,1,2,1,mensual,debito,ninguno,sur,0
23,1,62.0,78.31,114.17,3,0,0,1,1,anual,debito,fibra,oeste,1
34,65,78.5,4982.82,223.26,4,1,0,0,0,anual,credito,movil,oeste,1
24,40,72.05,2839.04,35.37,1,1,1,5,1,mensual,debito,fibra,norte,0
63,11,57.91,810.21,136.77,3,1,1,2,0,mensual,credito,fibra,sur,0
24,22,35.86,683.36,83.7,4,1,0,4,1,mensual,debito,movil,centro,0
39,40,67.05,2744.26,131.14,4,0,1,0,1,mensual,debito,fibra,centro,0
71,23,84.42,2043.08,92.34,2,1,0,2,0,anual,credito,cable,norte,1
68,8,43.44,420.97,171.77,1,1,1,0,2,mensual,credito,movil,norte,0
68,48,76.5,3783.53,171.46,2,0,0,1,3,anual,debito,fibra,centro,1
73,49,70.97,3473.72,114.34,2,0,1,2,0,mensual,debito,fibra,norte,1
49,9,78.5,694.33,191.96,2,1,0,1,1,mensual,debito,movil,centro,0
25,21,80.7,1912.61,158.01,1,1,0,3,0,anual,debito,cable,centro,0
31,18,52.5,1181.69,189.63,4,1,0,3,0,anual,efectivo,movil,centro,1
49,48,35.89,1896.29,117.84,3,1,0,1,0,anual,transferencia,movil,centro,1
30,53,55.4,3002.11,167.59,2,1,0,1,1,anual,debito,movil,centro,1
72,53,81.0,4223.88,81.59,4,0,0,3,0,anual,credito,cable,centro,0
44,68,55.24,3772.71,76.52,4,1,1,0,0,mensual,debito,fibra,oeste,0
51,56,52.51,2925.05,228.99,1,0,0,4,1,anual,debito,movil,centro,1
24,24,32.22,905.37,65.71,1,1,1,1,0,mensual,efectivo,movil,sur,0
26,8,96.55,819.25,98.19,3,1,0,2,3,anual,debito,cable,centro,0
66,45,79.86,3663.75,25.1,4,1,0,1,1,anual,transferencia,movil,sur,1
66,66,78.86,5200.76,77.71,4,0,1,1,1,mensual,transferencia,fibra,norte,0
54,71,82.42,5552.48,70.29,4,1,0,1,2,mensual,transferencia,fibra,centro,1
30,17,75.38,1438.95,86.49,1,1,1,0,0,anual,credito,fibra,oeste,0
46,18,60.6,1083.07,134.99,1,0,0,2,0,mensual,debito,cable,centro,0
48,3,62.05,302.32,147.05,2,1,0,3,1,anual,transferencia,fibra,centro,1
33,11,57.3,589.72,69.66,3,1,1,4,1,bianual,transferencia,fibra,centro,0
77,40,112.43,4691.87,80.52,1,1,1,1,1,mensual,credito,cable,centro,1
44,40,75.01,2936.22,174.18,1,1,1,2,1,anual,debito,fibra,sur,1
72,27,56.65,1521.02,205.26,2,1,0,2,1,bianual,debito,cable,norte,0
49,23,73.38,1689.66,182.8,3,0,1,2,1,mensual,debito,fibra,norte,1
55,60,46.8,2627.0,37.68,4,1,1,2,0,mensual,debito,fibra,oeste,0
77,34,92.08,3179.97,179.47,4,1,0,5,1,anual,credito,cable,sur,0
27,59,53.1,3232.19,212.68,2,0,0,2,3,anual,transferencia,fibra,centro,0
53,70,74.02,5231.77,35.2,2,1,1,1,0,anual,credito,fibra,centro,0
41,23,84.19,2214.46,174.14,4,1,0,0,1,anual,credito,fibra,norte,1
29,15,71.93,972.02,131.26,1,0,0,2,1,anual,transferencia,ninguno,norte,1
32,69,66.7,4395.34,103.64,4,0,0,0,0,mensual,credito,fibra,oeste,1
29,46,65.19,2855.79,125.31,1,1,0,2,1,mensual,credito,fibra,sur,0
59,21,63.98,1353.67,142.16,2,1,0,2,0,anual,transferencia,movil,sur,0
56,45,54.62,2601.77,177.88,1,0,0,1,0,mensual,debito,fibra,norte,1
64,38,56.91,2183.52,175.3,2,1,0,2,3,bianual,efectivo,cable,norte,0
67,66,91.63,5988.39,44.65,1,0,0,3,0,mensual,debito,movil,centro,1
56,19,63.05,1377.6,87.57,3,1,1,2,0,mensual,credito,fibra,oeste,0
37,72,50.86,3648.04,124.68,2,1,1,3,0,anual,credito,ninguno,sur,0
55,68,55.71,3623.43,198.61,3,0,1,1,0,mensual,credito,cable,sur,0
55,14,84.81,1307.19,5.0,3,1,0,1,0,mensual,credito,movil,centro,0
37,12,77.16,1003.33,89.46,3,0,0,0,0,bianual,debito,movil,norte,0
71,39,75.09,2957.02,43.61,3,1,1,2,1,anual,transferencia,movil,sur,0
45,4,60.36,436.03,51.53,2,1,1,0,1,mensual,credito,fibra,centro,0
47,22,75.32,1644.52,169.29,3,0,1,3,1,mensual,credito,cable,centro,0
77,32,53.42,1743.03,93.41,4,1,1,3,2,anual,transferencia,fibra,oeste,0
46,70,60.33,4106.01,5.0,1,1,0,2,0,mensual,credito,cable,centro,0
73,72,82.46,5852.66,112.08,1,1,0,2,2,mensual,transferencia,movil,sur,0
39,11,80.74,831.28,221.79,4,1,0,3,0,mensual,debito,fibra,centro,1
61,65,47.33,3159.62,29.67,3,1,0,1,2,anual,debito,cable,norte,0
76,7,49.6,266.07,146.65,3,0,1,1,0,mensual,debito,cable,norte,0
70,54,66.96,3604.25,198.39,1,1,0,2,2,anual,efectivo,fibra,sur,1
28,61,96.07,5833.52,117.53,2,1,1,2,0,mensual,transferencia,cable,norte,0
61,65,30.52,1977.48,216.4,3,1,1,1,1,anual,transferencia,fibra,centro,0
30,17,70.01,1098.45,87.01,4,1,1,2,1,mensual,credito,cable,sur,0
56,65,40.23,2590.11,192.3,1,0,1,2,0,mensual,debito,fibra,oeste,0
63,9,53.58,343.91,180.5,3,1,0,2,1,anual,credito,movil,norte,0
64,38,58.44,2215.96,118.37,1,1,0,1,1,mensual,credito,fibra,centro,1
70,34,57.43,1949.24,45.64,4,1,1,1,0,bianual,debito,cable,centro,0
33,23,55.39,1282.68,69.91,1,1,0,2,1,anual,credito,cable,oeste,0
27,2,65.13,197.39,5.0,3,1,1,3,2,mensual,transferencia,fibra,centro,1
76,56,55.37,3317.82,149.71,4,1,0,3,1,anual,debito,cable,centro,0
57,25,38.68,767.95,143.72,2,1,1,1,1,bianual,transferencia,movil,sur,1
44,48,79.04,3749.41,123.96,1,1,0,2,1,mensual,credito,fibra,norte,0
44,30,78.55,2246.93,113.86,3,1,1,0,1,mensual,debito,cable,sur,1
20,27,80.18,2202.26,187.88,2,1,1,5,0,anual,debito,fibra,centro,1
78,64,37.27,2470.23,134.89,3,1,0,3,0,mensual,credito,cable,sur,1
29,7,70.38,347.07,92.27,2,1,1,0,0,anual,transferencia,movil,norte,0
60,54,77.17,4205.36,127.36,2,0,1,2,0,mensual,credito,cable,norte,0
58,54,46.44,2611.61,222.38,1,1,0,2,0,anual,debito,fibra,centro,0
76,28,65.17,1875.76,151.11,2,0,1,0,1,mensual,debito,fibra,sur,0
58,19,62.91,1154.77,100.5,4,1,1,0,0,mensual,transferencia,cable,centro,0
74,1,98.16,179.28,117.78,4,1,0,2,2,bianual,credito,fibra,centro,0
51,68,99.64,6744.92,143.17,1,1,0,1,0,mensual,credito,cable,oeste,0
50,69,35.04,2526.42,98.95,1,1,1,0,0,mensual,debito,cable,oeste,0
48,18,109.89,2020.33,94.52,4,1,1,1,1,anual,transferencia,movil,norte,1
74,3,48.53,122.99,119.43,4,0,1,1,2,mensual,debito,fibra,norte,0
56,9,82.65,592.9,195.95,1,1,0,2,2,mensual,debito,cable,sur,1
73,5,82.47,414.41,159.55,2,0,1,0,2,anual,credito,fibra,oeste,0
62,60,47.08,2696.2,99.52,2,0,0,0,0,bianual,transferencia,fibra,norte,1
51,65,73.88,4671.76,163.45,4,0,0,2,0,mensual,efectivo,cable,sur,0
30,12,63.06,714.96,120.43,4,1,0,2,0,bianual,efectivo,cable,norte,0
57,54,74.98,4039.79,137.23,4,1,0,0,2,anual,credito,cable,centro,1
30,13,69.15,755.62,132.68,1,1,1,1,0,mensual,credito,movil,norte,0
62,27,86.53,2316.48,14.49,3,1,1,1,0,anual,credito,fibra,centro,0
20,44,66.36,2891.31,5.0,4,0,1,4,2,mensual,credito,fibra,centro,1
43,52,61.98,3150.98,131.33,2,0,0,3,0,anual,debito,fibra,oeste,0
54,63,84.73,5307.19,77.36,2,0,0,1,3,anual,transferencia,fibra,oeste,1
40,4,75.45,379.16,38.04,2,1,1,2,0,mensual,efectivo,fibra,centro,0
40,15,78.17,1126.03,78.9,2,0,1,2,1,mensual,debito,cable,sur,0
21,21,53.04,1183.61,166.23,2,1,0,2,2,mensual,debito,cable,norte,1
75,23,46.19,1052.8,137.89,1,1,1,0,1,mensual,debito,fibra,norte,0
20,72,54.78,4066.38,158.59,4,1,0,1,1,bianual,credito,cable,centro,1
38,56,53.83,3111.89,142.65,1,1,0,2,1,anual,credito,fibra,norte,1
72,24,79.15,1874.1,74.06,1,0,1,4,2,anual,credito,fibra,sur,0
52,70,82.57,5698.2,158.83,4,1,0,3,2,mensual,credito,cable,norte,0
47,36,62.21,2297.76,149.29,1,0,0,1,0,mensual,transferencia,movil,norte,0
39,37,90.76,3295.17,114.13,1,1,1,0,2,anual,debito,movil,sur,1
21,32,89.63,2680.09,122.94,3,1,0,1,0,mensual,transferencia,fibra,sur,0
39,11,69.38,851.44,159.62,2,0,1,1,2,mensual,transferencia,fibra,norte,0
50,68,50.21,3340.81,82.53,3,0,0,1,1,mensual,credito,cable,oeste,0
40,2,93.36,50.0,174.39,2,0,1,1,1,bianual,debito,movil,centro,1
46,13,63.9,821.53,148.25,1,0,0,3,0,anual,efectivo,fibra,sur,0
55,17,67.27,1255.92,120.11,2,0,1,0,2,mensual,credito,fibra,oeste,0
45,21,58.89,1165.93,196.56,2,0,0,4,3,bianual,debito,ninguno,centro,0
40,10,48.98,448.04,55.28,2,0,1,3,0,anual,debito,fibra,sur,0
70,2,38.56,136.96,96.99,3,0,1,1,2,anual,efectivo,ninguno,centro,0
27,49,76.39,3688.51,85.89,1,1,0,2,0,mensual,debito,cable,sur,0
50,70,50.9,3550.54,137.9,3,0,1,1,0,mensual,credito,cable,centro,0
28,9,120.07,1188.04,179.12,1,1,0,2,0,mensual,transferencia,fibra,norte,0
26,22,45.45,1081.2,70.85,3,1,0,4,1,anual,credito,movil,sur,0
50,37,42.37,1594.84,285.27,3,1,0,2,1,anual,credito,fibra,centro,1
20,67,74.18,4770.02,86.86,1,0,1,0,0,mensual,debito,fibra,oeste,0
44,50,92.53,4696.59,138.03,3,1,0,1,1,mensual,credito,fibra,centro,0
35,56,66.16,3657.54,120.13,4,0,1,1,0,mensual,debito,fibra,oeste,1
71,42,75.3,3221.36,122.31,4,0,1,1,0,bianual,debito,cable,sur,1
30,31,31.82,804.4,80.38,4,1,0,1,1,mensual,debito,fibra,oeste,0
20,15,52.8,904.53,173.38,3,0,0,8,1,anual,credito,cable,norte,1
22,63,45.67,2776.35,77.3,4,1,1,5,0,bianual,debito,cable,norte,0
34,58,30.89,1843.34,31.55,2,1,0,6,2,anual,credito,cable,centro,0
19,2,67.11,246.21,63.9,2,1,0,1,0,mensual,debito,cable,norte,1
60,52,24.63,1327.65,192.27,1,1,0,1,0,anual,credito,fibra,norte,0
20,7,41.2,334.74,182.52,2,1,0,2,0,bianual,debito,movil,centro,1
59,54,55.33,2998.41,19.64,3,0,1,2,1,anual,credito,fibra,sur,1
32,60,50.04,2856.03,160.69,4,1,0,1,0,mensual,transferencia,cable,oeste,0
22,10,72.14,880.45,20.9,2,1,1,0,1,mensual,debito,movil,oeste,0
41,32,70.5,2387.46,118.64,3,1,1,0,0,mensual,transferencia,movil,oeste,1
33,9,81.09,683.9,59.61,4,1,1,4,0,mensual,credito,fibra,centro,1
49,41,78.54,2808.79,164.54,1,0,1,3,1,anual,debito,fibra,sur,1
31,67,85.53,5851.31,147.73,1,1,0,0,0,mensual,debito,movil,oeste,0
74,6,64.97,171.33,168.98,3,0,0,2,0,anual,debito,movil,sur,0
76,29,70.46,2107.2,105.24,3,1,0,3,1,anual,transferencia,cable,sur,0
39,71,74.21,5181.48,110.43,1,0,1,1,1,mensual,debito,fibra,centro,0
74,22,67.55,1543.73,45.04,3,1,1,2,1,mensual,efectivo,fibra,centro,1
77,10,57.85,457.62,68.48,2,1,0,1,2,mensual,transferencia,ninguno,norte,0
77,36,59.02,2125.39,167.43,2,1,1,1,0,mensual,credito,fibra,norte,1
37,37,50.28,1655.6,138.36,2,1,0,3,1,bianual,efectivo,movil,norte,0
26,48,72.59,3486.15,125.22,2,1,1,1,0,mensual,debito,fibra,norte,1
57,23,63.31,1455.6,183.11,3,1,0,3,1,mensual,transferencia,movil,sur,0
60,69,53.06,3747.3,54.99,1,1,0,4,0,mensual,debito,fibra,oeste,0
47,38,53.08,1959.64,156.01,4,0,1,1,1,anual,credito,fibra,centro,0
49,21,43.21,941.37,61.04,2,1,1,0,1,anual,debito,fibra,norte,1
40,70,82.62,5735.81,193.89,4,1,1,2,1,bianual,transferencia,movil,norte,1
63,67,66.42,4504.57,147.22,1,0,0,3,1,mensual,credito,cable,oeste,0
68,36,49.47,1827.85,168.23,2,0,1,1,0,mensual,credito,cable,centro,1
30,2,79.55,264.66,84.92,2,0,0,1,1,anual,efectivo,ninguno,centro,0
71,43,54.91,2220.41,229.1,1,0,0,1,1,mensual,debito,fibra,oeste,0
19,40,39.68,1576.23,219.93,1,1,1,1,0,mensual,efectivo,movil,oeste,1
58,11,83.38,951.24,141.52,1,1,0,3,0,bianual,credito,fibra,norte,0
24,46,55.33,2763.5,178.76,4,0,1,2,0,anual,transferencia,fibra,centro,0
30,61,57.64,3753.96,104.91,1,1,0,1,0,mensual,credito,cable,centro,0
48,8,65.74,362.79,56.58,3,0,1,2,0,bianual,transferencia,ninguno,oeste,0
33,53,85.57,4461.43,159.79,1,1,0,1,0,mensual,efectivo,cable,centro,1
77,11,65.36,419.1,74.03,4,1,0,1,2,mensual,credito,fibra,centro,1
62,54,43.42,2608.23,185.51,1,0,0,4,0,mensual,transferencia,ninguno,sur,1
20,31,74.79,2356.6,172.39,4,0,1,1,0,mensual,efectivo,movil,sur,1
37,1,56.27,125.95,131.76,2,1,1,3,0,mensual,transferencia,movil,centro,0
53,70,98.98,6890.66,128.96,3,1,0,2,0,anual,efectivo,cable,norte,1
27,12,64.98,779.3,169.46,2,1,0,0,0,bianual,transferencia,fibra,centro,0
30,43,24.77,1200.63,133.73,3,1,1,3,2,anual,debito,fibra,centro,0
20,14,71.43,874.48,99.78,1,1,0,0,0,bianual,transferencia,cable,oeste,1
22,68,100.0,6664.51,44.27,2,1,0,2,0,mensual,credito,fibra,centro,0
76,54,93.37,5013.1,167.94,1,1,0,0,0,mensual,debito,cable,centro,0
56,58,97.96,5682.87,138.32,4,0,0,0,1,mensual,debito,cable,centro,1
35,32,46.64,1559.13,257.78,4,1,1,3,0,mensual,debito,cable,oeste,1
40,34,81.42,2770.64,115.2,3,1,0,2,0,mensual,transferencia,movil,sur,0
50,46,52.0,2290.61,135.1,3,0,0,1,1,mensual,transferencia,fibra,centro,0
63,57,69.04,3889.59,136.28,3,1,0,2,1,bianual,transferencia,fibra,oeste,1
35,61,42.09,2588.73,152.54,2,1,0,2,0,mensual,debito,fibra,norte,1
40,2,53.4,186.07,71.66,2,0,1,0,0,anual,debito,fibra,centro,0
48,48,52.83,2655.77,116.14,4,1,1,1,1,mensual,debito,fibra,norte,0
24,8,81.17,616.41,161.38,3,1,1,2,0,mensual,transferencia,fibra,sur,1
30,21,79.41,1582.71,103.36,1,0,1,1,0,anual,transferencia,fibra,oeste,1
62,60,69.98,4091.03,159.51,3,1,1,1,0,mensual,transferencia,fibra,norte,0
68,19,40.69,913.13,124.84,2,1,1,3,0,mensual,debito,ninguno,norte,1
57,58,59.39,3392.27,140.09,1,1,0,1,1,anual,transferencia,fibra,sur,1
74,34,51.57,1661.74,177.56,4,0,0,1,2,anual,credito,fibra,centro,0
73,17,80.65,1391.11,108.63,3,1,1,0,1,mensual,efectivo,movil,norte,0
57,25,86.21,2348.97,47.41,2,1,0,4,0,mensual,transferencia,fibra,centro,1
60,39,84.01,3165.47,106.68,2,1,1,4,1,mensual,credito,cable,centro,1
38,56,51.41,2949.91,78.72,1,0,1,1,0,mensual,transferencia,movil,centro,1
18,44,15.69,635.76,13.71,3,1,1,2,1,bianual,debito,cable,oeste,1
34,68,33.19,2270.25,114.67,4,0,1,0,0,mensual,transferencia,fibra,centro,0
68,63,90.59,5804.51,129.95,3,1,1,1,1,mensual,transferencia,fibra,norte,1
63,55,57.78,3323.82,171.04,1,0,1,6,0,anual,transferencia,ninguno,oeste,1
51,44,51.49,2202.01,63.03,3,1,0,1,0,anual,debito,movil,centro,0
52,21,94.57,2076.02,124.43,2,1,0,0,3,mensual,transferencia,movil,oeste,0
18,30,87.77,2661.59,176.4,3,1,1,1,0,anual,debito,fibra,oeste,1
29,9,65.44,637.29,91.27,2,0,0,2,0,anual,transferencia,fibra,norte,0
66,27,59.72,1760.72,146.81,2,1,1,3,1,mensual,efectivo,cable,sur,0
74,67,62.62,4110.27,199.89,2,1,0,4,1,mensual,debito,fibra,centro,0
65,31,69.09,2234.77,26.88,3,1,1,4,1,bianual,credito,ninguno,norte,0
30,9,93.8,863.02,133.63,4,1,1,4,0,mensual,credito,ninguno,sur,0
78,47,72.6,3554.26,178.14,4,1,0,0,0,mensual,transferencia,fibra,oeste,1
48,70,78.07,5514.11,102.46,1,1,1,2,2,anual,debito,fibra,centro,1
47,63,86.05,5403.02,189.34,1,0,1,2,1,mensual,efectivo,fibra,sur,1
43,20,43.95,983.55,151.71,4,1,1,2,0,mensual,efectivo,cable,norte,0
65,33,78.59,2525.33,208.47,4,0,0,0,0,mensual,transferencia,fibra,centro,0
60,39,59.7,2280.25,149.12,2,0,0,0,0,mensual,credito,cable,oeste,1
61,18,19.71,264.64,212.63,1,1,1,0,1,anual,credito,cable,oeste,0
18,20,26.69,458.59,135.0,1,1,1,2,0,mensual,debito,fibra,norte,0
48,18,46.67,511.84,51.61,2,0,0,0,0,mensual,transferencia,fibra,norte,0
26,72,74.56,5307.04,88.45,2,1,1,1,3,anual,debito,fibra,oeste,1
28,54,67.05,3611.88,170.92,1,0,0,2,0,anual,debito,cable,oeste,1
62,61,68.32,4258.76,169.93,4,0,1,7,0,mensual,debito,movil,norte,1
45,59,100.12,5796.57,104.47,4,1,0,5,1,mensual,transferencia,fibra,norte,1
73,70,42.16,2891.14,210.22,3,0,1,2,3,mensual,credito,movil,centro,0
27,8,64.51,494.92,102.3,1,0,0,2,0,bianual,transferencia,fibra,sur,1
75,64,70.48,4602.58,143.1,1,0,0,2,0,mensual,debito,cable,centro,0
36,5,51.75,280.34,141.71,3,1,1,1,0,mensual,credito,fibra,norte,1
57,35,65.51,2337.79,53.48,2,0,0,2,0,anual,credito,fibra,centro,0
71,43,36.2,1662.46,114.48,2,0,0,1,1,anual,credito,fibra,sur,0
26,26,90.38,2410.23,239.02,4,1,1,1,2,bianual,debito,movil,norte,1
33,11,52.73,507.69,73.89,2,1,0,1,0,mensual,credito,fibra,sur,0
36,14,101.57,1627.23,151.26,4,0,1,0,0,bianual,credito,fibra,norte,0
68,60,64.42,3636.98,62.28,4,1,1,2,0,mensual,efectivo,cable,centro,1
74,23,83.5,2028.3,73.37,3,1,0,2,2,anual,credito,cable,norte,0
19,23,64.04,1525.72,49.29,2,1,0,0,0,mensual,debito,fibra,norte,1
66,67,64.45,4467.46,167.05,4,0,1,1,3,bianual,debito,fibra,centro,0
47,11,54.49,571.41,76.43,1,0,0,2,1,bianual,debito,cable,centro,0
60,66,67.14,4371.68,183.37,4,0,0,2,1,anual,debito,fibra,centro,0
63,67,70.72,4606.0,93.43,2,1,1,2,0,anual,transferencia,fibra,sur,1
58,44,50.88,2111.1,126.4,4,1,1,2,0,mensual,transferencia,fibra,oeste,1
70,12,62.75,732.96,140.57,2,1,0,2,0,mensual,debito,cable,oeste,0
31,12,54.02,547.19,39.16,3,1,0,2,0,mensual,transferencia,ninguno,sur,0
19,21,106.39,2148.82,130.18,3,1,1,2,0,anual,debito,movil,centro,1
49,42,63.38,2534.73,137.49,2,1,1,0,2,mensual,transferencia,movil,centro,1
66,12,92.81,1237.79,177.0,1,0,0,3,1,mensual,debito,cable,oeste,0
31,33,61.48,1942.13,72.02,2,1,1,5,1,mensual,credito,fibra,oeste,1
72,9,69.67,675.24,79.15,3,1,1,1,0,anual,transferencia,ninguno,sur,1
25,39,41.22,1592.44,152.98,4,1,0,1,2,mensual,debito,fibra,sur,1
27,2,56.95,155.54,190.62,2,0,1,2,1,mensual,debito,movil,oeste,0
71,52,68.79,3545.6,90.37,4,1,1,0,2,mensual,transferencia,fibra,sur,0
21,4,93.55,467.19,58.24,4,0,1,3,1,mensual,transferencia,cable,centro,0
77,15,69.0,1108.63,104.16,1,1,1,0,0,mensual,efectivo,ninguno,norte,0
30,13,89.91,1313.96,69.33,2,1,0,2,2,mensual,credito,movil,sur,0
27,60,76.53,4512.5,139.89,3,1,1,1,1,anual,debito,movil,norte,0
32,4,94.29,275.55,66.01,1,1,0,1,0,mensual,credito,movil,norte,0
68,31,63.94,1935.48,168.65,2,0,0,1,1,bianual,transferencia,cable,sur,1
29,43,108.02,4658.47,130.63,4,1,1,0,0,mensual,debito,fibra,centro,0
55,38,56.26,2201.11,170.2,4,1,1,1,2,mensual,debito,cable,centro,0
54,50,51.2,2484.79,5.0,1,1,0,4,2,bianual,transferencia,fibra,centro,0
58,58,43.22,2530.75,32.09,3,1,0,0,0,bianual,transferencia,cable,oeste,0
33,29,106.96,3079.92,184.63,2,0,1,1,0,mensual,credito,fibra,norte,0
66,60,79.75,4753.06,84.02,4,0,1,3,0,mensual,transferencia,movil,centro,1
61,23,58.99,1355.72,46.68,4,1,1,2,0,mensual,debito,movil,norte,0
57,71,87.48,6391.2,109.87,4,1,0,0,0,anual,credito,fibra,sur,1
49,37,77.38,2957.93,132.12,4,1,0,0,1,mensual,transferencia,cable,sur,0
47,53,100.39,5446.56,112.1,3,0,1,1,1,mensual,debito,movil,oeste,0
45,64,37.14,2420.45,143.4,1,0,1,1,0,mensual,debito,movil,norte,1
71,58,60.22,3704.1,136.63,1,0,1,0,0,mensual,credito,fibra,sur,0
70,62,56.67,3620.32,134.01,4,1,1,4,0,bianual,debito,cable,norte,0
32,39,29.47,978.27,187.42,3,1,0,0,0,mensual,transferencia,fibra,sur,0
54,4,84.09,423.67,119.29,4,0,0,1,1,bianual,efectivo,movil,sur,0
62,36,60.13,2205.29,117.82,2,0,0,5,1,mensual,credito,movil,norte,0
34,14,78.31,1171.0,160.14,4,1,1,3,1,bianual,transferencia,fibra,centro,1
29,65,107.48,6806.2,147.63,1,1,1,1,1,anual,efectivo,fibra,centro,0
23,18,58.64,879.88,74.86,4,1,1,1,1,mensual,transferencia,fibra,centro,1
27,17,57.42,964.73,115.39,2,1,1,1,1,mensual,transferencia,fibra,oeste,0
50,18,67.14,997.82,141.91,1,0,0,1,1,mensual,debito,fibra,oeste,0
46,47,82.77,3974.59,90.66,4,1,1,0,2,anual,transferencia,movil,norte,0
63,42,54.8,2319.34,93.04,4,1,1,2,1,mensual,debito,fibra,sur,0
67,69,53.64,3934.89,50.43,4,1,0,0,0,anual,debito,cable,oeste,1
59,30,84.03,2565.85,5.0,1,1,0,3,0,bianual,credito,movil,centro,0
45,21,71.82,1591.48,101.3,2,1,1,3,0,mensual,debito,cable,sur,1
67,4,28.19,182.24,126.36,2,1,0,0,0,anual,debito,fibra,sur,0
72,1,42.94,52.36,65.23,2,0,1,0,1,bianual,credito,movil,oeste,0
65,27,92.02,2498.65,188.89,2,1,0,4,1,anual,debito,cable,oeste,1
57,67,72.23,4832.64,67.66,1,0,0,2,1,mensual,efectivo,fibra,sur,0
49,38,51.28,1662.25,165.63,2,0,1,1,0,mensual,efectivo,fibra,sur,0
35,65,61.93,4160.12,140.93,1,1,0,5,3,mensual,transferencia,movil,centro,1
34,8,65.24,657.78,228.82,1,1,0,3,3,mensual,debito,fibra,norte,0
73,7,78.24,651.34,146.99,3,0,0,1,0,mensual,credito,fibra,oeste,1
68,61,40.55,2484.2,47.69,1,0,0,3,0,bianual,debito,fibra,norte,1
71,8,49.86,382.67,172.72,3,1,0,1,1,mensual,credito,movil,centro,0
44,4,69.91,143.51,204.88,4,1,1,1,0,mensual,debito,cable,centro,0
64,30,63.2,1745.75,31.39,4,1,0,2,2,mensual,credito,movil,oeste,1
26,67,75.29,4973.15,151.96,3,0,0,2,1,bianual,debito,fibra,centro,1
72,50,42.87,2167.89,163.02,4,1,0,3,1,mensual,efectivo,movil,centro,1
72,8,71.43,616.26,109.36,2,1,1,1,0,mensual,debito,fibra,centro,1
55,61,84.65,5101.85,5.0,4,0,0,2,0,mensual,credito,ninguno,oeste,1
30,61,73.76,4342.92,105.2,4,1,1,1,0,mensual,debito,cable,norte,0
66,58,67.5,3835.01,90.95,4,0,1,2,1,mensual,credito,cable,centro,0
28,65,63.27,4098.24,196.49,4,0,0,5,0,anual,efectivo,movil,centro,0
21,18,49.97,712.06,115.57,3,1,0,4,0,anual,debito,ninguno,oeste,0
29,71,63.7,4544.66,99.38,1,1,1,1,0,mensual,debito,fibra,sur,0
46,24,87.67,2297.53,90.67,1,1,0,4,0,mensual,debito,fibra,oeste,0
30,58,62.86,3549.49,136.29,2,1,1,0,2,anual,credito,cable,centro,0
59,42,48.98,2311.47,122.84,2,1,1,1,0,mensual,credito,fibra,sur,0
34,57,56.14,3115.43,80.5,4,1,1,3,3,bianual,transferencia,fibra,oeste,0
65,46,68.62,3129.77,133.2,1,1,0,3,1,mensual,transferencia,fibra,norte,0
52,47,58.28,2797.15,92.14,3,0,0,0,1,mensual,debito,cable,oeste,1
56,45,73.74,3312.74,5.0,4,0,0,1,1,anual,efectivo,cable,centro,1
30,57,74.41,4037.93,153.4,2,1,0,2,1,mensual,transferencia,fibra,centro,1
54,54,81.0,4404.03,148.66,3,0,1,2,1,mensual,credito,cable,oeste,0
70,10,90.62,915.53,129.99,1,1,1,1,1,mensual,debito,fibra,oeste,0
52,60,82.93,4944.26,97.88,2,1,1,3,2,bianual,transferencia,ninguno,oeste,1
44,39,48.18,1887.62,116.4,4,1,1,1,0,mensual,credito,fibra,centro,0
53,24,48.74,1222.83,160.96,3,1,0,1,0,mensual,credito,movil,centro,0
46,38,63.64,2311.91,88.41,3,1,1,1,0,mensual,debito,ninguno,centro,1
18,70,56.88,4045.91,162.98,4,0,1,4,1,mensual,credito,cable,sur,0
60,62,44.51,2686.5,46.26,4,0,1,2,0,mensual,credito,cable,sur,1
48,61,57.05,3664.29,128.41,2,1,1,2,0,anual,debito,fibra,oeste,0
21,34,56.46,2044.46,121.29,3,1,0,1,0,bianual,efectivo,fibra,centro,0
71,57,52.91,2896.28,170.13,3,1,1,0,0,bianual,debito,fibra,norte,0
37,28,59.32,1808.56,74.05,2,1,1,2,1,mensual,debito,cable,oeste,0
65,50,86.21,4359.39,79.51,1,1,1,2,2,mensual,credito,ninguno,centro,0
59,47,68.59,3287.35,50.28,4,0,0,3,2,mensual,transferencia,fibra,oeste,0
51,18,109.49,1949.05,91.66,1,1,0,1,0,mensual,debito,cable,norte,1
41,20,68.07,1320.26,132.77,2,1,1,0,1,mensual,transferencia,cable,oeste,0
71,5,59.78,266.45,30.11,1,0,1,1,1,mensual,credito,fibra,sur,1
23,11,65.07,601.4,97.85,4,1,0,2,0,mensual,debito,cable,sur,1
29,32,69.62,2003.32,150.54,1,1,1,2,1,bianual,debito,cable,sur,0
47,35,72.83,2472.51,114.86,2,0,0,2,0,anual,credito,cable,centro,0
18,12,102.38,1151.44,123.76,4,1,1,2,1,bianual,credito,fibra,sur,1
31,31,49.78,1412.4,44.7,4,1,0,3,0,mensual,debito,cable,centro,0
25,44,80.46,3610.08,115.0,1,0,0,1,0,bianual,credito,cable,centro,1
71,17,68.74,1197.87,121.43,3,1,0,3,2,mensual,credito,fibra,centro,1
20,25,36.72,846.9,111.81,2,1,0,5,2,mensual,efectivo,cable,sur,0
25,27,78.87,2092.11,127.64,2,0,1,3,2,mensual,transferencia,cable,sur,1
70,37,87.82,3276.11,104.54,4,1,1,1,0,mensual,debito,cable,centro,0
22,27,49.57,1251.17,97.2,3,1,1,1,0,mensual,credito,cable,centro,0
34,54,64.84,3194.85,68.01,1,1,0,2,0,anual,debito,fibra,norte,0
52,24,33.94,958.13,168.72,4,1,1,4,2,mensual,credito,movil,centro,0
22,32,42.34,1341.13,58.67,2,1,1,1,2,bianual,debito,fibra,sur,1
30,28,83.86,2380.51,127.9,4,0,1,3,1,mensual,efectivo,cable,sur,0
74,14,56.6,813.04,210.66,4,1,1,5,1,anual,credito,fibra,oeste,0
70,50,45.04,2078.84,175.07,2,1,0,3,0,bianual,transferencia,cable,norte,0
57,17,69.13,1092.77,145.47,3,1,1,3,0,mensual,credito,movil,sur,0
28,22,55.6,1221.6,132.49,2,1,0,2,0,bianual,credito,cable,norte,0
76,58,56.53,3254.84,113.61,4,1,1,1,0,anual,debito,fibra,centro,0
46,69,78.31,5267.25,74.93,1,0,0,4,0,mensual,debito,cable,oeste,0
41,49,44.09,2201.52,107.31,3,1,0,2,1,anual,transferencia,fibra,centro,0
63,66,48.7,3282.51,148.74,1,0,0,0,1,anual,efectivo,cable,oeste,0
60,62,67.77,4156.06,139.49,3,1,1,1,3,mensual,debito,ninguno,centro,1
21,35,82.45,3006.05,159.44,4,1,1,2,1,mensual,credito,cable,norte,0
56,56,87.29,4952.19,180.98,4,1,0,3,0,mensual,debito,fibra,centro,0
78,24,53.03,1319.11,112.08,3,0,1,1,1,mensual,credito,fibra,norte,0
59,34,81.87,2723.65,129.59,4,1,1,3,0,bianual,transferencia,fibra,sur,0
64,39,50.89,1964.34,25.05,3,0,1,2,1,bianual,debito,cable,norte,0
59,70,97.87,6950.89,232.81,3,0,1,3,1,anual,debito,movil,norte,1
38,62,44.59,2590.66,99.31,3,1,1,2,0,mensual,transferencia,cable,norte,0
30,36,88.91,3034.63,152.58,2,1,0,1,0,mensual,debito,ninguno,sur,0
46,47,53.18,2450.53,99.27,1,0,1,2,0,mensual,debito,fibra,oeste,0
35,15,101.24,1516.17,98.11,1,1,1,3,2,mensual,credito,fibra,centro,1
27,58,75.64,4375.42,108.15,2,1,0,1,0,anual,transferencia,cable,norte,0
56,40,46.71,1931.05,57.74,2,0,1,3,1,mensual,efectivo,fibra,centro,1
42,39,55.6,2197.39,5.0,4,1,0,1,0,mensual,efectivo,fibra,norte,0
60,56,79.06,4429.86,177.98,4,0,0,2,0,mensual,credito,fibra,norte,0
37,46,83.95,3825.49,147.29,2,1,1,2,1,bianual,transferencia,cable,centro,0
30,6,63.73,480.39,74.21,3,1,1,1,0,mensual,credito,fibra,sur,0
36,21,65.8,1525.82,142.6,3,0,1,0,3,mensual,credito,ninguno,sur,1
18,13,78.65,986.92,161.2,1,0,1,0,2,mensual,debito,movil,sur,0
65,53,67.37,3617.33,85.35,2,0,1,3,0,mensual,debito,cable,centro,0
59,3,41.72,94.24,140.59,2,1,0,3,0,anual,credito,fibra,centro,0
66,15,50.37,610.39,170.34,1,1,0,3,2,anual,efectivo,fibra,centro,0
59,44,69.23,2846.06,48.08,1,1,0,4,2,anual,credito,cable,norte,0
40,51,86.88,4571.99,146.67,2,1,1,3,1,mensual,efectivo,fibra,norte,1
71,37,94.09,3577.29,138.22,4,1,0,0,3,bianual,debito,fibra,sur,0
25,62,79.03,4948.15,214.02,1,1,0,0,1,anual,debito,fibra,oeste,1
56,67,70.17,4821.18,147.85,3,0,1,0,1,bianual,efectivo,cable,centro,1
20,10,78.48,688.7,99.46,3,1,1,2,1,mensual,debito,cable,norte,0
63,69,53.0,3763.88,105.24,3,1,0,2,1,bianual,credito,cable,sur,1
76,45,62.24,2842.62,221.17,4,1,1,3,0,anual,debito,cable,sur,1
55,46,50.17,2256.11,102.26,2,0,0,1,0,mensual,transferencia,fibra,oeste,0
24,7,42.52,50.0,149.31,2,1,1,2,0,mensual,debito,fibra,oeste,1
22,45,71.0,3023.41,108.08,3,1,0,1,0,mensual,efectivo,fibra,norte,0
57,53,68.34,3828.38,174.06,4,0,1,3,0,anual,debito,cable,centro,0
47,42,77.38,3452.2,176.53,3,0,0,0,1,mensual,debito,fibra,sur,0
23,7,74.83,353.65,118.87,1,1,1,2,1,anual,transferencia,movil,sur,1
55,38,69.37,2396.44,99.66,2,1,1,1,3,anual,credito,fibra,centro,0
66,68,75.02,5257.72,98.47,3,1,0,2,1,anual,debito,fibra,centro,1
56,53,64.23,3394.47,33.64,4,1,1,2,1,mensual,credito,cable,centro,1
40,10,72.43,637.85,125.03,3,1,1,4,2,bianual,debito,fibra,sur,0
78,70,51.93,3487.04,124.02,3,1,1,2,1,mensual,debito,fibra,centro,1
38,70,71.65,4866.46,79.19,2,0,1,0,1,anual,debito,fibra,sur,1
78,13,77.03,1157.94,28.26,3,0,1,4,1,mensual,credito,cable,centro,0
19,58,52.95,3101.02,130.31,1,0,1,2,0,mensual,debito,fibra,norte,1
23,30,65.93,1762.82,136.63,1,1,1,1,2,mensual,transferencia,fibra,sur,0
76,43,53.78,2228.29,139.73,1,1,0,1,0,anual,transferencia,fibra,centro,1
26,33,55.52,2022.07,70.5,2,1,0,1,0,anual,debito,movil,oeste,0
47,57,44.75,2586.93,139.84,1,0,1,0,2,mensual,credito,movil,norte,1
58,72,87.78,6152.52,111.07,3,0,1,0,0,mensual,credito,fibra,centro,1
27,58,84.18,4804.47,163.22,4,1,0,2,0,anual,credito,ninguno,centro,0
28,68,74.67,5064.42,71.26,2,1,0,2,0,mensual,credito,fibra,centro,0
25,69,100.5,7048.44,177.51,1,1,1,0,0,mensual,credito,movil,norte,0
60,7,61.59,419.31,195.5,2,1,1,3,1,anual,debito,ninguno,centro,1
59,19,119.57,2437.1,125.8,1,0,1,1,1,mensual,credito,cable,sur,0
62,52,60.9,3198.3,140.18,3,1,1,1,1,mensual,debito,fibra,sur,1
30,43,69.59,2717.38,159.19,4,0,0,3,0,mensual,efectivo,movil,norte,0
72,4,57.84,295.54,68.71,2,1,1,1,0,anual,credito,fibra,centro,0
48,7,71.7,480.01,95.69,2,1,1,1,2,anual,credito,fibra,sur,0
33,38,80.04,2980.85,129.21,2,1,1,0,1,mensual,credito,movil,oeste,0
29,45,62.95,2880.07,221.34,2,1,1,1,0,mensual,debito,fibra,centro,1
42,13,96.98,1230.89,60.19,3,0,1,2,1,mensual,debito,cable,norte,0
41,13,69.3,925.05,201.89,2,0,0,2,1,mensual,debito,cable,sur,1
68,10,69.87,635.89,110.34,2,1,0,1,0,mensual,transferencia,movil,sur,1
64,41,48.64,1926.68,118.28,4,1,0,1,1,mensual,credito,cable,centro,0
57,1,72.53,205.39,180.9,4,1,1,3,2,anual,debito,movil,centro,0
19,42,62.59,2642.48,221.07,4,1,1,0,0,mensual,credito,fibra,sur,0
46,35,54.05,1940.89,141.14,2,1,1,2,0,bianual,credito,cable,norte,0
31,34,51.02,1665.35,178.24,4,1,0,1,1,bianual,credito,cable,sur,0
53,49,113.09,5669.1,73.98,2,1,0,2,1,mensual,debito,fibra,sur,0
74,38,60.26,2314.59,93.53,2,0,0,4,2,anual,efectivo,fibra,norte,0
72,53,38.77,2014.27,52.38,4,1,1,3,0,anual,credito,fibra,centro,0
58,56,52.43,3088.07,94.22,1,0,0,0,0,mensual,credito,fibra,oeste,1
30,67,64.07,4252.1,148.26,4,0,1,1,0,mensual,transferencia,cable,centro,0
71,58,74.84,4362.4,130.61,4,1,0,0,3,bianual,transferencia,fibra,norte,0
56,38,74.99,2705.32,206.36,4,1,0,2,2,mensual,credito,cable,oeste,1
19,36,77.18,2703.41,222.74,4,1,0,5,0,anual,debito,movil,centro,0
20,17,53.39,1000.82,113.17,4,1,0,3,0,anual,debito,cable,sur,1
71,44,71.13,3123.66,86.02,2,1,1,2,1,mensual,debito,movil,centro,1
24,11,49.23,552.59,178.0,3,1,0,1,0,mensual,transferencia,cable,norte,0
65,68,53.85,3651.02,183.21,3,0,1,3,1,bianual,credito,ninguno,norte,0
19,61,48.48,2951.41,142.06,2,0,0,1,3,mensual,debito,movil,centro,0
25,9,43.61,327.66,155.28,2,1,1,1,1,mensual,debito,fibra,norte,1
18,57,84.16,4740.64,147.46,4,0,0,3,3,mensual,credito,cable,centro,0
44,9,77.4,661.32,70.56,1,1,1,1,0,anual,credito,cable,centro,0
67,52,82.58,4259.36,59.07,1,1,1,2,0,anual,transferencia,movil,oeste,0
41,7,65.71,515.44,117.45,2,1,1,4,0,mensual,transferencia,fibra,sur,0
37,36,78.98,2894.76,109.95,4,0,1,2,0,anual,debito,cable,sur,0
70,48,33.3,1756.52,133.85,4,1,1,2,0,bianual,transferencia,movil,centro,0
52,53,80.54,4351.73,113.44,3,1,1,0,0,mensual,credito,ninguno,centro,0
58,31,68.19,2007.57,34.84,4,1,1,5,2,anual,credito,fibra,centro,0
62,67,76.29,5031.05,14.39,1,1,1,4,0,mensual,credito,cable,oeste,1
63,56,71.84,4134.7,156.87,1,0,1,2,0,mensual,transferencia,fibra,centro,1
27,15,47.23,787.66,86.86,3,1,1,2,0,mensual,debito,cable,oeste,0
73,49,38.04,1988.66,108.39,2,1,1,2,1,mensual,debito,fibra,sur,0
56,53,52.18,2765.06,92.1,4,1,0,0,1,bianual,debito,ninguno,centro,1
37,25,75.17,1848.07,74.35,1,1,1,2,0,mensual,transferencia,cable,oeste,0
57,54,77.42,4221.78,73.01,2,1,0,0,0,anual,transferencia,fibra,norte,0
22,65,40.38,2459.8,170.99,2,1,0,1,0,mensual,debito,fibra,sur,0
69,59,47.34,2769.33,108.04,3,1,1,1,0,mensual,debito,cable,centro,1
44,55,51.98,3094.01,151.74,2,0,0,2,1,bianual,debito,cable,centro,1
21,46,58.57,2654.61,158.45,4,1,0,1,0,anual,transferencia,cable,centro,1
75,20,40.48,807.73,135.83,1,0,1,1,0,mensual,credito,cable,oeste,0
44,58,39.4,2260.82,160.1,1,1,0,0,2,mensual,transferencia,cable,norte,0
59,27,50.21,1536.01,120.72,4,0,1,2,1,mensual,transferencia,fibra,oeste,0
63,39,66.55,2453.29,188.19,3,1,0,0,0,bianual,transferencia,fibra,centro,0
20,23,43.75,1087.2,161.17,4,0,1,5,2,mensual,credito,fibra,sur,0
41,23,62.92,1399.2,167.82,2,1,0,2,0,mensual,transferencia,fibra,norte,1
78,12,84.05,930.61,73.07,4,0,1,1,1,anual,credito,movil,centro,0
51,70,41.57,2708.78,133.16,2,0,0,0,0,bianual,transferencia,fibra,norte,0
50,11,61.28,879.82,28.25,3,0,0,1,0,mensual,credito,cable,centro,0
77,7,83.45,670.97,190.05,4,1,0,3,0,anual,efectivo,fibra,centro,1
42,68,57.47,3748.74,88.83,4,0,0,2,1,mensual,credito,fibra,oeste,0
45,40,54.67,2035.7,95.76,2,1,1,1,1,anual,transferencia,fibra,sur,0
48,32,85.94,2672.59,51.63,4,1,1,2,0,mensual,credito,fibra,centro,0
71,54,59.49,3272.38,118.19,2,1,0,1,0,bianual,efectivo,fibra,oeste,0
50,28,84.88,2361.24,106.59,3,0,1,0,1,anual,debito,movil,centro,0
56,10,72.72,617.62,211.13,3,0,1,1,2,bianual,credito,fibra,norte,0
74,53,58.83,3108.3,162.96,1,1,1,0,0,mensual,debito,cable,norte,0
29,13,73.63,1109.34,94.27,2,1,1,3,0,bianual,efectivo,ninguno,sur,0
40,40,70.77,2902.2,36.69,1,0,1,4,1,mensual,transferencia,fibra,sur,0
55,69,83.38,5536.45,5.82,1,0,1,2,2,mensual,credito,cable,sur,0
58,68,55.13,3622.6,68.69,3,1,1,3,1,mensual,credito,movil,centro,1
30,26,65.74,1693.53,53.44,1,0,0,3,2,anual,transferencia,fibra,centro,1
24,57,63.89,3657.81,137.43,3,1,0,0,1,mensual,credito,fibra,sur,0
44,45,77.67,3652.23,112.75,1,1,1,2,0,anual,debito,movil,sur,0
43,35,46.55,1628.04,120.87,1,1,0,2,1,anual,transferencia,fibra,centro,0
37,11,83.31,981.12,72.55,1,1,0,1,0,anual,credito,fibra,centro,0
74,28,73.39,1792.46,127.6,3,1,1,2,1,anual,debito,fibra,centro,0
30,47,41.3,1893.39,48.98,1,1,0,3,1,anual,credito,fibra,sur,0
64,72,86.75,6329.87,115.59,4,1,0,1,2,mensual,debito,movil,sur,0
73,1,105.21,331.83,161.51,3,0,1,0,0,anual,transferencia,movil,centro,0
74,52,83.03,4156.8,101.73,1,1,0,3,1,mensual,credito,movil,oeste,1
71,61,90.69,5511.49,142.18,4,1,1,2,1,anual,credito,fibra,centro,0
25,69,66.54,4379.87,21.16,2,1,0,2,0,anual,debito,ninguno,sur,1
63,31,35.09,1063.33,17.15,4,1,1,1,1,mensual,transferencia,cable,norte,0
46,9,31.81,411.29,136.36,4,1,1,2,0,mensual,transferencia,cable,centro,0
78,20,69.59,1502.58,172.35,2,1,0,0,0,mensual,transferencia,cable,oeste,0
50,62,54.34,3363.23,108.09,2,1,1,0,0,anual,credito,movil,centro,0
28,64,48.54,3075.55,227.26,1,1,1,1,2,bianual,credito,fibra,sur,1
23,46,63.87,3250.12,47.83,1,0,1,0,1,mensual,credito,cable,norte,0
59,9,76.08,658.58,86.0,3,0,0,1,1,bianual,debito,cable,norte,1
49,9,38.85,283.54,127.0,3,0,1,1,0,mensual,debito,fibra,centro,1
38,35,56.92,1924.54,143.22,3,1,1,3,0,bianual,credito,fibra,sur,0
41,43,92.18,3787.49,90.8,4,1,1,2,2,bianual,transferencia,cable,sur,1
65,3,45.64,189.49,67.04,1,1,1,2,0,mensual,debito,cable,norte,0
18,50,80.66,4110.72,151.01,1,1,0,2,1,bianual,transferencia,cable,oeste,1
28,40,56.27,2324.3,126.66,4,1,1,1,1,mensual,credito,movil,sur,0
24,1,74.82,167.63,102.77,1,1,1,0,2,mensual,credito,cable,norte,0
50,7,84.75,521.59,144.94,2,1,0,0,1,anual,debito,fibra,sur,1
47,33,78.34,2565.31,113.18,2,1,1,4,0,mensual,credito,cable,centro,1
65,53,81.36,4450.13,113.01,1,0,0,1,0,mensual,credito,fibra,sur,1
24,60,44.27,2599.61,111.17,3,1,1,0,1,mensual,debito,movil,centro,0
47,32,85.05,2654.0,78.95,4,0,1,3,0,anual,transferencia,fibra,centro,0
42,22,49.65,1211.51,73.86,4,0,1,1,2,anual,efectivo,movil,sur,1
64,70,69.67,4781.19,93.71,2,1,1,3,1,anual,debito,fibra,oeste,0
78,34,69.65,2230.6,121.6,4,0,1,0,1,bianual,debito,cable,norte,1
30,23,73.73,1569.64,26.44,2,0,0,4,0,bianual,credito,fibra,centro,1
44,32,71.07,2598.35,167.24,4,0,1,1,2,anual,efectivo,fibra,centro,1
49,1,49.81,170.44,120.92,4,1,0,1,2,bianual,efectivo,cable,sur,1
52,22,40.7,969.84,66.75,2,0,1,2,0,mensual,efectivo,fibra,sur,0
31,38,80.7,2953.79,200.83,1,1,0,0,0,anual,credito,fibra,centro,0
43,67,68.35,4639.16,122.09,4,1,1,1,1,mensual,efectivo,cable,sur,1
62,54,85.69,4830.48,53.24,1,1,0,1,0,mensual,credito,fibra,centro,1
24,57,64.19,3702.08,198.59,3,1,1,0,0,mensual,debito,fibra,centro,0
63,40,39.71,1455.63,187.74,2,1,1,0,1,mensual,transferencia,fibra,centro,1
67,8,82.39,723.18,74.56,2,1,1,3,0,bianual,credito,fibra,norte,0
76,29,58.33,1672.3,103.85,3,0,0,0,0,mensual,transferencia,fibra,sur,0
62,72,71.16,5139.94,97.12,3,1,1,1,0,bianual,credito,fibra,centro,0
33,4,53.35,97.46,25.53,3,1,1,1,0,mensual,transferencia,cable,centro,0
45,64,94.6,5962.95,136.23,2,1,1,1,1,anual,debito,cable,sur,0
66,50,49.22,2404.25,162.26,3,1,1,1,0,mensual,debito,fibra,sur,0
29,21,58.93,1144.16,152.84,3,0,1,1,1,bianual,transferencia,cable,oeste,1
63,57,66.93,3807.92,121.64,3,1,0,2,1,mensual,credito,fibra,norte,0
62,61,45.34,2683.68,167.11,3,0,1,1,3,anual,debito,fibra,centro,0
22,4,70.95,480.21,63.23,1,1,1,2,1,bianual,credito,cable,centro,0
38,8,94.01,811.08,210.91,1,1,0,1,1,anual,transferencia,cable,sur,0
37,48,56.17,2787.14,81.4,1,0,1,0,0,anual,efectivo,fibra,sur,0
47,72,72.11,5175.23,86.95,3,0,1,2,0,mensual,transferencia,fibra,centro,1
63,2,15.51,50.0,91.24,4,0,0,3,0,mensual,transferencia,cable,centro,0
33,48,64.3,3187.12,87.59,1,0,1,3,0,mensual,transferencia,fibra,oeste,1
21,10,59.37,580.55,110.36,1,1,0,5,1,mensual,debito,cable,sur,0
43,47,50.27,2412.67,108.43,2,1,0,2,0,mensual,credito,movil,sur,0
75,45,84.47,3792.59,126.48,4,0,0,3,0,anual,credito,fibra,sur,0
73,7,59.13,146.71,79.07,2,0,1,2,2,bianual,efectivo,movil,norte,0
43,50,61.81,3038.85,128.33,3,1,0,1,1,anual,debito,movil,norte,0
36,65,58.21,3684.48,65.48,4,0,0,2,0,anual,efectivo,movil,oeste,1
40,63,30.5,1946.41,156.62,3,1,0,1,1,mensual,transferencia,fibra,sur,0
41,3,44.62,188.85,156.0,2,0,1,2,1,mensual,debito,movil,norte,0
34,18,82.3,1739.96,119.71,1,1,0,1,1,anual,credito,fibra,norte,0
48,18,27.02,542.37,87.52,4,1,0,2,0,mensual,debito,fibra,oeste,1
50,33,51.21,1622.68,135.56,3,0,1,0,1,mensual,credito,fibra,norte,0
35,11,57.81,585.16,75.62,2,1,1,2,0,bianual,credito,fibra,centro,0
61,62,96.39,6038.06,121.73,3,1,1,2,2,mensual,transferencia,fibra,centro,0
77,56,78.83,4515.87,112.41,1,0,1,2,0,mensual,credito,fibra,centro,1
63,59,54.97,3093.74,251.5,3,1,1,2,0,mensual,transferencia,cable,sur,1
24,15,88.48,1297.52,58.65,2,1,1,2,0,anual,credito,cable,centro,1
44,2,51.67,84.77,5.0,1,1,1,2,1,mensual,transferencia,cable,sur,1
25,66,83.16,5294.7,88.12,1,0,1,1,0,anual,transferencia,cable,sur,1
39,21,40.54,937.76,34.22,1,1,0,0,0,mensual,credito,fibra,oeste,0
56,48,84.32,4074.37,83.67,4,0,1,2,0,anual,debito,cable,centro,0
75,66,57.69,3783.97,55.12,1,0,1,1,0,bianual,efectivo,cable,centro,1
55,3,46.49,168.68,74.77,2,0,1,4,0,mensual,transferencia,fibra,centro,0
32,1,61.09,139.49,66.75,1,1,0,1,0,anual,transferencia,ninguno,centro,1
35,1,69.99,302.07,168.15,3,0,0,1,0,mensual,debito,cable,oeste,1
49,12,56.09,751.66,117.57,2,0,1,2,0,mensual,transferencia,cable,centro,1
22,4,74.97,162.48,173.77,4,1,0,1,0,mensual,debito,cable,centro,1
31,60,54.51,3609.01,122.02,1,1,1,0,1,mensual,credito,cable,norte,1
26,44,76.17,3216.8,166.43,2,1,0,2,0,bianual,transferencia,cable,centro,0
78,71,72.96,5226.93,104.89,2,1,0,2,0,anual,credito,movil,sur,0
31,58,63.9,3681.37,199.73,2,0,0,3,1,bianual,debito,fibra,centro,0
48,70,57.06,3979.98,143.55,2,1,1,2,0,mensual,credito,fibra,centro,0
42,18,67.73,1264.64,81.01,2,0,0,0,0,anual,debito,fibra,norte,0
62,21,74.9,1627.51,150.96,4,0,0,1,0,anual,credito,ninguno,centro,0
52,62,102.11,6496.47,121.35,3,0,1,6,2,mensual,debito,fibra,sur,0
34,18,81.91,1395.39,109.87,2,1,1,1,0,anual,credito,fibra,centro,1
55,5,82.57,460.81,124.8,4,0,1,1,1,bianual,credito,fibra,norte,0
68,49,120.59,5981.84,157.56,1,1,1,0,2,bianual,efectivo,cable,centro,0
60,58,74.29,4591.23,14.12,3,1,0,1,0,bianual,credito,movil,centro,1
33,70,73.72,5220.36,102.45,3,0,1,1,0,mensual,credito,cable,sur,1
20,67,77.67,5065.86,154.13,1,1,0,1,1,bianual,efectivo,fibra,norte,0
61,9,46.84,586.49,132.41,3,0,0,2,1,bianual,efectivo,movil,oeste,0
51,56,57.01,3139.38,63.68,3,0,1,0,2,anual,transferencia,ninguno,norte,0
22,61,55.89,3305.96,5.0,3,0,0,1,0,mensual,credito,cable,norte,1
20,51,76.66,4068.84,205.05,3,0,1,2,1,mensual,debito,cable,oeste,0
26,60,61.86,3727.51,110.65,4,0,0,2,1,mensual,credito,cable,centro,1
57,61,67.49,4092.96,195.7,2,0,0,0,1,mensual,transferencia,movil,oeste,1
33,33,84.57,2993.12,159.75,1,0,1,0,0,bianual,efectivo,movil,oeste,0
37,3,80.54,180.1,80.32,2,1,1,1,1,bianual,debito,cable,sur,1
78,33,62.09,1986.59,5.0,4,1,1,2,1,bianual,debito,cable,centro,0
55,15,52.94,853.69,96.89,2,1,0,1,1,mensual,efectivo,fibra,norte,0
22,9,85.43,498.03,118.14,4,0,0,1,0,anual,transferencia,fibra,oeste,1
47,9,78.93,729.7,142.53,4,0,1,2,0,mensual,transferencia,fibra,centro,0
38,51,36.09,1850.13,64.46,1,1,0,1,1,mensual,debito,cable,oeste,1
67,37,59.36,2093.87,128.9,3,1,0,4,0,mensual,transferencia,ninguno,centro,1
52,39,67.98,2649.17,128.88,4,0,1,0,0,bianual,credito,fibra,centro,0
23,54,79.02,4298.21,169.3,3,1,0,5,0,anual,credito,fibra,oeste,0
37,40,81.38,3250.0,104.66,2,1,1,0,1,bianual,debito,cable,sur,0
50,46,70.11,3323.01,142.14,4,1,1,3,1,mensual,debito,fibra,sur,0
37,7,75.53,561.1,134.42,1,1,1,2,0,mensual,credito,fibra,oeste,0
37,62,66.15,4080.97,163.78,4,0,0,2,0,anual,debito,movil,oeste,1
78,33,52.87,1828.88,79.0,1,1,1,0,1,anual,credito,fibra,centro,0
18,12,60.3,755.81,5.0,1,0,1,3,0,bianual,debito,cable,sur,1
37,59,65.34,4215.23,108.16,3,1,1,0,1,mensual,credito,cable,norte,1
50,53,64.38,3534.93,108.45,1,0,0,4,2,mensual,efectivo,cable,centro,1
65,4,31.06,60.7,62.12,3,1,1,1,1,bianual,transferencia,fibra,oeste,0
65,14,57.85,603.57,44.6,2,0,1,4,1,mensual,debito,fibra,norte,0
31,2,66.01,50.66,91.26,3,1,0,0,1,mensual,transferencia,fibra,sur,1
55,20,59.94,953.75,114.26,4,1,0,2,0,bianual,debito,cable,norte,0
60,8,60.56,564.29,124.77,4,1,0,1,1,anual,credito,fibra,sur,0
20,52,73.78,3801.65,5.73,1,1,0,2,0,anual,debito,cable,centro,1
52,38,45.58,1639.8,32.32,4,1,0,3,0,mensual,efectivo,cable,norte,0
57,71,35.7,2606.46,176.48,4,1,0,0,1,anual,debito,movil,centro,0
28,54,58.73,3127.1,110.52,3,1,1,5,2,mensual,efectivo,movil,norte,0
61,45,78.75,3591.04,119.88,1,0,1,2,0,anual,transferencia,fibra,oeste,0
42,37,95.38,3497.12,53.34,3,1,0,0,0,anual,credito,fibra,centro,0
22,4,79.08,325.55,119.78,3,1,0,3,2,mensual,transferencia,fibra,centro,0
44,6,38.57,386.26,101.22,1,1,0,1,0,mensual,credito,movil,oeste,0
41,45,60.82,2846.69,89.07,4,0,0,2,1,mensual,transferencia,cable,norte,0
63,1,69.62,241.57,46.91,3,1,1,3,1,mensual,transferencia,fibra,oeste,0
36,4,68.2,314.11,76.58,1,1,0,3,0,mensual,debito,cable,norte,0
64,16,74.71,978.19,218.6,3,1,0,1,0,bianual,debito,fibra,sur,0
63,64,48.49,3021.23,102.53,4,1,0,2,0,mensual,transferencia,cable,norte,1
56,34,66.17,2055.93,159.48,4,0,1,3,1,mensual,debito,fibra,oeste,0
40,52,72.57,3883.87,110.18,4,0,1,1,0,anual,efectivo,fibra,centro,0
25,30,79.86,2397.65,104.39,4,0,1,1,2,anual,debito,movil,sur,0
30,13,50.5,807.63,88.2,1,1,0,0,1,mensual,credito,cable,sur,0
36,27,58.79,1711.88,187.28,1,1,1,0,1,mensual,credito,cable,oeste,0
50,7,16.33,99.21,138.65,1,1,1,1,1,mensual,credito,cable,norte,1
74,56,53.81,3222.86,80.52,4,1,0,1,0,mensual,efectivo,fibra,sur,0
64,14,55.56,892.96,100.29,4,1,1,2,2,mensual,debito,fibra,norte,0
71,28,46.65,1315.97,173.8,1,0,0,3,0,anual,credito,cable,norte,1
41,71,67.98,4878.76,5.0,4,0,0,2,0,mensual,debito,fibra,oeste,0
21,43,63.99,2921.24,135.53,1,1,1,0,0,mensual,debito,cable,centro,1
72,34,24.33,880.93,146.88,2,1,0,0,1,anual,debito,cable,norte,1
75,40,68.88,2675.27,82.51,3,1,1,2,3,mensual,credito,fibra,oeste,1
57,57,48.29,2611.34,127.73,1,1,1,2,0,bianual,credito,fibra,oeste,0
47,19,73.74,1369.3,145.12,2,1,0,0,1,anual,debito,cable,oeste,0
25,46,41.93,1847.09,58.44,2,0,1,2,0,anual,efectivo,fibra,norte,0
65,63,65.54,4153.52,162.1,2,1,0,1,2,mensual,credito,movil,sur,0
77,42,59.9,2453.98,134.87,2,0,1,1,0,mensual,transferencia,fibra,oeste,0
47,33,70.46,2279.16,112.35,2,1,0,1,0,mensual,debito,fibra,norte,0
62,11,67.24,885.15,125.25,3,1,1,3,1,bianual,transferencia,movil,sur,0
23,18,60.41,1286.09,155.36,1,1,0,2,1,mensual,debito,fibra,oeste,1
32,69,37.35,2483.86,235.81,3,1,1,0,0,mensual,credito,cable,norte,0
55,39,38.41,1454.89,150.5,1,0,1,4,3,anual,transferencia,fibra,centro,0
36,22,54.49,1171.19,160.53,3,1,0,1,0,mensual,transferencia,fibra,oeste,0
24,31,64.85,2048.0,129.68,1,1,1,1,3,anual,credito,cable,centro,1
46,42,54.05,2311.39,215.08,4,0,1,1,1,bianual,transferencia,cable,oeste,0
62,39,76.25,2912.84,46.7,2,1,1,0,0,mensual,credito,fibra,centro,0
19,51,59.97,3119.64,33.13,1,1,1,2,0,mensual,debito,movil,centro,1
39,19,47.63,849.55,127.65,1,1,0,2,0,bianual,credito,fibra,centro,0
72,47,59.99,2774.72,153.01,2,1,0,0,1,mensual,efectivo,movil,norte,1
20,32,69.07,2101.15,5.0,4,0,0,0,1,anual,debito,cable,sur,0
22,68,70.85,4942.06,119.83,2,1,0,0,0,mensual,transferencia,movil,oeste,0
74,12,98.81,1294.79,110.98,2,1,0,2,1,mensual,transferencia,movil,norte,1
28,11,52.96,624.17,157.21,4,1,0,2,0,mensual,credito,movil,sur,0
51,34,63.68,2244.67,141.44,1,1,1,1,1,bianual,credito,ninguno,centro,1
50,37,72.67,2821.81,29.59,3,1,0,0,0,mensual,debito,movil,sur,1
54,50,64.58,3319.24,66.0,2,1,0,1,1,mensual,debito,movil,centro,1
66,30,55.99,1767.04,79.66,4,1,1,4,0,mensual,credito,fibra,oeste,0
57,66,37.11,2397.79,156.95,3,1,0,2,1,mensual,credito,movil,norte,0
75,35,55.8,1772.61,138.73,2,1,1,2,1,mensual,debito,cable,norte,1
57,10,45.67,361.84,88.96,2,1,1,1,0,bianual,credito,ninguno,centro,0
25,9,33.92,568.67,127.23,4,1,0,0,0,anual,credito,cable,norte,1
54,71,50.68,3569.79,67.1,2,0,0,1,0,mensual,debito,fibra,norte,1
18,10,46.15,653.58,222.48,3,1,1,3,0,mensual,transferencia,fibra,sur,1
41,69,75.51,5275.17,148.72,4,1,1,0,2,mensual,credito,fibra,sur,1
60,21,75.82,1588.62,159.31,1,0,1,0,0,mensual,credito,cable,centro,1
76,7,48.73,232.84,188.84,4,1,1,5,0,mensual,credito,cable,sur,1
34,22,60.32,1242.65,170.81,4,1,1,2,1,bianual,credito,fibra,centro,0
23,45,31.55,1403.94,121.58,3,1,0,0,1,mensual,credito,fibra,centro,0
26,31,56.1,1722.95,110.75,1,0,0,2,0,mensual,transferencia,fibra,norte,0
42,57,72.18,4179.83,184.41,1,0,1,1,2,anual,transferencia,movil,sur,0
18,44,79.85,3432.0,121.33,4,0,0,2,0,mensual,transferencia,fibra,norte,0
37,29,52.17,1435.91,82.55,2,1,1,0,2,anual,debito,fibra,centro,0
76,46,83.93,3965.47,218.33,3,1,1,1,2,anual,transferencia,cable,norte,0
40,70,37.72,2868.23,73.2,1,1,1,1,0,mensual,debito,fibra,oeste,0
62,30,42.54,1286.46,33.26,3,1,0,1,0,bianual,debito,cable,oeste,1
27,12,77.77,986.45,169.64,1,1,1,2,1,mensual,debito,movil,centro,0
38,30,95.08,2834.79,83.44,3,1,1,1,0,mensual,transferencia,fibra,oeste,1
46,61,73.88,4498.97,141.75,4,1,0,5,1,anual,credito,movil,sur,1
54,16,64.27,1002.91,210.86,4,1,1,2,1,anual,transferencia,cable,sur,0
50,69,25.49,1716.84,51.26,4,1,0,4,1,mensual,credito,fibra,norte,0
72,43,28.6,1296.41,117.95,3,0,1,1,0,mensual,transferencia,fibra,centro,1
76,44,67.33,3036.56,194.17,3,1,0,2,0,bianual,credito,fibra,sur,1
73,23,58.55,1317.38,154.09,1,1,1,1,0,anual,credito,fibra,oeste,0
63,67,45.09,2952.12,111.01,3,1,1,3,2,mensual,debito,fibra,oeste,0
50,3,66.18,141.27,239.47,4,1,0,1,1,mensual,credito,movil,centro,1
59,22,67.07,1553.75,115.23,1,1,1,2,0,anual,credito,fibra,centro,0
75,31,82.0,2445.71,139.84,2,1,1,5,1,anual,debito,movil,norte,1
58,35,67.46,2239.1,202.47,4,0,0,1,0,mensual,debito,cable,norte,0
64,35,87.11,3082.73,169.04,2,1,0,2,1,mensual,debito,cable,sur,0
56,11,65.14,708.51,186.09,3,1,1,3,2,mensual,debito,cable,centro,1
51,17,62.92,1052.96,75.02,4,1,0,0,1,anual,credito,movil,norte,1
43,7,84.16,689.12,181.41,4,1,0,3,2,anual,credito,ninguno,oeste,0
41,42,47.39,1984.17,128.48,1,1,0,2,1,anual,efectivo,fibra,oeste,0
41,26,115.66,2928.59,82.71,2,1,0,3,0,anual,credito,fibra,sur,0
75,41,71.75,2962.24,131.1,1,0,1,1,0,mensual,transferencia,fibra,centro,1
27,43,71.85,3011.29,129.51,4,0,0,1,0,anual,credito,fibra,sur,1
29,51,74.45,3903.17,213.4,4,1,0,0,0,bianual,transferencia,fibra,centro,1
43,40,98.79,3954.3,139.06,4,1,1,4,0,bianual,debito,cable,centro,1
51,47,79.27,3602.25,80.96,1,0,0,1,0,bianual,credito,fibra,centro,0
26,43,36.11,1571.4,69.43,3,1,0,3,2,bianual,debito,movil,centro,0
26,47,90.26,4146.81,117.63,3,0,1,1,3,mensual,credito,movil,norte,1
37,45,58.86,2771.99,52.68,3,0,1,1,0,mensual,debito,fibra,norte,0
26,23,66.93,1527.53,84.23,1,1,1,1,0,mensual,credito,fibra,oeste,0
66,18,41.97,831.01,107.79,1,1,0,2,1,mensual,efectivo,cable,oeste,0
21,57,74.47,4170.61,98.91,2,0,1,2,2,bianual,transferencia,fibra,centro,1
69,25,53.28,1308.79,156.35,2,1,1,1,2,mensual,debito,fibra,norte,1
36,40,66.8,2721.75,83.11,4,1,1,2,0,mensual,credito,fibra,centro,0
57,15,59.89,879.47,5.0,1,1,0,3,1,mensual,credito,fibra,centro,0
66,32,99.65,3081.79,35.71,4,1,0,3,0,mensual,transferencia,cable,centro,1
40,39,100.68,4012.67,119.11,1,1,1,2,1,mensual,transferencia,fibra,sur,0
29,46,65.84,3062.55,90.66,3,1,1,1,0,mensual,debito,fibra,oeste,0
64,38,66.15,2384.69,58.17,3,0,0,3,1,mensual,efectivo,cable,oeste,1
68,26,58.28,1471.75,217.92,2,1,1,3,0,mensual,debito,cable,oeste,0
49,70,84.91,5845.31,161.44,1,0,0,2,0,anual,debito,fibra,oeste,1
78,37,59.08,2127.66,117.08,1,1,1,1,1,anual,debito,fibra,norte,0
63,59,57.42,3333.58,131.66,2,1,0,1,0,mensual,debito,fibra,sur,1
50,54,82.61,4432.45,106.74,2,1,0,3,1,bianual,credito,cable,centro,0
65,41,55.31,2097.42,57.31,1,1,1,0,1,mensual,debito,fibra,centro,0
66,64,64.32,4066.58,171.54,4,1,0,0,1,anual,debito,movil,oeste,0
60,10,36.54,481.01,162.57,4,0,0,1,0,bianual,debito,fibra,norte,1
58,67,77.68,5411.45,21.13,4,1,0,2,0,bianual,efectivo,movil,sur,0
69,62,99.94,6059.42,131.32,4,1,1,1,0,mensual,transferencia,fibra,centro,0
46,37,77.98,3014.69,136.84,2,1,1,2,0,mensual,transferencia,fibra,sur,1
50,53,91.31,5107.74,103.91,4,1,1,3,0,anual,transferencia,movil,sur,1
35,38,49.77,1867.71,224.86,1,1,1,1,0,anual,transferencia,movil,centro,1
39,20,69.25,1446.29,219.44,3,1,1,1,0,anual,debito,cable,centro,1
58,58,48.02,2906.93,101.12,3,1,1,4,0,mensual,efectivo,fibra,sur,0
68,18,60.9,1043.9,108.86,2,1,0,0,0,bianual,credito,cable,norte,0
32,23,78.9,1928.77,102.99,4,1,0,4,1,bianual,credito,movil,centro,0
78,38,66.83,2516.61,89.43,2,0,1,2,1,anual,efectivo,fibra,centro,0
40,61,39.57,2528.71,73.96,3,0,1,1,0,bianual,debito,fibra,centro,1
59,28,41.33,1339.25,145.34,2,1,1,2,0,mensual,debito,cable,centro,1
27,36,40.14,1596.06,218.07,3,1,0,1,0,mensual,transferencia,movil,sur,0
64,3,73.85,183.91,197.5,2,1,1,0,1,anual,credito,cable,norte,0
53,9,102.15,991.18,159.46,3,0,0,1,0,anual,credito,fibra,centro,0
55,5,89.52,391.37,5.0,3,1,1,2,2,mensual,efectivo,movil,sur,0
28,6,30.87,50.0,26.77,1,1,1,0,1,mensual,efectivo,movil,oeste,0
52,63,90.58,5680.01,173.21,2,1,0,1,0,anual,efectivo,cable,oeste,1
66,61,81.86,5091.61,200.97,3,1,1,1,0,mensual,debito,fibra,sur,1
34,60,37.18,2198.16,147.69,1,0,0,1,1,anual,transferencia,fibra,norte,0
47,5,59.54,472.4,104.72,1,1,1,1,2,bianual,credito,cable,centro,1
51,6,84.72,517.64,187.62,3,0,0,3,0,mensual,transferencia,movil,centro,1
61,21,74.91,1444.68,157.68,1,1,1,1,0,anual,debito,cable,norte,1
60,41,41.44,1666.16,176.87,3,1,0,1,1,mensual,credito,fibra,centro,0
45,25,75.99,1822.98,27.17,1,0,0,4,1,mensual,debito,movil,sur,0
46,36,26.52,1112.82,137.17,4,1,0,1,2,bianual,efectivo,fibra,norte,0
65,13,60.99,853.5,208.73,3,0,0,3,0,mensual,credito,movil,sur,1
18,53,85.48,4523.03,146.37,3,1,0,1,0,mensual,credito,cable,norte,0
71,23,65.33,1591.97,167.41,4,0,0,0,0,bianual,debito,cable,sur,0
41,5,56.02,187.37,121.82,3,1,1,1,0,mensual,credito,fibra,centro,1
46,54,81.01,4238.29,125.3,1,1,0,2,1,mensual,credito,fibra,sur,0
26,66,82.55,5297.55,190.13,4,0,1,2,0,mensual,transferencia,ninguno,sur,0
40,2,88.58,50.0,86.51,2,0,1,0,0,mensual,credito,cable,centro,0
46,32,80.74,2456.36,81.62,3,0,1,3,0,mensual,debito,cable,centro,0
61,60,84.46,5135.35,96.09,4,1,0,0,1,anual,credito,cable,centro,0
69,51,78.19,4075.34,121.17,2,0,0,1,0,mensual,debito,fibra,centro,0
76,62,69.78,4222.19,39.5,4,1,0,2,0,mensual,credito,movil,sur,0
73,30,66.61,1757.24,156.55,4,1,0,1,1,anual,credito,fibra,oeste,0
28,27,60.73,1591.13,111.79,2,1,1,1,3,mensual,debito,fibra,norte,1
46,52,43.18,2305.32,162.68,1,0,1,3,1,mensual,debito,fibra,norte,1
63,12,47.8,673.63,14.05,3,1,1,2,1,bianual,credito,cable,norte,0
61,18,59.92,1107.76,162.88,4,1,1,2,0,anual,credito,fibra,norte,1
18,44,69.35,2930.62,186.84,1,1,1,2,0,mensual,debito,ninguno,centro,0
70,49,90.93,4542.94,141.93,4,1,0,1,1,mensual,credito,movil,oeste,0
77,9,64.25,625.6,121.5,4,1,1,0,0,bianual,credito,ninguno,centro,0
77,37,83.06,3161.97,163.26,1,1,0,2,0,anual,debito,cable,sur,1
66,27,84.43,2172.71,183.57,3,1,1,3,0,mensual,debito,fibra,centro,1
57,37,60.83,2312.32,146.15,3,1,1,3,0,mensual,debito,ninguno,sur,0
75,70,75.7,5403.21,149.88,3,0,1,2,1,mensual,transferencia,fibra,centro,0
19,6,60.62,201.62,202.85,3,1,1,0,0,bianual,debito,movil,sur,0
24,72,88.8,6319.72,158.06,1,1,1,4,0,anual,efectivo,fibra,centro,1
58,33,76.45,2340.32,79.99,4,1,1,0,0,mensual,credito,movil,norte,0
21,56,43.57,2342.44,183.33,2,0,1,3,0,mensual,transferencia,movil,oeste,1
37,31,67.91,2092.78,113.81,2,1,0,2,0,bianual,efectivo,cable,sur,0
44,23,94.67,2003.7,121.66,1,0,1,0,1,mensual,debito,movil,centro,0
67,56,61.74,3590.91,125.34,1,1,0,5,2,anual,credito,fibra,norte,0
21,50,73.06,3788.2,168.44,1,0,0,3,0,anual,debito,fibra,centro,0
69,11,74.83,807.48,207.44,4,1,0,1,0,bianual,debito,fibra,centro,0
21,51,46.34,2284.53,121.22,4,1,0,2,0,mensual,transferencia,ninguno,centro,0
64,55,74.19,4075.18,206.56,1,0,0,2,2,anual,debito,cable,sur,0
23,28,39.91,1292.57,128.23,1,1,0,3,3,mensual,transferencia,fibra,centro,0
66,67,53.74,3675.55,190.11,2,0,1,3,0,bianual,transferencia,fibra,centro,0
21,47,84.36,3749.01,129.92,1,1,1,2,0,mensual,credito,movil,norte,0
74,25,71.42,1515.05,95.38,1,1,0,2,0,anual,credito,movil,norte,1
23,1,59.52,50.0,216.1,3,1,1,2,1,mensual,transferencia,movil,centro,1
45,49,73.04,3573.79,90.61,4,1,1,1,1,bianual,debito,fibra,sur,0
40,16,63.92,818.43,87.26,2,1,0,3,1,mensual,transferencia,cable,norte,0
42,55,65.23,3562.92,57.2,3,1,0,3,0,mensual,debito,fibra,centro,1
48,38,76.82,2718.0,183.36,2,1,1,1,1,bianual,debito,movil,centro,1
65,34,51.91,1765.9,195.17,2,0,0,2,2,mensual,debito,movil,sur,1
24,12,65.73,814.86,138.66,1,0,1,3,0,mensual,debito,fibra,sur,0
19,52,59.38,3292.26,70.81,3,1,1,2,0,mensual,debito,cable,sur,0
57,12,36.46,421.66,119.66,4,0,0,3,0,bianual,transferencia,fibra,norte,0
19,31,48.43,1458.71,104.87,4,1,1,1,2,anual,credito,cable,oeste,1
55,61,93.23,5847.06,68.48,4,0,1,2,2,anual,efectivo,fibra,norte,0
25,67,71.93,4897.69,95.56,4,0,0,2,0,bianual,transferencia,fibra,norte,0
36,72,41.18,2970.08,145.29,2,0,0,2,2,bianual,transferencia,fibra,centro,0
51,69,37.27,2535.12,89.74,4,1,0,1,0,mensual,efectivo,fibra,centro,1
36,41,62.98,2786.29,134.59,1,1,1,3,0,mensual,transferencia,cable,centro,0
48,15,93.1,1308.64,31.18,2,1,1,1,1,anual,debito,cable,centro,0
78,61,61.64,3582.76,203.96,3,1,1,1,0,anual,debito,movil,oeste,0
43,58,88.53,5111.74,100.43,2,1,0,5,1,mensual,credito,fibra,sur,1
36,72,71.33,5097.8,163.51,4,1,1,0,1,bianual,debito,cable,centro,1
28,47,73.48,3598.22,129.43,1,0,1,4,0,mensual,efectivo,ninguno,norte,0
73,11,40.96,469.24,140.12,1,1,0,1,0,mensual,credito,cable,sur,0
76,37,81.88,3139.38,63.4,4,1,1,0,0,mensual,transferencia,movil,norte,1
30,33,58.97,1638.76,81.97,2,1,0,2,1,bianual,credito,ninguno,centro,1
25,61,80.54,4872.83,83.11,4,0,0,4,0,mensual,efectivo,movil,centro,0
28,29,50.34,1636.95,121.27,1,1,0,3,2,mensual,debito,fibra,norte,0
63,24,68.19,1507.09,186.31,3,1,1,1,0,mensual,credito,fibra,norte,1
70,6,71.34,394.54,141.66,1,0,1,2,1,bianual,efectivo,fibra,centro,1
19,61,62.23,3896.72,74.98,2,1,1,3,2,mensual,credito,cable,centro,0
55,55,72.28,3914.83,124.37,2,1,1,0,0,mensual,transferencia,cable,centro,0
50,3,60.2,274.49,115.97,4,1,1,3,0,bianual,credito,fibra,centro,1
64,32,53.32,1633.74,102.46,2,1,1,5,0,anual,transferencia,fibra,centro,0
63,35,93.9,3282.02,119.23,2,1,1,2,0,mensual,credito,fibra,sur,0
53,34,83.88,2932.44,158.19,2,1,1,1,3,mensual,transferencia,cable,centro,1
43,67,51.3,3306.1,84.0,4,1,1,2,0,anual,credito,fibra,sur,0
77,11,75.23,729.84,102.71,2,1,0,1,1,mensual,credito,fibra,centro,1
35,23,51.63,1297.2,169.11,3,0,1,3,0,mensual,credito,cable,norte,0
19,14,43.68,516.98,143.45,1,1,1,0,3,mensual,credito,fibra,centro,0
66,18,83.61,1520.15,183.96,3,1,1,3,1,bianual,transferencia,cable,centro,0
27,66,34.33,2382.64,191.79,1,0,0,2,0,anual,debito,fibra,sur,0
66,68,81.68,5565.3,51.97,1,1,0,0,0,mensual,transferencia,cable,oeste,0
24,4,60.45,274.54,134.41,2,1,0,0,1,mensual,credito,movil,norte,0
75,46,61.19,3000.68,94.6,1,1,0,1,2,mensual,debito,fibra,sur,1
58,17,72.38,1506.54,60.06,3,0,1,3,0,bianual,credito,fibra,centro,1
76,14,75.46,1072.78,80.54,1,1,1,2,1,anual,credito,movil,oeste,0
37,22,50.13,1051.97,104.96,1,1,1,2,0,mensual,transferencia,movil,norte,0
43,14,77.92,1190.88,105.27,4,1,1,6,0,anual,efectivo,fibra,norte,0
65,36,67.04,2320.22,89.66,3,0,0,3,1,mensual,credito,cable,centro,0
70,72,42.39,3209.65,119.32,1,1,1,1,1,mensual,efectivo,cable,sur,0
25,43,61.94,2597.75,242.33,4,1,0,0,0,mensual,credito,cable,centro,1
47,53,89.86,4711.78,33.74,3,0,1,4,0,bianual,credito,movil,oeste,0
32,36,95.18,3303.35,176.86,4,0,1,1,3,anual,transferencia,fibra,sur,1
39,2,77.91,53.92,119.08,3,1,0,1,0,mensual,debito,cable,norte,1
22,7,43.57,446.64,98.11,4,1,1,4,1,mensual,efectivo,fibra,centro,1
50,20,73.83,1517.7,19.09,4,1,0,2,0,bianual,credito,cable,centro,0
78,18,80.32,1439.44,158.14,2,1,1,0,0,mensual,debito,fibra,centro,0
67,61,78.06,5007.7,47.95,1,1,0,1,0,mensual,credito,ninguno,centro,0
61,61,79.13,4841.13,161.39,4,1,1,2,0,bianual,debito,cable,oeste,0
18,62,71.54,4433.37,207.07,3,0,1,1,3,bianual,debito,movil,norte,1
24,46,63.7,2796.67,55.86,4,1,1,1,1,mensual,debito,fibra,oeste,0
58,41,54.05,2118.96,178.42,1,1,1,0,0,mensual,efectivo,fibra,centro,1
57,47,30.84,1337.2,121.27,2,1,1,6,0,anual,debito,movil,oeste,0
25,30,71.11,2051.02,15.29,1,1,1,0,0,mensual,credito,fibra,centro,0
44,49,68.35,3293.0,59.76,2,0,1,2,2,anual,credito,ninguno,oeste,0
76,58,75.04,4318.1,128.91,4,1,0,1,1,anual,efectivo,cable,oeste,0
73,55,40.92,2334.54,140.06,1,1,1,2,0,anual,efectivo,movil,sur,1
59,45,76.61,3444.43,40.97,2,1,1,2,1,mensual,efectivo,fibra,centro,0
26,5,101.98,724.48,121.59,4,0,1,3,1,anual,credito,fibra,centro,0
32,53,66.41,3595.37,161.18,2,1,0,2,1,bianual,credito,fibra,centro,1
19,27,63.89,1640.25,169.93,3,0,0,1,0,anual,transferencia,ninguno,norte,0
26,54,70.56,3864.5,99.36,2,1,0,1,0,mensual,debito,fibra,norte,0
27,39,101.58,3979.77,141.92,1,1,0,3,0,bianual,debito,movil,sur,0
73,64,46.57,3148.06,173.62,4,1,1,2,0,mensual,efectivo,cable,centro,0
75,25,68.66,1815.05,162.62,4,0,0,1,0,mensual,debito,movil,centro,0
66,68,50.61,3449.61,164.57,2,1,1,2,1,mensual,credito,ninguno,centro,0
74,61,55.15,3573.98,125.68,4,0,0,1,0,mensual,debito,movil,norte,0
52,24,64.11,1605.52,115.27,2,0,0,2,2,mensual,debito,fibra,centro,1
22,35,89.25,3195.89,133.61,3,1,1,1,0,anual,efectivo,movil,centro,1
66,39,97.42,3979.76,81.81,2,1,1,1,0,mensual,debito,cable,oeste,0
49,56,73.07,4194.73,175.6,2,0,0,2,1,mensual,credito,cable,oeste,0
25,50,58.22,2936.91,43.48,4,1,1,2,0,bianual,debito,fibra,oeste,0
59,62,109.87,6802.59,94.78,1,1,0,1,2,mensual,credito,movil,centro,0
33,27,57.3,1304.81,118.19,2,1,1,3,0,anual,transferencia,fibra,sur,0
18,37,54.72,1803.16,143.48,4,1,1,0,0,bianual,credito,movil,centro,0
24,32,33.05,1043.51,152.88,2,1,0,0,0,mensual,credito,fibra,sur,0
19,66,90.13,5881.95,194.45,4,0,1,0,0,mensual,credito,cable,oeste,0
45,22,82.43,1815.72,123.89,2,0,0,4,2,mensual,debito,fibra,centro,0
22,43,108.52,4788.41,84.1,3,0,0,1,1,anual,credito,fibra,centro,1
52,9,39.99,267.2,112.75,4,1,0,3,0,mensual,efectivo,ninguno,centro,0
60,62,91.25,5468.34,104.03,3,1,1,1,1,bianual,transferencia,cable,centro,1
62,28,66.26,1699.38,146.0,4,0,0,0,0,anual,debito,fibra,centro,0
75,25,79.51,1869.65,66.65,1,0,0,2,0,anual,transferencia,cable,norte,1
76,42,35.34,1347.46,111.23,4,1,0,1,1,bianual,transferencia,movil,sur,0
22,36,91.43,3296.66,201.13,3,0,1,3,0,mensual,transferencia,cable,oeste,1
39,62,79.16,5092.6,128.99,4,1,0,1,0,anual,transferencia,fibra,centro,0
26,39,64.3,2581.48,67.35,2,1,1,0,1,anual,efectivo,movil,norte,1
36,38,76.61,2993.83,103.01,3,1,0,2,0,anual,debito,fibra,sur,1
46,8,51.22,436.06,8.35,4,1,0,2,2,anual,credito,cable,centro,1
70,2,54.57,50.0,117.06,2,1,1,1,0,mensual,efectivo,cable,oeste,0
44,29,56.66,1912.02,202.38,2,1,1,2,1,anual,credito,cable,oeste,1
33,72,31.65,2240.65,60.67,3,1,1,2,3,anual,transferencia,fibra,norte,1
30,67,80.51,5487.28,47.2,1,0,1,1,0,anual,credito,fibra,sur,1
63,46,86.45,3708.15,87.34,3,0,1,2,0,bianual,debito,ninguno,norte,1
30,46,52.38,2398.8,166.07,1,1,1,0,0,mensual,efectivo,movil,norte,1
61,29,71.27,2046.2,205.23,3,0,0,2,0,bianual,credito,movil,sur,1
26,13,60.22,750.81,142.41,4,1,0,3,0,mensual,credito,movil,centro,1
78,1,70.91,50.0,55.7,4,0,1,1,0,mensual,debito,fibra,centro,0
33,25,53.7,1366.3,118.89,4,1,1,2,1,mensual,efectivo,cable,norte,1
78,23,49.1,1275.68,209.47,2,1,1,3,0,mensual,debito,fibra,sur,1
69,14,83.94,1427.14,104.45,4,0,1,3,0,mensual,efectivo,fibra,centro,0
50,19,63.85,1411.01,127.02,3,0,1,3,1,mensual,debito,fibra,centro,0
45,2,101.4,354.55,132.03,2,1,1,2,1,anual,efectivo,fibra,sur,0
35,44,65.83,3101.58,42.71,3,0,0,1,1,bianual,credito,fibra,norte,0
73,67,48.33,3457.23,169.9,3,0,0,1,1,anual,transferencia,fibra,centro,0
75,50,87.08,4243.16,162.69,1,0,0,0,1,mensual,credito,cable,norte,1
69,33,76.35,2549.75,20.32,3,1,1,3,0,bianual,debito,ninguno,centro,0
69,31,78.08,2267.31,53.47,3,1,0,3,2,anual,debito,fibra,oeste,0
50,23,86.43,2052.53,71.51,1,1,1,1,0,anual,transferencia,fibra,norte,1
49,11,53.25,556.22,157.42,1,1,1,2,0,mensual,credito,fibra,centro,1
68,44,62.71,2740.69,82.44,1,1,1,4,2,anual,credito,movil,centro,1
51,41,61.91,2505.48,140.07,4,1,1,2,0,mensual,debito,fibra,centro,0
28,1,41.77,50.0,110.91,2,1,0,0,1,mensual,transferencia,cable,sur,0
19,30,60.26,1578.73,123.56,2,1,1,1,1,mensual,credito,fibra,norte,1
57,21,89.05,1972.75,144.8,2,1,1,4,0,anual,transferencia,movil,centro,0
74,13,69.27,819.65,133.62,3,0,0,1,0,mensual,credito,cable,sur,0
75,51,40.77,2202.02,119.05,2,1,0,0,0,mensual,credito,fibra,centro,0
40,38,36.99,1386.27,136.35,4,1,1,0,0,anual,credito,ninguno,oeste,0
55,46,94.97,4178.28,130.85,2,0,1,1,0,mensual,debito,cable,oeste,1
55,52,63.37,3127.17,109.52,4,0,0,1,0,mensual,efectivo,fibra,centro,1
47,71,53.35,3707.25,98.44,3,0,0,0,0,bianual,credito,cable,oeste,0
54,58,60.07,3372.74,214.02,3,0,1,1,1,bianual,credito,fibra,oeste,1
57,45,38.41,1717.84,97.86,4,0,0,5,0,bianual,credito,movil,centro,1
24,64,90.62,5829.93,188.35,4,1,1,5,1,anual,credito,fibra,sur,1
26,35,57.93,2068.36,85.74,4,1,0,3,1,mensual,transferencia,movil,norte,0
32,71,89.61,6389.69,160.51,4,0,0,1,1,mensual,transferencia,movil,sur,0
35,55,65.93,3732.23,209.19,2,1,0,3,3,mensual,transferencia,cable,sur,1
59,47,90.73,4384.64,103.12,4,1,0,2,1,bianual,debito,fibra,oeste,1
33,66,69.62,4483.37,86.63,2,1,0,2,0,mensual,transferencia,fibra,oeste,0
62,38,80.36,2829.91,98.54,2,1,1,3,0,mensual,efectivo,movil,sur,1
25,52,77.94,3971.46,119.03,1,1,0,3,1,anual,efectivo,cable,centro,0
52,21,76.22,1610.63,136.09,2,0,1,5,2,anual,debito,ninguno,centro,1
61,70,71.26,4925.14,118.0,3,0,0,2,0,mensual,credito,cable,centro,1
65,45,60.81,2812.41,99.0,4,1,1,5,1,bianual,efectivo,cable,centro,1
56,57,99.48,5510.5,217.73,1,1,1,2,1,anual,transferencia,ninguno,centro,1
64,34,48.68,1844.76,109.98,3,0,0,3,0,bianual,debito,cable,centro,0
71,63,65.08,4194.16,88.99,4,1,1,3,0,mensual,transferencia,fibra,centro,0
52,6,65.27,345.39,161.53,4,1,0,3,0,mensual,transferencia,movil,sur,0
60,9,72.24,558.53,162.32,2,1,1,1,1,mensual,transferencia,fibra,sur,0
30,37,57.27,2100.76,190.62,2,1,1,1,0,mensual,credito,cable,centro,0
67,53,70.67,3883.24,216.39,3,0,0,2,2,mensual,credito,fibra,oeste,0
31,59,61.96,3607.74,137.31,3,0,1,1,1,mensual,transferencia,ninguno,centro,0
26,32,36.52,1098.85,105.59,2,0,0,0,3,mensual,credito,ninguno,centro,1
25,47,65.17,3062.4,24.89,3,0,1,1,1,mensual,transferencia,movil,sur,0
21,40,45.19,1656.95,73.11,1,1,0,0,2,mensual,debito,fibra,sur,0
68,70,33.78,2493.67,130.43,2,1,0,3,3,mensual,debito,cable,centro,1
40,48,67.46,3312.65,60.95,4,1,0,2,1,mensual,transferencia,fibra,oeste,1
28,31,73.78,2395.87,40.74,2,1,0,4,1,mensual,debito,fibra,centro,1
25,70,74.48,5379.86,123.29,2,1,1,2,1,mensual,debito,movil,norte,1
52,8,75.21,506.8,158.84,4,0,1,3,1,bianual,transferencia,fibra,oeste,0
64,71,30.21,2146.77,107.68,2,1,1,2,2,mensual,transferencia,fibra,norte,0
22,12,40.5,474.64,164.84,2,1,0,4,2,anual,transferencia,cable,centro,0
44,21,100.52,2301.04,150.83,4,1,1,3,0,mensual,debito,movil,centro,1
44,60,46.15,2719.27,177.46,4,1,1,0,0,mensual,credito,fibra,oeste,1
75,53,76.0,3813.18,228.67,2,1,1,5,0,mensual,debito,cable,norte,0
18,70,52.64,3629.59,250.7,1,0,0,1,1,mensual,debito,movil,centro,1
23,54,66.43,3693.54,156.58,3,0,0,3,0,anual,debito,fibra,sur,1
32,46,53.6,2529.56,97.01,1,1,0,2,1,bianual,credito,movil,sur,1
75,25,75.11,1866.52,123.09,3,1,1,4,3,mensual,credito,cable,sur,1
19,1,67.46,50.0,198.66,2,0,1,4,0,mensual,debito,fibra,sur,1
62,9,56.93,553.29,75.34,4,0,0,4,3,anual,transferencia,fibra,oeste,0
45,22,46.1,1082.14,192.38,2,1,1,1,1,anual,efectivo,fibra,centro,0
67,3,69.82,235.5,111.5,4,1,0,2,1,mensual,debito,movil,oeste,0
32,37,43.17,1555.42,131.36,1,0,0,2,0,mensual,transferencia,cable,centro,1
48,56,72.69,4066.92,79.62,1,1,1,2,0,mensual,credito,fibra,sur,0
47,70,112.28,7793.98,53.81,2,0,0,2,0,mensual,credito,fibra,norte,0
40,36,89.3,3338.87,106.06,3,0,1,1,0,mensual,credito,movil,sur,1
38,64,77.93,4971.72,185.15,1,1,1,2,0,mensual,transferencia,fibra,sur,0
62,71,63.46,4393.46,84.9,3,0,0,1,0,anual,debito,fibra,norte,0
27,62,30.1,2137.33,200.63,3,1,1,1,0,mensual,credito,ninguno,norte,1
77,34,41.2,1313.39,91.36,1,0,0,3,2,mensual,debito,fibra,norte,1
72,24,88.09,2006.97,66.59,4,1,1,0,0,mensual,debito,movil,sur,0
19,71,50.78,3460.96,132.68,4,1,0,1,1,anual,credito,fibra,norte,0
72,18,52.41,860.93,153.95,2,0,0,3,0,mensual,debito,fibra,sur,0
54,30,62.02,1950.15,129.4,2,1,0,3,0,mensual,transferencia,fibra,centro,0
74,6,45.88,85.55,127.55,2,1,0,3,1,mensual,credito,movil,norte,0
33,58,42.92,2508.69,200.15,3,0,0,1,1,mensual,debito,movil,norte,0
69,47,64.09,2942.28,124.75,3,0,1,1,0,mensual,transferencia,fibra,centro,0
42,7,48.95,245.27,96.48,2,1,1,1,0,mensual,debito,movil,oeste,1
47,16,51.66,617.89,63.35,3,1,0,1,1,mensual,transferencia,movil,sur,0
53,40,50.94,2032.29,183.68,1,0,0,2,2,mensual,debito,cable,centro,0
65,39,74.4,2695.96,98.72,2,1,0,3,0,mensual,debito,cable,sur,1
31,58,60.82,3493.88,103.59,2,1,1,2,1,mensual,transferencia,cable,centro,0
19,20,61.79,1276.77,172.59,2,1,1,1,2,mensual,efectivo,fibra,norte,0
18,67,75.75,4804.17,222.71,1,1,1,1,0,bianual,credito,movil,centro,0
72,33,62.44,2143.78,132.57,1,1,1,2,1,mensual,debito,cable,centro,1
22,60,59.99,3362.12,113.15,4,0,1,0,0,anual,transferencia,movil,sur,0
22,18,73.47,1540.37,119.72,2,0,0,1,1,mensual,debito,movil,oeste,1
19,3,77.03,207.78,97.22,3,1,1,4,0,bianual,transferencia,movil,sur,1
38,4,62.35,145.84,102.21,4,1,0,2,1,anual,debito,movil,norte,0
20,27,66.45,1818.74,102.48,1,1,1,1,0,mensual,debito,ninguno,centro,1
46,69,50.93,3406.04,165.54,2,1,1,2,1,anual,debito,cable,norte,0
28,4,49.51,50.0,115.59,2,0,0,0,0,mensual,debito,movil,norte,0
34,27,78.84,2265.29,187.97,3,1,0,6,1,bianual,transferencia,movil,sur,1
45,8,73.01,542.4,114.19,4,1,0,1,2,mensual,credito,fibra,centro,0
47,68,73.2,4986.68,101.65,3,1,1,1,0,anual,debito,cable,oeste,1
45,49,70.06,3413.1,183.89,3,1,0,0,0,bianual,debito,cable,centro,0
22,55,65.83,3520.99,121.08,1,1,0,1,1,mensual,debito,fibra,oeste,0
18,52,77.54,3898.04,113.68,2,1,1,0,2,bianual,credito,cable,centro,0
64,48,81.83,4015.38,121.68,3,0,1,0,0,mensual,credito,fibra,norte,0
19,56,81.4,4619.88,193.33,3,1,1,1,2,anual,debito,fibra,centro,1
42,1,63.19,57.99,135.3,3,1,1,0,1,mensual,transferencia,cable,centro,0
33,63,89.97,5790.72,182.47,2,1,1,1,1,mensual,credito,fibra,norte,0
20,54,69.11,3723.01,108.27,2,1,0,1,0,mensual,efectivo,movil,sur,1
21,54,76.38,4258.64,174.47,2,0,0,2,1,anual,credito,cable,norte,0
24,29,70.08,2209.43,131.88,2,1,1,1,0,anual,debito,fibra,sur,1
30,58,69.45,4158.01,164.13,1,1,0,1,0,mensual,debito,fibra,centro,0
64,28,51.76,1498.54,168.33,3,0,1,3,1,mensual,efectivo,fibra,centro,0
20,4,77.62,189.32,72.92,3,1,1,3,1,mensual,debito,cable,sur,0
67,66,116.22,7723.73,123.6,4,1,0,4,1,anual,debito,movil,norte,1
23,17,58.25,933.37,167.86,1,0,0,3,0,mensual,credito,cable,centro,0
28,8,66.28,616.66,175.82,2,0,1,1,4,mensual,credito,fibra,norte,0
58,45,56.97,2757.49,182.67,2,1,0,2,1,bianual,credito,cable,norte,0
75,17,56.22,944.92,125.24,4,0,0,3,1,bianual,transferencia,ninguno,centro,0
26,62,92.8,5619.23,197.01,4,0,0,1,0,mensual,debito,movil,centro,0
58,32,52.89,1776.65,87.14,2,1,0,0,0,mensual,transferencia,movil,centro,1
45,1,56.47,55.47,45.26,2,0,0,3,0,anual,efectivo,fibra,norte,1
66,69,36.43,2698.03,106.12,1,0,0,0,0,mensual,debito,fibra,oeste,1
67,38,51.36,1958.17,179.79,2,1,0,0,1,mensual,debito,cable,oeste,0
62,19,34.25,642.31,65.69,1,1,0,0,1,bianual,efectivo,fibra,oeste,1
21,49,76.37,3753.64,46.51,2,0,1,0,0,mensual,debito,cable,norte,0
36,39,115.39,4537.17,33.97,2,0,1,1,1,mensual,credito,fibra,norte,0
34,3,58.4,50.0,156.8,1,0,1,1,1,mensual,debito,movil,centro,0
61,55,35.0,1827.61,47.62,4,1,1,0,0,bianual,credito,movil,sur,0
56,29,81.2,2487.64,147.45,3,1,0,0,1,anual,transferencia,ninguno,sur,0
49,51,51.92,2569.67,103.6,3,0,0,3,1,mensual,transferencia,movil,centro,0
28,65,88.39,5741.86,81.47,3,1,1,2,0,anual,credito,fibra,oeste,0
26,44,59.92,2608.98,70.06,2,1,0,0,1,bianual,debito,cable,centro,1
49,49,53.63,2545.45,130.31,2,1,0,0,0,anual,credito,movil,norte,0
78,19,61.8,1154.87,82.29,4,1,0,0,1,mensual,credito,fibra,norte,0
60,18,78.64,1292.91,119.75,2,1,0,2,0,mensual,credito,fibra,norte,0
28,30,60.91,1649.59,140.07,3,1,0,3,1,anual,credito,fibra,norte,0
75,62,56.06,3500.45,150.63,3,0,1,1,1,mensual,efectivo,fibra,norte,0
34,38,61.42,2527.37,166.72,1,0,1,1,0,mensual,debito,cable,norte,0
77,26,42.11,1184.52,128.24,4,0,0,3,0,anual,debito,fibra,sur,0
66,57,72.15,4204.71,67.5,1,1,1,1,1,anual,transferencia,fibra,norte,1
27,62,32.84,2162.6,143.29,2,1,1,3,1,mensual,credito,cable,oeste,0
21,65,57.01,3730.32,152.81,4,0,0,2,0,mensual,debito,movil,centro,0
71,22,78.67,1733.58,110.92,3,0,1,1,1,mensual,efectivo,fibra,oeste,0
18,52,70.45,3560.29,105.6,4,1,1,3,2,mensual,credito,movil,centro,0
21,43,75.63,3346.67,243.76,4,1,1,1,1,mensual,credito,ninguno,centro,0
47,33,63.83,2139.64,55.35,3,1,0,1,0,mensual,transferencia,fibra,centro,1
45,29,86.06,2413.15,144.68,2,1,0,2,1,mensual,credito,cable,centro,1
44,9,81.64,696.97,172.3,1,1,1,1,0,mensual,credito,fibra,sur,0
46,20,73.03,1325.42,102.94,3,0,1,0,1,bianual,debito,cable,centro,1
31,40,81.7,3331.03,111.57,2,1,0,1,1,mensual,credito,movil,norte,0
23,64,78.51,5210.02,99.93,3,1,1,1,0,mensual,credito,fibra,centro,0
41,63,57.09,3461.12,120.01,3,1,1,3,1,mensual,transferencia,movil,sur,1
37,14,40.81,696.74,164.97,1,0,1,0,1,mensual,credito,fibra,norte,1
42,49,72.57,3701.03,110.09,2,1,1,0,0,mensual,debito,movil,centro,0
65,7,74.83,384.26,275.53,4,1,1,2,0,bianual,transferencia,cable,norte,1
18,49,84.63,3898.77,97.36,2,1,0,1,0,anual,debito,fibra,oeste,1
31,25,48.15,1211.3,188.88,4,0,0,2,0,mensual,transferencia,ninguno,centro,1
73,33,48.68,1585.59,147.2,3,0,1,0,1,mensual,transferencia,cable,centro,0
56,52,73.28,3784.13,125.42,2,1,1,1,2,mensual,credito,fibra,norte,0
49,31,63.72,2110.52,193.54,4,0,1,0,0,mensual,credito,movil,centro,1
76,59,31.06,1790.3,40.0,3,1,0,1,0,mensual,debito,fibra,norte,0
43,39,71.75,3088.57,141.26,3,1,0,0,0,mensual,credito,movil,sur,1
21,72,31.66,2095.22,84.18,2,0,0,2,1,mensual,debito,fibra,centro,0
75,46,47.99,2103.46,98.2,4,1,0,4,0,mensual,credito,cable,norte,1
18,22,89.33,1860.55,95.85,2,0,1,2,0,bianual,debito,cable,centro,0
65,56,97.85,5457.12,71.81,3,1,0,0,1,mensual,credito,cable,centro,1
34,30,43.12,1464.05,37.37,4,0,1,3,0,bianual,debito,cable,oeste,0
65,39,59.07,2169.71,139.44,3,1,1,6,0,mensual,debito,fibra,centro,0
23,10,65.77,549.28,116.71,3,1,0,2,0,anual,credito,cable,sur,0
36,9,97.06,797.38,104.97,1,1,1,1,0,anual,transferencia,fibra,oeste,1
23,42,56.13,2346.69,157.96,2,0,1,1,1,anual,debito,movil,centro,0
54,14,56.42,809.27,142.6,2,1,0,2,1,anual,credito,fibra,sur,0
43,72,92.88,6640.53,106.66,4,0,0,0,0,mensual,transferencia,movil,sur,1
31,62,58.25,3456.84,272.55,4,0,0,1,1,mensual,credito,movil,sur,0
57,51,78.0,3966.33,170.9,2,1,1,0,0,bianual,credito,movil,norte,0
18,53,38.41,2207.76,242.24,2,1,1,1,0,mensual,debito,fibra,centro,1
63,43,61.92,2772.41,99.25,1,1,1,1,1,anual,debito,movil,oeste,0
23,5,35.13,120.82,132.48,2,0,0,2,1,bianual,debito,cable,sur,1
24,29,46.0,1342.57,58.09,1,1,1,2,1,mensual,efectivo,ninguno,norte,0
35,36,80.11,2943.88,103.48,1,1,1,5,1,bianual,debito,fibra,norte,1
52,66,64.1,4336.8,90.8,4,1,1,0,1,mensual,debito,movil,centro,0
69,16,59.26,1132.3,269.78,3,1,1,0,2,mensual,debito,cable,sur,0
61,36,51.52,1886.95,85.38,2,1,0,1,0,anual,transferencia,ninguno,sur,1
38,25,61.03,1385.04,108.3,2,1,1,1,0,anual,credito,fibra,centro,1
55,10,70.42,520.54,47.32,2,0,0,1,2,mensual,transferencia,fibra,centro,0
68,8,82.69,733.86,146.69,4,1,1,1,0,mensual,credito,movil,norte,0
46,27,17.75,305.55,74.99,3,1,1,3,0,anual,transferencia,fibra,centro,0
63,6,50.03,398.07,165.93,3,1,0,2,0,anual,efectivo,cable,norte,0
44,5,67.86,267.74,30.58,3,1,1,1,0,anual,credito,fibra,centro,0
44,26,63.22,1497.9,113.92,3,0,0,0,1,mensual,efectivo,ninguno,centro,1
65,15,72.26,1145.49,27.71,2,1,0,1,2,mensual,efectivo,cable,sur,0
66,40,69.82,2670.04,95.47,4,1,0,2,0,mensual,debito,fibra,oeste,1
32,2,59.51,175.67,105.64,4,1,1,0,1,mensual,credito,movil,centro,1
24,22,55.52,1243.36,90.05,2,0,1,3,1,bianual,credito,fibra,oeste,0
29,33,60.58,1770.97,94.99,2,1,1,2,0,mensual,transferencia,fibra,sur,1
73,70,85.68,6167.54,168.56,4,1,0,3,1,mensual,transferencia,movil,oeste,0
21,46,51.82,2538.96,228.72,1,1,0,1,0,bianual,transferencia,fibra,centro,0
67,64,63.87,4201.87,136.97,2,1,0,1,1,mensual,debito,fibra,sur,1
42,25,68.3,1824.25,77.0,4,0,0,0,0,anual,transferencia,cable,centro,1
70,33,93.09,2984.53,123.2,3,1,1,2,0,mensual,debito,fibra,oeste,0
58,31,59.59,1986.39,102.29,1,0,0,2,0,mensual,credito,ninguno,oeste,1
61,64,82.26,5355.6,164.47,2,0,0,2,0,anual,debito,movil,sur,0
49,70,87.18,5851.55,134.39,4,1,0,1,1,bianual,transferencia,movil,norte,1
43,70,63.85,4353.65,41.11,3,1,1,1,1,anual,transferencia,movil,sur,1
23,55,61.21,3275.59,174.9,4,1,0,1,0,mensual,debito,movil,oeste,0
37,37,59.08,2363.29,168.34,4,0,1,2,3,mensual,transferencia,fibra,oeste,0
78,39,60.4,2239.7,194.75,4,1,0,4,0,bianual,transferencia,cable,sur,0
43,71,80.38,5636.58,94.18,3,1,1,3,3,mensual,debito,movil,norte,1
40,21,69.16,1298.28,135.05,1,1,1,0,0,mensual,credito,cable,centro,0
78,25,69.24,1673.7,60.76,2,1,0,2,0,mensual,debito,ninguno,norte,1
18,65,44.75,3032.88,117.44,1,1,0,2,0,mensual,debito,movil,norte,1
56,28,47.59,1161.72,139.85,2,0,0,0,0,mensual,transferencia,fibra,centro,0
54,17,103.58,1817.48,88.2,1,1,1,0,0,bianual,debito,cable,norte,1
60,41,61.8,2428.57,137.12,3,0,1,5,0,mensual,credito,fibra,centro,0
18,24,51.05,1451.23,128.4,2,1,1,3,1,mensual,debito,movil,oeste,1
67,65,90.76,5913.19,97.51,4,1,0,1,1,bianual,debito,ninguno,norte,1
72,66,70.07,4614.53,189.87,4,1,1,0,2,bianual,credito,cable,centro,1
57,23,75.41,1664.72,108.28,1,1,1,2,1,bianual,credito,fibra,centro,1
54,39,62.52,2464.07,126.64,2,1,0,0,1,anual,transferencia,fibra,centro,0
50,71,59.26,4030.95,46.65,2,1,0,1,2,bianual,debito,fibra,oeste,1
38,54,61.95,3356.98,145.96,1,1,0,0,3,mensual,credito,cable,norte,0
73,16,40.11,571.35,96.16,3,1,0,3,0,bianual,transferencia,ninguno,oeste,0
38,43,63.42,2651.45,167.86,1,1,1,1,3,mensual,credito,fibra,centro,0
66,45,70.33,3412.02,54.44,4,0,1,3,3,mensual,transferencia,movil,norte,0
24,48,98.31,4887.35,141.53,2,1,1,1,0,mensual,debito,movil,centro,1
25,2,66.55,308.33,10.9,2,1,0,1,1,mensual,transferencia,movil,centro,0
43,22,22.98,607.59,150.79,1,1,0,2,0,anual,credito,fibra,norte,0
19,62,63.31,3974.18,111.26,3,0,0,3,0,bianual,transferencia,fibra,oeste,0
48,18,114.31,2233.71,139.97,4,0,1,0,1,mensual,debito,fibra,norte,1
53,22,80.59,1812.35,89.99,2,0,0,1,0,bianual,debito,fibra,norte,1
27,24,50.4,1283.79,72.54,1,0,0,1,2,anual,credito,fibra,centro,0
54,13,75.64,1149.74,98.27,4,1,1,1,0,mensual,credito,cable,centro,0
59,12,51.64,717.62,129.6,2,0,1,2,0,anual,debito,movil,centro,1
29,25,40.63,1068.96,148.83,3,1,1,3,0,mensual,debito,fibra,centro,0
37,63,58.73,3795.47,135.19,4,1,1,3,0,mensual,debito,cable,centro,1
67,1,66.65,79.97,73.16,3,1,1,1,1,mensual,debito,cable,centro,0
22,21,31.3,718.24,211.88,3,1,1,0,0,bianual,debito,fibra,sur,1
58,5,44.32,294.09,136.64,3,1,0,0,1,mensual,transferencia,fibra,sur,0
33,41,65.19,2524.65,88.88,4,1,0,0,0,mensual,efectivo,fibra,sur,0
61,19,57.65,1006.99,141.21,3,1,0,0,0,anual,credito,cable,oeste,0
20,58,72.11,4269.73,132.8,4,1,1,5,0,anual,debito,cable,sur,0
68,43,43.14,1870.84,111.23,2,0,1,2,0,bianual,debito,fibra,centro,1
73,57,77.85,4435.33,105.36,1,1,1,3,3,mensual,transferencia,fibra,centro,0
54,46,43.69,2044.96,169.24,1,1,1,0,0,bianual,efectivo,fibra,norte,1
46,32,94.57,2788.31,206.39,1,0,1,0,1,anual,debito,fibra,norte,0
60,62,34.12,2095.11,18.2,2,0,1,0,0,mensual,debito,movil,norte,1
76,35,45.33,1567.25,181.53,4,1,0,0,0,anual,debito,cable,centro,0
58,69,72.51,5024.79,121.0,1,1,1,2,1,mensual,credito,cable,norte,0
55,72,94.96,6939.71,131.83,3,1,1,3,0,anual,debito,cable,sur,0
49,43,70.67,2994.98,187.58,4,0,0,2,0,mensual,transferencia,fibra,oeste,0
20,49,75.13,3842.69,5.0,4,1,0,2,0,mensual,debito,fibra,centro,1
25,19,65.32,1124.27,160.74,4,0,1,0,0,bianual,debito,cable,sur,0
28,59,46.52,2827.93,184.12,1,1,1,2,1,bianual,transferencia,movil,norte,1
21,49,56.18,2690.53,85.57,1,0,1,2,1,mensual,transferencia,movil,sur,1
50,65,43.19,2947.49,50.3,4,1,0,1,0,anual,debito,cable,sur,1
42,20,41.98,866.1,202.0,1,1,0,2,1,bianual,transferencia,cable,norte,0
18,57,72.23,3972.38,32.18,4,1,1,2,0,mensual,debito,movil,oeste,1
50,34,44.78,1534.91,140.93,4,1,1,1,1,anual,debito,movil,centro,0
55,14,70.75,1038.57,171.16,2,1,0,2,0,mensual,debito,ninguno,oeste,0
30,13,41.57,567.46,139.83,4,0,1,4,1,anual,debito,fibra,centro,0
71,41,70.33,2922.99,148.23,1,0,0,0,1,mensual,debito,fibra,norte,0
37,24,56.2,1321.81,106.75,1,1,0,1,2,anual,transferencia,cable,centro,0
37,8,90.32,655.46,143.14,2,0,1,1,0,mensual,transferencia,fibra,norte,0
74,31,70.83,1998.46,84.58,1,1,1,0,1,mensual,debito,fibra,norte,1
69,48,87.24,4257.48,91.05,2,1,1,3,0,anual,debito,movil,norte,1
41,23,51.4,1243.12,121.78,2,1,1,2,0,mensual,debito,cable,oeste,0
74,69,66.01,4783.9,43.01,2,0,0,2,2,bianual,credito,cable,centro,0
54,57,47.34,2693.41,148.85,2,1,0,1,0,mensual,transferencia,fibra,centro,0
33,37,57.56,2163.02,5.0,1,1,1,0,3,mensual,debito,cable,centro,1
45,68,60.28,4117.16,138.14,3,1,1,2,0,anual,credito,cable,norte,0
46,32,51.93,1765.73,142.84,4,1,0,2,2,mensual,credito,fibra,centro,0
20,11,43.12,412.6,80.27,2,1,1,5,0,anual,transferencia,fibra,norte,0
37,3,39.56,136.75,58.3,1,1,1,1,0,mensual,debito,cable,norte,0
58,68,22.88,1559.11,99.59,4,1,0,2,0,anual,debito,movil,sur,0
35,70,45.99,3308.53,151.98,4,1,0,4,1,anual,debito,fibra,norte,0
54,54,76.29,4386.27,137.28,2,0,0,2,1,mensual,credito,fibra,centro,1
18,8,36.23,329.56,64.42,2,1,1,1,0,mensual,credito,fibra,centro,1
31,22,40.37,714.77,125.28,3,1,0,2,0,mensual,credito,fibra,centro,0
32,3,97.24,151.07,133.1,4,0,0,2,0,bianual,debito,cable,oeste,0
57,4,53.54,340.78,130.98,1,0,1,3,0,mensual,debito,fibra,sur,0
66,18,70.78,1074.37,70.67,2,1,0,0,2,mensual,credito,fibra,centro,0
42,42,76.56,3253.5,127.79,4,1,1,1,0,mensual,debito,ninguno,sur,0
72,5,76.93,296.97,165.89,1,1,1,2,1,anual,efectivo,fibra,norte,1
77,71,37.6,2993.36,146.85,1,0,0,1,1,mensual,transferencia,cable,oeste,1
35,33,60.84,1862.25,140.57,4,1,1,1,1,mensual,debito,ninguno,centro,1
43,19,35.87,602.1,202.13,4,0,1,1,2,bianual,credito,cable,centro,0
20,38,109.03,4236.9,128.39,2,1,1,1,1,bianual,debito,fibra,sur,0
39,57,36.29,2040.71,77.9,4,1,1,2,0,bianual,efectivo,fibra,oeste,0
63,23,46.14,974.92,78.06,2,0,1,0,1,anual,credito,movil,centro,0
67,4,46.27,69.22,128.8,1,1,1,2,0,mensual,debito,movil,norte,0
60,4,38.06,73.41,48.12,2,0,1,0,0,mensual,transferencia,fibra,sur,0
46,62,89.35,5430.95,104.45,3,1,1,0,2,mensual,debito,cable,centro,0
35,9,108.6,975.88,143.21,3,1,1,1,1,anual,debito,fibra,sur,0
48,46,56.44,2827.25,178.56,2,1,1,2,1,mensual,debito,fibra,norte,1
67,28,41.23,1401.94,42.8,3,1,0,1,0,mensual,debito,movil,sur,1
73,56,24.74,1630.87,124.95,1,1,0,1,2,anual,debito,fibra,norte,1
64,5,60.61,287.43,116.59,1,1,0,2,1,anual,efectivo,fibra,norte,1
45,65,59.31,3941.05,121.88,1,1,0,2,0,mensual,credito,cable,centro,0
23,51,53.28,2732.52,127.08,4,1,1,2,1,bianual,transferencia,movil,centro,1
63,33,68.98,2177.87,118.42,3,0,0,3,1,mensual,debito,movil,sur,0
47,15,72.11,865.15,189.61,1,1,0,0,0,anual,transferencia,cable,oeste,0
21,71,70.82,4816.77,182.2,1,1,1,3,0,bianual,credito,movil,norte,0
28,22,59.31,1323.43,227.16,4,1,1,3,0,mensual,transferencia,movil,centro,1
78,36,45.17,1462.49,119.47,3,1,0,2,2,bianual,transferencia,ninguno,centro,0
28,29,76.98,2136.96,99.47,3,1,1,0,1,anual,credito,cable,centro,1
43,17,65.23,1153.19,71.61,2,0,0,2,0,bianual,credito,cable,sur,0
40,30,80.99,2149.83,94.03,2,1,0,3,0,mensual,efectivo,movil,centro,1
47,11,79.22,1047.56,155.73,1,1,0,1,0,mensual,debito,fibra,centro,0
27,1,39.41,50.0,163.43,3,0,1,2,1,mensual,debito,cable,norte,0
40,21,39.18,777.61,153.78,3,0,0,0,1,anual,efectivo,movil,norte,0
68,9,51.4,385.99,86.78,3,0,0,3,1,mensual,efectivo,ninguno,sur,0
24,30,45.99,1436.45,87.05,4,1,0,3,1,mensual,credito,fibra,sur,1
45,63,78.59,4835.4,217.82,3,1,1,3,2,bianual,transferencia,cable,norte,0
67,12,71.32,1014.33,78.4,4,1,0,3,1,mensual,efectivo,movil,norte,1
71,1,84.79,188.9,190.83,3,1,0,1,0,mensual,credito,cable,centro,1
71,8,72.14,490.18,140.23,1,1,0,2,1,anual,debito,fibra,centro,0
51,37,68.76,2520.58,83.37,3,0,1,1,1,mensual,credito,fibra,centro,1
20,20,86.6,1877.56,60.78,4,1,0,4,1,mensual,credito,fibra,centro,0
54,36,73.46,2693.25,85.55,3,1,1,1,0,mensual,debito,fibra,norte,0
75,3,66.23,171.55,140.88,1,1,1,1,0,mensual,efectivo,fibra,norte,0
52,24,91.65,2110.27,74.52,1,0,1,1,1,mensual,transferencia,movil,centro,0
59,30,67.07,1998.62,197.72,1,1,1,1,0,anual,transferencia,fibra,sur,0
29,32,59.52,1855.02,109.61,3,1,0,5,1,mensual,credito,fibra,centro,1
62,40,49.92,2033.89,155.02,2,1,1,1,0,mensual,debito,cable,centro,0
26,57,77.65,4388.39,150.99,2,1,0,1,2,bianual,credito,fibra,centro,1
40,34,87.27,2851.09,201.1,4,1,1,2,0,anual,transferencia,ninguno,sur,1
36,61,64.09,4041.19,98.1,4,1,0,3,2,mensual,credito,fibra,norte,1
19,39,88.54,3518.27,125.3,1,1,1,0,0,bianual,debito,movil,centro,1
58,19,29.54,441.55,49.93,4,1,1,3,0,mensual,transferencia,fibra,sur,0
25,17,64.0,1017.24,125.16,4,0,1,3,1,anual,debito,ninguno,sur,1
70,24,64.28,1627.9,177.0,1,1,0,2,0,bianual,credito,cable,norte,0
69,44,51.91,2183.39,130.97,4,1,0,0,2,anual,credito,ninguno,centro,0
27,18,107.91,1921.96,235.63,4,0,0,0,2,mensual,efectivo,cable,oeste,1
48,66,63.81,4176.56,145.99,2,1,1,3,1,anual,debito,cable,centro,1
23,35,57.66,1931.3,92.98,3,1,0,3,0,mensual,debito,fibra,sur,0
30,63,65.47,3997.22,142.79,1,1,1,4,0,mensual,efectivo,fibra,centro,1
69,50,28.95,1440.93,46.83,3,1,1,2,0,anual,efectivo,fibra,sur,1
38,25,51.32,1171.35,80.05,2,1,0,2,0,mensual,debito,movil,sur,0
39,17,82.7,1334.33,59.15,2,0,0,2,1,mensual,transferencia,cable,oeste,1
73,54,53.68,3000.65,120.81,4,1,1,3,0,mensual,efectivo,cable,oeste,0
33,24,50.08,1115.87,116.97,4,1,1,3,2,mensual,debito,fibra,centro,1
30,18,88.57,1649.14,180.26,2,0,0,2,0,mensual,transferencia,fibra,norte,0
18,67,89.12,6085.91,115.05,1,0,0,2,0,anual,debito,cable,sur,1
66,35,74.31,2588.0,69.87,3,0,1,0,2,anual,transferencia,fibra,norte,1
30,4,56.81,288.42,197.97,4,1,0,0,0,anual,debito,fibra,centro,0
44,36,60.69,2082.01,5.0,4,1,0,1,1,mensual,transferencia,ninguno,sur,1
20,34,50.53,1806.96,121.92,2,1,1,2,0,mensual,transferencia,fibra,sur,0
49,63,47.09,3044.08,130.88,3,1,0,1,0,bianual,debito,cable,oeste,0
60,52,46.2,2577.0,119.49,1,1,0,1,0,mensual,transferencia,fibra,oeste,1
37,14,53.88,894.95,145.0,2,1,1,1,2,mensual,debito,cable,sur,0
22,11,46.38,541.91,125.53,3,1,1,0,1,bianual,debito,cable,centro,1
31,44,36.85,1952.64,144.98,4,1,1,0,2,mensual,efectivo,cable,oeste,0
63,4,68.95,381.85,89.89,2,1,1,1,0,mensual,efectivo,movil,oeste,1
71,23,69.22,1744.81,47.05,4,1,0,1,0,mensual,transferencia,fibra,centro,1
59,10,95.61,900.77,117.68,2,1,1,3,1,anual,efectivo,fibra,norte,1
74,2,52.97,61.69,68.67,3,0,1,0,0,mensual,debito,fibra,centro,0
20,67,70.33,4720.79,83.57,3,1,1,2,1,anual,credito,cable,centro,0
65,7,70.63,374.13,178.07,3,1,0,1,0,anual,transferencia,fibra,sur,0
78,1,60.43,64.97,197.9,2,1,0,2,1,anual,efectivo,cable,oeste,0
71,68,78.4,5326.49,177.14,3,1,1,3,0,mensual,credito,fibra,centro,1
77,14,78.95,1236.61,167.87,1,1,1,0,0,mensual,debito,cable,oeste,1
49,59,70.89,4322.57,123.0,4,0,1,2,1,bianual,transferencia,fibra,norte,0
75,3,60.4,195.73,170.77,3,1,0,4,0,bianual,debito,movil,centro,0
44,12,58.56,657.99,137.78,2,1,1,1,0,mensual,transferencia,ninguno,centro,0
32,8,40.38,537.9,217.37,2,0,0,5,0,mensual,debito,fibra,sur,0
70,51,50.49,2392.54,74.09,1,1,0,2,0,anual,credito,movil,oeste,0
58,45,53.8,2234.79,153.63,1,0,1,0,0,anual,debito,movil,centro,1
59,35,44.77,1624.63,56.79,2,0,1,2,0,bianual,transferencia,fibra,centro,0
45,18,72.92,1304.24,153.92,1,1,0,3,1,anual,efectivo,cable,oeste,0
78,7,86.54,568.91,34.04,3,1,1,1,0,mensual,credito,fibra,centro,1
38,41,48.65,1775.14,59.32,2,1,0,1,1,anual,efectivo,movil,centro,0
55,17,70.1,1086.31,55.87,1,1,1,0,0,bianual,credito,movil,norte,1
43,43,46.39,2172.13,132.61,3,0,1,1,2,mensual,debito,cable,centro,1
38,50,59.51,3132.39,137.73,3,0,1,1,2,mensual,transferencia,cable,sur,1
60,62,52.57,3354.21,242.52,2,0,0,4,0,mensual,debito,cable,centro,1
26,36,75.83,2631.94,115.44,3,1,0,4,1,mensual,debito,cable,norte,0
24,1,52.78,50.0,158.63,4,1,1,3,1,bianual,transferencia,cable,oeste,1
57,21,83.21,1699.12,128.04,3,1,0,0,0,mensual,debito,cable,centro,1
45,62,60.58,3674.74,154.44,2,1,0,0,1,anual,efectivo,movil,centro,1
26,39,53.31,2013.79,127.18,3,0,1,1,1,mensual,credito,cable,centro,0
75,45,42.44,1897.69,174.98,4,1,1,2,0,mensual,debito,fibra,norte,0
75,33,69.56,2118.4,67.37,3,1,0,1,1,anual,credito,fibra,centro,0
55,12,81.11,1115.02,5.0,2,1,1,6,1,mensual,debito,fibra,centro,1
40,65,69.92,4528.54,140.87,1,1,1,2,0,anual,transferencia,cable,centro,0
73,56,105.3,5836.54,29.75,3,1,0,0,0,mensual,debito,fibra,centro,1
30,72,90.74,6344.12,185.59,4,1,0,1,1,anual,transferencia,fibra,sur,1
19,62,59.46,3780.45,92.59,3,1,0,2,0,bianual,debito,movil,centro,1
55,21,59.28,1119.83,68.09,3,1,0,2,1,mensual,debito,movil,norte,0
52,19,73.45,1453.38,255.03,1,1,1,0,1,mensual,credito,cable,norte,0
35,18,49.92,792.85,119.08,4,0,0,0,0,bianual,credito,cable,sur,1
60,67,85.99,5775.02,109.49,2,1,1,3,1,mensual,credito,cable,centro,0
32,41,71.51,2778.02,157.4,4,0,1,2,1,mensual,credito,cable,sur,1
38,33,69.62,2277.03,160.77,3,0,1,1,1,bianual,debito,fibra,centro,1
26,70,77.37,5406.58,176.96,3,0,0,1,1,mensual,credito,cable,oeste,0
25,44,96.01,4243.83,53.35,2,1,0,1,0,anual,efectivo,cable,norte,0
24,66,68.08,4599.29,146.81,2,0,0,2,0,mensual,debito,fibra,centro,0
23,71,62.97,4532.85,105.34,2,1,0,0,2,anual,credito,movil,oeste,1
30,6,92.16,740.52,73.95,2,1,0,1,0,anual,debito,fibra,oeste,1
50,27,82.42,2053.68,122.41,3,1,0,2,0,mensual,transferencia,fibra,centro,0
41,53,59.22,3389.62,29.44,1,1,1,2,0,mensual,debito,movil,centro,1
29,59,65.09,3953.13,166.15,3,0,0,2,0,mensual,debito,fibra,norte,1
25,11,68.52,700.63,105.47,1,1,0,3,0,mensual,credito,fibra,centro,0
21,23,71.51,1763.41,96.12,3,1,0,4,0,anual,transferencia,cable,oeste,0
56,40,40.58,1835.18,113.12,2,0,0,4,0,bianual,debito,fibra,sur,1
68,58,37.24,2293.43,111.62,3,1,1,3,1,anual,transferencia,movil,norte,0
32,9,49.03,322.78,177.03,2,0,1,1,0,anual,debito,fibra,norte,1
67,44,47.63,2100.64,65.21,4,0,1,5,1,mensual,efectivo,ninguno,sur,0
61,22,53.41,1265.59,100.89,4,1,0,5,0,anual,efectivo,fibra,sur,1
63,16,76.42,1218.94,109.17,3,0,0,2,1,anual,transferencia,fibra,centro,1
35,38,61.96,2407.26,66.74,1,1,1,1,1,mensual,transferencia,cable,centro,1
51,30,68.54,2117.37,127.97,3,0,0,1,0,mensual,credito,fibra,oeste,1
52,46,42.96,1857.77,83.81,3,1,0,0,1,mensual,transferencia,fibra,oeste,0
49,23,56.69,1454.91,49.79,1,1,1,2,0,mensual,debito,fibra,sur,0
63,60,75.57,4545.19,146.31,3,0,1,2,0,anual,transferencia,fibra,centro,1
51,6,75.71,448.88,197.36,1,1,1,4,0,mensual,credito,movil,centro,1
53,63,51.96,3165.53,122.42,1,1,1,1,0,anual,transferencia,movil,centro,0
65,3,67.91,174.7,114.84,3,1,1,1,0,bianual,credito,fibra,centro,1
33,53,104.58,5655.15,113.78,2,1,1,2,0,bianual,credito,cable,oeste,1
58,25,64.68,1645.77,94.2,3,1,0,0,0,anual,debito,cable,norte,0
59,28,52.52,1555.48,178.5,2,0,1,2,0,bianual,credito,fibra,centro,1
26,2,61.87,119.66,124.7,2,1,0,2,0,mensual,credito,cable,norte,1
61,51,66.66,3410.22,11.07,1,1,1,2,0,anual,transferencia,ninguno,centro,0
39,12,62.28,550.35,179.95,3,1,0,1,0,anual,debito,fibra,oeste,0
60,48,64.44,3140.08,167.69,3,0,1,1,2,bianual,efectivo,fibra,centro,0
59,53,39.02,2044.67,150.08,1,1,1,2,0,anual,transferencia,fibra,oeste,1
34,61,47.67,2945.95,5.0,1,0,0,1,3,mensual,transferencia,cable,centro,0
51,51,62.31,2919.71,119.85,4,1,1,0,1,anual,efectivo,movil,centro,0
49,22,62.03,1668.65,164.67,4,1,1,1,0,anual,credito,fibra,norte,0
74,54,54.81,2968.56,138.97,2,0,1,1,1,mensual,efectivo,fibra,norte,0
28,60,61.81,3764.01,130.26,4,1,0,2,2,anual,credito,fibra,oeste,0
34,23,66.1,1566.77,164.78,3,0,1,2,0,anual,debito,movil,centro,0
42,9,81.01,691.17,126.97,3,0,1,1,3,anual,debito,cable,centro,1
62,65,63.21,4159.25,180.18,4,1,0,3,1,bianual,debito,fibra,norte,0
32,11,72.18,936.44,128.09,3,1,1,1,0,anual,debito,fibra,norte,0
61,43,55.25,2397.15,124.11,3,1,0,1,0,bianual,credito,fibra,centro,1
27,18,75.3,1458.4,164.62,1,0,1,1,0,mensual,efectivo,ninguno,norte,0
64,10,71.76,809.88,100.07,3,1,1,4,1,mensual,debito,cable,sur,1
64,56,80.58,4597.25,65.14,2,0,1,1,1,mensual,efectivo,fibra,oeste,1
57,11,77.84,1078.35,120.19,1,0,1,1,1,mensual,transferencia,movil,sur,0
77,49,75.6,3746.72,149.52,3,1,1,3,1,anual,transferencia,ninguno,centro,0
72,50,63.23,3152.28,166.27,1,1,1,1,0,anual,transferencia,fibra,norte,0
59,5,69.41,341.94,166.54,4,0,1,1,0,mensual,efectivo,fibra,centro,1
65,13,84.14,1142.85,116.57,4,0,1,3,1,mensual,debito,ninguno,centro,0
57,58,53.26,2926.82,111.43,3,1,0,1,2,bianual,credito,fibra,norte,0
67,37,53.69,2154.46,90.39,4,0,0,1,0,mensual,debito,fibra,centro,1
67,9,68.27,585.17,132.49,4,0,1,1,0,mensual,debito,fibra,centro,1
45,72,72.48,5207.52,37.94,4,1,0,2,0,anual,credito,movil,centro,1
26,20,50.17,847.01,121.14,1,0,1,3,0,anual,credito,fibra,sur,0
22,1,63.65,76.79,262.48,4,1,1,2,2,mensual,efectivo,fibra,oeste,1
35,67,63.31,4079.11,44.81,1,1,0,0,2,mensual,debito,cable,centro,0
51,2,25.12,50.0,127.84,1,0,0,2,4,mensual,efectivo,movil,norte,1
35,40,61.05,2354.38,138.89,4,1,1,3,0,mensual,debito,fibra,norte,1
47,72,62.17,4446.65,145.32,4,1,1,0,1,mensual,credito,fibra,oeste,0
30,42,62.11,2505.71,71.67,3,0,1,3,0,mensual,debito,cable,norte,0
74,43,90.49,3925.37,145.78,1,0,0,2,0,mensual,efectivo,fibra,centro,0
44,28,43.12,1354.51,93.27,2,1,0,0,0,mensual,credito,cable,oeste,0
59,10,50.16,527.79,48.62,3,0,0,3,0,anual,debito,fibra,oeste,1
51,42,17.98,489.18,167.6,3,1,0,1,1,mensual,efectivo,movil,sur,1
66,65,56.34,3659.89,153.23,3,1,1,1,0,mensual,debito,fibra,norte,0
52,7,57.88,474.85,71.67,1,1,1,2,0,mensual,efectivo,fibra,norte,0
60,64,55.82,3528.05,92.81,3,1,0,1,1,mensual,debito,fibra,sur,0
69,30,84.94,2586.06,91.0,1,1,0,4,2,anual,debito,fibra,centro,1
56,39,80.49,3170.89,37.82,2,1,1,3,1,mensual,debito,cable,centro,0
56,12,66.4,664.83,158.12,1,1,0,4,1,bianual,transferencia,cable,centro,1
73,45,58.33,2769.39,160.0,4,1,0,0,0,anual,transferencia,movil,centro,0
61,14,83.47,1133.84,103.37,2,1,1,2,0,mensual,credito,cable,norte,1
22,20,64.64,1253.34,118.59,3,0,0,1,1,bianual,debito,fibra,sur,0
66,52,50.27,2668.28,125.73,1,0,1,2,1,mensual,credito,movil,centro,0
71,4,34.11,50.0,132.22,4,1,0,0,1,mensual,credito,fibra,oeste,1
54,33,57.06,2034.9,52.62,2,0,0,2,0,mensual,credito,cable,oeste,1
67,43,78.58,3261.05,144.42,2,1,0,1,0,anual,credito,cable,oeste,0
23,10,105.98,1276.91,61.22,2,0,0,3,1,anual,credito,fibra,centro,1
78,22,66.11,1589.6,154.07,2,0,0,0,0,anual,credito,cable,oeste,1
70,25,51.22,1159.25,66.76,2,0,1,1,1,bianual,credito,ninguno,oeste,1
26,48,43.67,2136.15,54.99,4,0,0,2,1,bianual,debito,fibra,centro,0
58,71,74.94,5206.02,118.6,1,1,1,0,0,mensual,efectivo,cable,centro,0
69,61,33.24,1896.43,117.47,4,1,0,2,0,bianual,transferencia,fibra,sur,0
62,14,74.91,749.0,125.19,2,1,0,1,2,mensual,transferencia,fibra,oeste,1
32,2,79.72,235.56,75.36,1,1,1,1,0,bianual,transferencia,fibra,centro,0
32,4,72.85,236.62,130.14,4,1,1,1,1,mensual,credito,fibra,oeste,1
21,43,61.05,2719.35,134.85,2,1,0,4,0,mensual,efectivo,fibra,norte,1
51,12,75.17,929.1,178.29,4,0,0,0,0,mensual,credito,movil,sur,0
33,17,68.08,1011.27,129.25,1,1,1,2,0,mensual,credito,fibra,norte,0
52,62,50.99,3262.3,90.03,1,1,0,3,2,anual,transferencia,cable,oeste,0
27,63,98.31,6255.84,52.65,4,1,1,4,1,mensual,transferencia,fibra,centro,0
43,61,58.67,3521.32,43.49,2,1,0,2,1,mensual,credito,fibra,centro,0
35,19,78.96,1617.26,136.15,2,1,1,1,0,bianual,transferencia,cable,sur,0
26,45,21.46,933.24,159.66,1,0,1,2,1,anual,credito,cable,norte,1
73,44,87.98,3776.78,75.49,2,0,0,1,1,anual,credito,cable,oeste,1
24,14,91.44,1257.28,132.76,3,1,0,4,1,bianual,efectivo,cable,sur,0
58,40,65.54,2577.24,111.29,1,1,1,2,1,mensual,credito,cable,sur,0
44,38,75.06,2674.2,155.91,4,1,0,1,0,mensual,transferencia,fibra,oeste,1
52,29,75.05,1860.07,163.3,2,1,0,1,1,mensual,transferencia,fibra,norte,1
34,55,53.43,3136.27,6.69,4,1,0,1,1,mensual,debito,fibra,norte,0
71,49,74.85,3803.52,171.61,2,1,0,0,2,mensual,transferencia,fibra,centro,0
39,39,50.44,2144.53,132.61,3,1,1,2,1,anual,debito,fibra,centro,0
72,53,54.04,2972.35,93.43,4,1,1,3,1,mensual,transferencia,cable,oeste,0
41,55,85.28,4640.74,94.83,3,1,1,2,1,anual,transferencia,fibra,oeste,1
76,41,82.54,3363.02,121.59,4,1,0,2,1,anual,transferencia,cable,sur,0
62,20,52.29,971.88,94.81,3,1,1,1,1,mensual,efectivo,fibra,norte,0
71,55,51.8,2913.94,73.15,2,0,1,4,0,mensual,credito,ninguno,centro,0
25,52,53.38,2832.51,84.61,4,0,0,0,1,mensual,debito,movil,sur,1
67,71,78.19,5510.35,67.99,4,1,1,0,0,anual,credito,ninguno,oeste,0
61,11,47.0,569.58,187.33,4,1,0,0,1,mensual,transferencia,cable,norte,0
19,31,71.42,2353.23,122.8,4,0,0,0,0,anual,credito,ninguno,norte,0
21,67,78.44,5255.13,232.64,1,1,0,1,0,mensual,debito,fibra,norte,1
51,38,63.41,2269.94,138.55,4,1,0,0,0,anual,credito,cable,norte,1
56,68,83.18,5711.02,149.45,1,1,0,1,0,mensual,efectivo,movil,norte,1
41,1,59.52,50.0,66.92,2,0,0,0,0,mensual,credito,cable,centro,1
74,3,61.15,86.39,109.09,4,0,0,0,1,mensual,efectivo,fibra,oeste,1
21,58,47.41,2782.92,123.63,3,1,1,1,2,anual,credito,cable,oeste,0
39,26,83.31,2240.3,88.14,1,0,1,5,1,mensual,efectivo,ninguno,norte,1
23,38,51.2,1957.04,96.76,4,0,1,2,3,anual,transferencia,cable,norte,1
78,31,71.3,2088.75,141.01,3,0,0,1,0,mensual,credito,fibra,centro,0
44,30,63.72,2245.81,141.99,4,1,1,1,0,bianual,credito,fibra,sur,0
19,68,46.05,3068.79,53.15,4,1,1,3,1,bianual,efectivo,fibra,centro,0
75,7,54.04,432.87,134.19,3,1,1,1,1,mensual,efectivo,movil,centro,1
62,56,89.89,4963.74,147.65,2,1,1,4,0,mensual,credito,cable,oeste,1
45,65,68.63,4348.17,90.49,1,1,0,1,0,anual,transferencia,fibra,norte,1
54,48,46.84,2254.56,85.4,3,0,1,1,0,mensual,efectivo,movil,norte,0
65,29,70.5,1991.43,142.07,2,1,1,3,1,mensual,debito,fibra,norte,0
33,12,62.37,759.87,5.0,2,1,1,1,0,mensual,credito,movil,centro,0
30,50,127.17,6279.79,120.1,3,1,0,0,1,anual,transferencia,movil,norte,0
69,34,70.13,2400.58,201.72,2,1,0,3,1,mensual,debito,cable,sur,0
32,11,58.15,549.61,5.0,1,0,1,3,1,bianual,transferencia,ninguno,sur,0
58,26,90.56,2483.74,161.14,4,1,1,4,0,mensual,debito,movil,norte,1
69,70,31.86,2265.95,147.22,2,1,1,2,2,mensual,credito,fibra,oeste,1
21,20,66.7,1318.95,48.09,3,0,0,0,0,mensual,credito,fibra,oeste,0
35,13,100.9,1309.72,146.02,3,1,0,0,0,bianual,transferencia,ninguno,centro,0
20,50,62.91,3100.26,170.07,1,1,0,1,1,bianual,debito,cable,oeste,0
57,15,33.8,521.32,61.17,4,1,1,0,1,mensual,credito,fibra,sur,0
29,67,57.87,4057.0,84.64,4,0,1,2,1,anual,debito,movil,oeste,0
18,62,91.18,5584.61,121.31,3,1,0,2,0,mensual,debito,cable,centro,0
67,71,71.77,5114.92,168.88,4,0,0,2,0,mensual,transferencia,fibra,norte,1
19,66,49.9,3201.29,92.94,3,0,0,1,0,mensual,debito,fibra,centro,0
52,18,52.67,650.23,117.9,2,1,0,1,1,anual,debito,movil,centro,1
46,16,54.93,952.43,86.76,1,0,1,0,0,mensual,debito,movil,centro,1
36,25,71.5,1916.91,121.23,4,1,1,0,1,mensual,credito,movil,oeste,0
53,34,89.09,3081.33,172.33,3,1,0,1,0,mensual,debito,movil,sur,0
54,64,83.94,5652.32,125.29,2,1,0,1,0,bianual,credito,fibra,oeste,1
22,53,73.21,3836.96,102.13,4,0,1,4,0,bianual,transferencia,fibra,oeste,1
23,47,41.03,1820.95,118.36,3,0,0,1,1,mensual,debito,fibra,sur,1
66,64,41.1,2772.47,79.97,2,1,1,3,1,anual,debito,fibra,centro,0
28,47,74.6,3655.72,70.28,1,0,0,1,0,anual,credito,movil,norte,1
21,28,40.78,1273.62,180.17,4,0,0,3,2,bianual,transferencia,fibra,centro,0
29,30,60.94,1698.51,201.89,1,1,0,1,0,mensual,debito,cable,norte,0
58,38,70.47,2594.0,30.42,2,0,0,4,0,mensual,transferencia,movil,norte,0
29,7,44.52,114.52,149.11,3,1,0,1,1,mensual,efectivo,movil,sur,0
59,54,46.56,2751.0,162.95,3,0,1,0,0,anual,debito,fibra,norte,1
75,47,63.31,2865.14,59.42,3,0,0,2,0,mensual,debito,fibra,oeste,0
44,53,74.07,3780.93,96.41,4,1,1,2,1,mensual,transferencia,fibra,oeste,1
77,39,84.11,3267.78,91.15,3,1,0,3,1,anual,efectivo,cable,norte,0
46,57,75.93,4342.09,215.05,4,0,0,1,0,bianual,debito,movil,norte,0
72,69,66.33,4656.72,202.62,3,0,0,2,0,mensual,credito,cable,oeste,0
18,42,51.57,2150.31,73.94,2,1,0,3,1,mensual,transferencia,fibra,norte,0
61,32,45.72,1381.52,47.04,2,1,0,2,1,mensual,credito,cable,oeste,1
50,8,55.8,398.91,158.65,2,1,0,1,0,mensual,credito,fibra,centro,0
70,57,72.38,4053.24,147.2,2,0,1,0,0,mensual,credito,movil,centro,0
36,66,71.06,4857.19,182.2,4,1,0,1,1,mensual,efectivo,fibra,norte,0
71,51,27.2,1386.44,67.05,1,1,0,1,1,mensual,credito,fibra,sur,0
31,63,50.86,3280.35,156.18,2,1,1,1,0,bianual,credito,fibra,oeste,0
46,63,86.68,5435.73,83.41,1,1,0,2,0,mensual,credito,cable,sur,0
24,58,66.43,3633.72,151.16,1,0,1,1,2,mensual,debito,fibra,oeste,1
29,37,39.49,1658.29,118.14,2,0,1,3,0,mensual,credito,fibra,centro,1
55,8,107.4,928.85,215.03,2,0,0,1,2,bianual,debito,movil,oeste,0
39,1,64.48,111.02,142.37,2,0,0,3,2,mensual,credito,fibra,centro,0
70,15,71.92,824.35,104.3,3,0,1,0,0,mensual,credito,fibra,centro,0
74,32,72.19,2293.39,126.9,1,1,1,3,1,mensual,transferencia,fibra,oeste,0
25,54,58.38,3337.61,114.97,3,1,1,2,1,mensual,transferencia,fibra,oeste,0
66,33,51.9,1868.18,62.28,2,1,1,2,0,mensual,credito,cable,oeste,0
62,2,103.19,180.26,216.24,1,1,0,2,0,anual,credito,fibra,norte,0
57,16,83.06,1475.28,199.94,4,0,1,1,1,mensual,debito,fibra,centro,0
47,71,79.79,5853.52,111.18,3,0,0,4,0,anual,credito,ninguno,centro,0
57,72,75.37,5408.1,154.99,2,1,0,1,0,mensual,debito,cable,centro,1
18,28,46.94,1472.48,222.57,3,1,1,1,1,anual,debito,movil,oeste,1
32,58,88.0,5256.77,181.84,3,1,1,0,0,bianual,transferencia,movil,norte,1
47,52,49.82,2691.3,104.63,3,1,0,0,1,mensual,efectivo,fibra,centro,0
69,68,70.1,4879.08,115.6,3,1,0,0,1,anual,credito,cable,sur,1
69,64,35.49,2166.58,34.12,2,0,0,1,1,mensual,debito,cable,centro,1
51,46,28.26,1394.15,158.74,3,0,1,2,0,anual,debito,fibra,norte,1
76,29,70.73,2036.1,182.14,4,0,1,3,0,mensual,debito,fibra,sur,0
74,46,50.44,2211.74,182.49,1,1,1,2,2,bianual,transferencia,fibra,centro,0
46,23,29.19,853.85,155.05,4,1,1,3,0,mensual,credito,fibra,sur,1
22,26,74.73,1928.84,137.62,2,1,1,2,0,mensual,efectivo,fibra,sur,0
45,44,103.16,4567.18,70.11,1,1,0,0,0,mensual,credito,fibra,norte,1
60,42,90.01,3797.33,135.99,3,1,0,1,0,mensual,credito,cable,norte,0
38,42,60.37,2348.75,88.42,4,1,0,1,1,anual,transferencia,fibra,centro,0
73,28,65.16,1789.0,146.26,3,0,0,4,1,anual,debito,movil,sur,0
41,30,80.98,2522.24,81.81,3,1,0,3,1,mensual,transferencia,fibra,norte,1
68,1,85.2,86.93,145.94,2,1,1,5,0,anual,transferencia,cable,sur,0
47,44,58.82,2545.73,186.16,2,1,0,3,1,mensual,debito,movil,sur,0
44,42,65.62,2796.06,138.86,2,0,0,1,4,anual,debito,fibra,norte,1
22,68,70.41,4916.77,136.42,4,1,1,1,0,mensual,credito,fibra,norte,1
35,37,74.97,2577.77,165.65,2,0,1,1,1,mensual,efectivo,fibra,norte,1
57,34,62.6,2115.84,208.52,1,1,0,1,1,mensual,efectivo,fibra,centro,0
46,5,62.84,316.51,114.64,1,0,1,4,1,mensual,debito,fibra,centro,0
39,15,89.84,1559.93,146.05,2,0,1,1,0,anual,transferencia,cable,norte,0
24,25,86.77,2314.02,195.56,3,1,0,3,2,bianual,transferencia,cable,sur,1
58,28,73.59,1894.86,153.46,4,1,0,0,0,mensual,transferencia,fibra,oeste,0
54,27,95.94,2751.16,19.88,1,0,1,3,1,mensual,debito,ninguno,oeste,1
56,29,58.04,1665.07,84.22,1,0,0,1,1,mensual,efectivo,movil,centro,0
24,56,94.21,5082.63,157.55,3,0,1,1,0,anual,transferencia,fibra,sur,1
72,10,74.77,586.51,99.99,4,1,0,3,0,mensual,credito,movil,oeste,0
30,24,123.88,3136.96,192.02,2,1,1,2,0,anual,debito,fibra,norte,0
35,12,43.54,577.02,212.9,3,1,1,3,0,anual,debito,movil,sur,1
31,23,52.59,1091.61,90.49,3,0,0,2,1,mensual,debito,movil,centro,0
75,50,72.54,3816.95,68.37,1,1,0,2,2,bianual,transferencia,fibra,sur,0
48,4,72.15,373.78,101.94,2,1,0,0,1,mensual,transferencia,fibra,oeste,0
58,25,100.1,2471.77,99.05,1,0,1,3,0,anual,efectivo,cable,centro,0
61,2,52.97,141.82,196.8,4,1,0,1,1,mensual,credito,fibra,oeste,1
55,69,81.29,5503.78,68.23,1,1,1,1,0,mensual,efectivo,cable,sur,1
62,53,85.92,4793.65,157.12,1,0,1,1,0,mensual,efectivo,movil,norte,1
51,18,77.68,1255.89,189.39,4,1,0,3,0,anual,debito,fibra,oeste,0
56,15,47.7,560.9,160.96,1,1,0,4,2,mensual,debito,fibra,centro,0
30,8,90.34,746.08,141.82,2,1,0,3,2,bianual,transferencia,cable,centro,0
44,35,87.13,3395.24,111.89,3,1,0,2,1,mensual,credito,cable,sur,0
18,55,75.79,3999.76,212.45,3,1,1,0,0,mensual,debito,cable,norte,1
49,43,68.68,3051.07,107.74,4,1,0,1,3,anual,transferencia,fibra,centro,0
52,64,69.07,4428.85,167.41,4,1,1,4,1,mensual,debito,cable,sur,0
49,25,63.58,1637.43,112.06,4,0,0,1,0,mensual,credito,fibra,oeste,1
73,21,76.53,1744.18,27.91,4,1,0,1,1,mensual,efectivo,fibra,sur,1
48,35,65.56,2212.35,106.52,3,0,0,2,3,mensual,debito,fibra,sur,1
69,15,49.73,715.03,112.19,4,0,1,0,0,mensual,debito,movil,centro,1
50,71,46.13,3192.51,112.83,3,1,1,4,2,mensual,credito,movil,sur,0
22,14,51.46,888.64,86.98,3,1,0,1,0,anual,transferencia,movil,norte,1
20,35,69.0,2567.67,151.29,4,0,1,3,0,bianual,debito,movil,norte,1
36,38,64.51,2316.49,156.85,1,1,0,1,1,mensual,credito,fibra,centro,0
65,5,68.88,390.11,104.71,2,0,0,1,1,anual,credito,cable,norte,0
47,34,74.01,2642.19,104.29,2,0,0,2,0,mensual,transferencia,movil,centro,0
40,33,53.71,1581.6,67.47,3,1,0,1,1,mensual,transferencia,movil,oeste,0
47,19,91.38,1902.8,132.72,2,0,1,1,0,mensual,debito,movil,norte,0
75,10,60.18,593.98,188.9,2,1,0,1,0,mensual,debito,fibra,sur,1
29,4,57.2,174.38,188.93,4,0,1,0,1,mensual,debito,fibra,sur,0
54,1,73.68,241.29,90.04,4,1,1,2,0,mensual,debito,movil,centro,1
59,35,31.94,1253.6,219.56,4,0,0,2,1,mensual,debito,fibra,centro,1
68,7,50.77,191.15,101.89,2,0,1,3,1,mensual,transferencia,fibra,oeste,0
47,70,82.66,5872.72,69.2,2,1,1,1,2,mensual,transferencia,ninguno,oeste,0
75,18,33.73,688.83,51.91,3,1,0,2,1,mensual,debito,ninguno,sur,1
70,47,85.12,3738.99,66.19,2,0,0,1,0,mensual,transferencia,fibra,norte,0
24,49,92.2,4585.14,136.69,3,0,1,0,0,anual,credito,fibra,sur,1
33,36,58.35,2051.14,107.13,2,0,1,2,0,mensual,transferencia,fibra,centro,0
33,64,70.25,4631.48,88.4,1,1,1,3,1,mensual,efectivo,fibra,sur,0
73,8,85.14,578.48,77.63,2,1,0,0,0,mensual,debito,fibra,centro,1
25,17,56.6,976.92,65.69,4,0,0,2,1,anual,credito,fibra,centro,1
68,19,80.62,1467.54,75.51,1,0,1,1,0,anual,debito,movil,norte,0
77,10,52.92,452.92,170.77,1,1,0,3,0,anual,efectivo,fibra,centro,1
43,22,56.4,978.23,210.17,4,1,1,1,2,mensual,debito,fibra,sur,1
26,23,50.61,1291.89,213.26,2,0,1,4,0,anual,credito,cable,oeste,0
67,56,71.17,4124.8,154.35,3,0,1,1,1,mensual,debito,fibra,centro,0
44,22,85.84,1897.13,95.39,4,1,0,1,0,bianual,credito,movil,centro,1
56,64,61.69,3992.63,86.61,3,1,1,2,0,anual,credito,fibra,norte,0
36,56,42.12,2270.68,157.81,4,1,1,0,0,mensual,transferencia,fibra,centro,1
45,65,45.51,3087.14,107.68,1,1,1,0,1,bianual,debito,fibra,centro,1
41,8,72.1,606.38,140.6,4,0,1,3,1,mensual,debito,fibra,oeste,0
49,71,98.19,6978.97,216.52,2,0,1,0,0,bianual,debito,fibra,centro,1
18,45,72.09,3420.61,130.84,1,1,1,3,1,mensual,debito,movil,oeste,1
51,71,58.04,3964.7,233.89,2,1,0,3,1,mensual,debito,movil,centro,0
35,26,78.79,1815.5,63.66,3,0,0,4,1,mensual,credito,movil,centro,0
31,69,60.69,4240.97,142.37,1,1,1,3,0,mensual,credito,cable,sur,1
74,43,58.19,2477.12,135.69,2,0,0,1,1,anual,efectivo,fibra,centro,1
27,6,47.75,150.28,70.8,1,1,1,2,0,mensual,credito,ninguno,sur,0
68,30,90.35,2731.14,160.08,3,0,1,2,2,mensual,debito,cable,norte,0
65,10,19.29,236.5,196.54,3,1,1,0,0,mensual,transferencia,fibra,sur,1
41,68,79.36,5501.99,230.13,1,1,0,1,1,bianual,debito,movil,centro,1
23,22,56.65,1113.95,140.56,3,1,1,3,0,bianual,transferencia,cable,norte,0
58,17,57.61,930.26,24.99,2,1,0,6,1,mensual,credito,cable,sur,0
60,40,95.46,3854.3,143.85,3,0,1,1,2,mensual,debito,movil,norte,1
30,31,52.15,1749.67,157.1,1,0,0,2,0,mensual,efectivo,ninguno,centro,0
71,7,52.76,478.51,108.24,4,1,1,3,0,mensual,credito,movil,sur,0
37,59,62.65,3637.2,130.76,3,1,1,1,1,bianual,transferencia,movil,centro,0
44,61,72.45,4481.76,95.83,4,1,1,3,3,anual,credito,cable,oeste,0
75,54,57.05,3018.23,113.32,1,1,0,1,0,anual,credito,fibra,centro,0
65,45,36.67,1600.63,170.87,4,0,1,1,0,mensual,credito,cable,sur,0
44,29,49.42,1395.77,189.45,1,0,0,1,1,anual,credito,cable,centro,0
70,40,88.06,3445.3,56.46,1,1,0,1,0,bianual,transferencia,fibra,oeste,0
38,38,66.35,2609.49,94.43,1,1,0,1,0,bianual,debito,cable,centro,0
35,12,73.12,989.14,40.58,2,1,1,1,0,anual,credito,fibra,sur,0
59,6,60.29,313.7,211.92,4,1,1,1,2,mensual,debito,fibra,centro,0
33,19,53.13,1030.33,163.54,4,0,1,1,1,bianual,credito,cable,centro,1
51,33,95.2,3095.46,19.95,1,1,0,2,0,mensual,debito,movil,oeste,0
50,12,61.61,626.84,116.77,4,0,0,2,0,mensual,debito,fibra,norte,0
49,8,57.02,325.28,105.83,1,1,0,1,1,mensual,credito,movil,oeste,0
73,62,84.73,5463.06,82.2,4,1,0,1,2,anual,transferencia,fibra,centro,0
41,27,52.0,1314.73,171.81,1,1,1,3,1,anual,efectivo,cable,centro,0
60,43,54.29,2410.69,170.67,3,1,0,1,0,bianual,debito,movil,centro,0
43,38,65.18,2523.66,133.47,3,0,1,2,0,bianual,credito,movil,norte,0
29,53,65.0,3302.06,87.92,4,1,0,0,0,anual,debito,fibra,sur,0
40,54,69.67,3813.06,88.34,3,1,0,1,0,bianual,credito,movil,norte,1
42,22,102.65,2293.73,122.2,1,1,0,2,0,mensual,credito,movil,centro,1
28,62,71.05,4402.21,97.14,4,0,0,0,0,mensual,debito,fibra,centro,1
53,27,22.2,547.1,119.71,2,0,1,0,2,mensual,credito,fibra,oeste,1
78,61,70.87,4322.75,147.9,4,1,1,0,2,anual,debito,movil,sur,1
40,30,65.68,2027.15,43.32,1,1,1,2,1,bianual,debito,fibra,centro,0
51,8,65.78,422.9,82.09,4,1,0,0,2,anual,efectivo,cable,sur,0
29,55,69.43,3991.11,118.32,2,1,0,2,1,bianual,transferencia,fibra,centro,0
36,3,64.48,275.9,198.27,4,1,1,2,0,mensual,credito,cable,norte,1
67,56,64.05,3298.14,162.27,4,1,1,4,1,anual,debito,fibra,norte,1
27,4,76.03,277.22,119.82,4,0,1,3,0,mensual,debito,fibra,sur,0
60,15,55.24,1084.15,140.12,1,1,1,2,0,anual,debito,fibra,oeste,0
76,44,47.94,2152.26,114.92,3,1,0,0,1,anual,transferencia,movil,centro,0
65,68,119.43,8034.26,173.86,3,0,1,1,1,mensual,transferencia,cable,centro,1
64,30,52.11,1640.06,141.69,4,1,1,1,1,mensual,credito,cable,norte,0
27,9,66.8,347.02,183.94,4,1,0,2,2,mensual,credito,cable,sur,1
22,17,38.08,679.63,52.23,1,1,0,1,2,bianual,debito,fibra,oeste,1
27,65,67.1,4301.32,79.69,4,1,0,2,1,anual,transferencia,fibra,centro,1
68,53,48.2,2559.75,133.73,2,1,0,1,1,mensual,debito,cable,norte,1
23,8,57.04,296.7,144.68,4,0,0,0,0,bianual,transferencia,fibra,oeste,0
26,28,83.81,2295.03,240.02,4,0,1,1,2,mensual,transferencia,fibra,norte,0
57,20,73.5,1156.62,29.61,3,1,0,0,0,mensual,debito,cable,centro,1
21,13,75.23,903.73,118.35,3,0,1,3,2,anual,efectivo,movil,norte,0
73,61,33.12,2034.86,116.1,3,1,1,1,0,mensual,transferencia,fibra,oeste,1
60,45,98.06,4546.35,131.89,3,1,0,2,1,mensual,credito,fibra,oeste,0
70,13,43.55,861.87,206.66,4,1,1,3,1,anual,debito,cable,sur,0
60,47,92.51,4249.69,163.81,4,1,0,2,1,mensual,debito,movil,oeste,1
33,30,83.39,2562.39,39.8,1,1,0,1,2,mensual,debito,fibra,oeste,1
56,5,75.39,336.64,196.69,4,1,1,1,0,mensual,credito,movil,centro,0
38,33,49.61,1601.23,195.29,3,0,0,2,2,bianual,debito,ninguno,centro,0
75,14,67.73,958.88,133.15,3,1,0,2,0,mensual,transferencia,fibra,centro,0
47,18,56.52,998.32,39.11,4,1,1,1,0,bianual,credito,fibra,norte,1
55,64,65.52,4417.36,112.42,4,0,1,2,0,anual,credito,cable,sur,1
19,52,60.5,3110.19,143.44,2,0,1,1,0,mensual,efectivo,fibra,sur,1
26,10,28.31,145.87,169.83,1,1,1,3,2,mensual,credito,fibra,norte,0
59,62,85.19,5303.81,31.48,1,0,1,2,0,mensual,credito,movil,centro,0
75,42,63.54,2539.8,81.54,3,1,1,0,0,anual,efectivo,cable,sur,0
31,63,56.27,3500.75,174.9,2,1,1,2,0,mensual,credito,cable,centro,1
75,54,54.91,3092.31,195.09,1,0,0,1,0,anual,credito,cable,centro,0
67,25,71.45,1756.47,141.53,1,1,1,1,1,anual,credito,cable,norte,1
61,39,48.91,1969.94,177.43,2,1,0,1,0,mensual,credito,movil,norte,1
49,39,24.41,926.86,142.76,3,0,0,1,1,bianual,transferencia,movil,centro,0
18,52,72.33,3792.48,168.15,4,1,1,2,0,mensual,credito,movil,oeste,0
27,18,74.34,1254.56,127.26,4,1,0,3,1,anual,debito,cable,centro,0
24,24,61.41,1571.2,144.0,3,1,0,3,1,mensual,efectivo,movil,oeste,0
63,18,44.34,639.98,58.91,1,1,1,1,1,mensual,credito,movil,oeste,1
34,22,66.6,1369.11,156.11,3,1,0,0,0,anual,transferencia,cable,centro,1
67,12,38.64,473.45,57.38,2,1,1,1,1,mensual,debito,fibra,centro,0
63,3,46.51,238.49,156.05,1,1,1,1,0,bianual,credito,fibra,centro,0
70,68,51.49,3526.7,98.05,3,0,0,1,0,anual,efectivo,cable,norte,0
71,6,80.19,542.64,138.5,4,0,1,4,0,anual,transferencia,fibra,norte,0
24,64,58.47,3595.87,72.36,4,1,1,0,0,mensual,debito,fibra,sur,0
58,1,56.94,50.0,94.82,4,0,1,1,1,bianual,transferencia,fibra,sur,0
46,56,100.18,5638.71,138.4,1,1,0,4,1,bianual,debito,fibra,sur,0
64,24,71.34,1718.87,157.72,2,1,1,1,0,mensual,credito,cable,norte,0
21,38,71.1,2572.02,174.69,3,1,1,1,3,mensual,debito,cable,centro,0
44,21,58.35,1124.18,62.5,2,1,1,3,0,bianual,debito,cable,sur,0
76,36,54.27,1937.94,44.94,1,1,1,1,1,mensual,debito,cable,centro,1
18,33,25.64,935.71,71.23,3,1,1,1,0,mensual,credito,fibra,sur,0
46,39,82.44,3467.18,66.72,2,1,1,4,0,bianual,transferencia,movil,sur,0
36,29,73.07,1988.18,198.34,2,0,0,1,0,mensual,debito,movil,sur,1
64,39,61.78,2415.47,187.01,2,0,1,2,2,bianual,credito,cable,centro,0
43,60,62.53,3629.48,70.17,3,1,0,0,0,mensual,credito,movil,norte,1
33,32,78.25,2501.1,205.52,1,1,0,1,1,mensual,efectivo,fibra,oeste,0
53,27,37.02,953.32,184.02,3,1,1,2,1,mensual,transferencia,cable,centro,0
30,10,54.38,592.8,38.52,1,0,0,4,1,mensual,efectivo,movil,centro,0
49,26,44.55,919.74,68.49,4,0,1,0,1,bianual,transferencia,fibra,sur,0
47,10,96.89,929.02,37.04,2,0,0,2,2,anual,credito,fibra,oeste,0
78,14,80.76,1143.66,115.67,4,1,1,0,1,bianual,debito,cable,sur,0
55,69,25.35,1773.72,120.87,1,1,1,3,1,mensual,transferencia,fibra,oeste,0
74,7,37.75,303.63,120.78,3,1,0,2,0,bianual,transferencia,movil,norte,0
34,35,62.62,2210.69,18.66,4,0,1,0,2,anual,debito,movil,oeste,0
20,61,56.5,3597.34,48.64,1,0,0,0,0,mensual,debito,fibra,oeste,0
39,69,41.16,2999.63,133.01,4,0,1,4,0,mensual,credito,cable,norte,1
45,11,100.01,1075.01,151.11,4,0,1,0,0,mensual,debito,movil,norte,0
43,12,70.63,785.1,19.01,4,1,1,2,0,mensual,efectivo,cable,oeste,0
18,27,73.55,2009.93,55.94,3,0,1,1,1,bianual,debito,cable,centro,1
18,40,52.54,2198.53,171.12,1,0,1,0,0,bianual,debito,fibra,sur,0
51,70,78.0,5464.98,58.78,1,1,1,1,1,mensual,debito,movil,centro,1
32,15,58.15,741.61,119.27,2,1,1,0,0,mensual,credito,fibra,oeste,1
39,12,59.9,833.92,54.02,4,1,1,2,0,mensual,transferencia,fibra,oeste,0
65,19,76.0,1491.4,161.57,2,0,1,1,0,bianual,credito,fibra,sur,1
41,63,35.68,2458.9,19.15,1,1,1,2,1,anual,debito,movil,centro,1
67,3,93.75,191.53,104.78,2,0,1,3,0,anual,efectivo,cable,centro,1
48,28,68.28,1940.36,167.02,4,0,1,2,5,anual,credito,fibra,sur,0
62,9,88.06,844.47,150.5,4,1,1,4,0,bianual,debito,cable,norte,0
35,12,45.64,520.85,96.79,4,1,0,0,0,mensual,debito,ninguno,norte,0
26,67,48.38,3127.75,85.07,3,0,0,2,3,mensual,credito,cable,norte,0
33,1,44.09,77.84,108.36,1,1,1,2,2,anual,credito,fibra,centro,0
26,24,69.51,1616.68,55.53,1,1,0,1,0,bianual,credito,fibra,sur,0
46,66,66.19,4371.87,115.0,4,1,1,2,0,anual,debito,fibra,centro,0
36,44,56.64,2497.13,115.86,1,0,0,3,0,bianual,transferencia,movil,centro,1
34,6,46.75,153.58,99.1,4,1,0,0,0,bianual,debito,fibra,norte,1
31,34,42.2,1382.7,170.02,3,0,1,1,1,mensual,debito,fibra,sur,0
42,70,64.13,4440.01,66.48,1,0,0,2,1,anual,transferencia,fibra,sur,0
19,29,56.62,1650.03,34.78,4,0,1,3,1,bianual,credito,fibra,centro,0
41,39,52.66,2110.74,93.73,4,1,1,3,1,mensual,efectivo,fibra,norte,0
31,39,92.85,3659.71,126.2,3,1,1,2,1,anual,credito,movil,centro,0
50,48,63.52,3153.52,114.66,4,0,1,1,1,mensual,debito,fibra,centro,1
47,14,87.86,1248.83,112.44,1,0,0,0,2,anual,efectivo,fibra,centro,0
45,61,55.4,3619.11,63.68,4,1,0,3,1,mensual,credito,fibra,norte,1
55,72,69.41,5044.36,70.87,3,1,1,3,0,mensual,credito,movil,oeste,1
21,11,64.0,543.99,95.58,3,1,1,2,0,anual,debito,movil,sur,0
23,59,34.44,1985.44,91.64,3,1,0,3,0,mensual,debito,ninguno,centro,0
47,59,90.71,5735.15,174.9,4,1,1,2,0,mensual,efectivo,fibra,centro,0
40,54,62.57,3217.97,133.2,4,1,1,1,1,mensual,efectivo,cable,oeste,0
36,27,78.44,2175.28,93.37,4,0,0,2,1,bianual,efectivo,cable,centro,0
40,34,51.46,2020.76,174.75,2,1,0,1,1,bianual,transferencia,fibra,centro,0
32,61,62.03,3636.74,142.31,4,1,1,2,0,anual,credito,cable,centro,0
26,12,49.4,783.38,52.12,3,1,0,3,0,mensual,credito,cable,centro,1
31,60,87.25,5425.39,5.0,2,1,1,3,2,anual,debito,cable,centro,0
75,67,70.61,4699.14,53.69,2,0,0,2,0,anual,transferencia,fibra,centro,0
25,50,71.61,3356.55,149.75,4,1,0,0,0,mensual,transferencia,fibra,centro,0
78,25,89.45,2311.69,164.57,1,1,0,1,0,mensual,transferencia,cable,centro,0
59,41,85.81,3510.04,36.99,4,1,1,3,1,mensual,credito,fibra,centro,0
24,4,78.78,295.22,152.93,4,0,0,0,2,mensual,debito,fibra,norte,1
66,68,39.41,2763.0,151.04,3,1,1,2,2,anual,transferencia,cable,centro,0
34,25,52.48,1316.06,189.75,4,1,0,1,1,mensual,efectivo,fibra,centro,1
47,5,46.93,50.0,167.52,2,0,1,0,2,mensual,credito,fibra,centro,0
18,58,78.1,4518.57,187.59,4,1,0,2,2,mensual,debito,fibra,centro,0
19,48,68.07,3313.55,144.42,1,1,1,2,3,anual,efectivo,fibra,sur,1
66,45,39.97,1860.48,142.75,4,1,0,1,0,anual,transferencia,fibra,norte,1
53,4,61.6,402.38,103.14,1,0,0,2,0,mensual,transferencia,movil,centro,0
43,55,38.11,1865.78,161.01,3,1,1,1,3,mensual,efectivo,movil,norte,0
75,46,64.04,3069.59,53.38,2,0,0,2,0,mensual,transferencia,fibra,sur,0
77,58,35.2,1998.22,113.07,2,1,1,2,1,anual,credito,cable,oeste,1
76,60,74.52,4496.07,146.99,2,1,1,3,2,mensual,transferencia,fibra,sur,0
48,16,71.8,1255.48,190.41,4,0,1,2,1,mensual,credito,fibra,sur,0
68,16,99.34,1500.7,96.1,3,0,0,2,1,mensual,debito,movil,norte,0
22,67,80.26,5333.76,168.33,2,0,1,2,1,mensual,debito,ninguno,sur,0
62,39,57.39,2308.23,110.14,2,1,1,1,0,mensual,transferencia,fibra,sur,1
68,32,79.73,2482.68,169.35,3,1,1,2,1,anual,debito,movil,sur,1
18,21,39.84,878.7,79.93,1,1,0,1,0,mensual,efectivo,fibra,sur,1
65,47,47.68,2114.02,156.3,3,0,0,2,0,anual,credito,movil,oeste,0
72,55,71.0,4052.52,115.23,2,1,1,0,0,mensual,credito,cable,centro,0
30,1,26.15,118.74,60.74,4,1,1,0,1,anual,debito,cable,norte,1
74,40,64.33,2483.65,112.34,2,0,0,1,0,mensual,credito,movil,oeste,0
29,72,46.64,3491.08,186.09,3,1,1,1,0,anual,credito,cable,centro,0
75,21,66.82,1455.93,69.04,1,1,0,0,2,mensual,transferencia,ninguno,norte,1
74,21,45.6,845.15,45.78,2,0,1,1,0,mensual,debito,fibra,norte,0
47,64,72.64,4733.33,139.94,3,1,1,0,1,anual,credito,ninguno,norte,0
78,5,65.35,414.25,36.11,4,1,0,0,2,mensual,transferencia,movil,centro,0
50,29,90.21,2427.8,198.17,2,1,0,3,0,mensual,credito,cable,centro,0
61,33,65.12,1859.14,196.91,1,1,0,3,1,mensual,transferencia,cable,centro,1
45,58,51.16,2920.49,171.91,4,1,0,6,1,bianual,transferencia,movil,centro,0
28,10,60.56,518.8,119.44,1,0,0,0,2,bianual,credito,cable,sur,0
37,32,40.8,1383.53,203.23,1,1,1,1,0,anual,credito,fibra,sur,0
30,11,72.31,717.15,187.27,2,1,1,1,1,mensual,credito,fibra,centro,0
29,57,75.62,4239.75,93.36,4,1,0,1,0,mensual,debito,fibra,sur,1
58,46,109.45,5253.94,191.94,2,1,1,2,1,anual,debito,fibra,sur,0
22,36,53.81,2090.07,74.42,4,1,1,2,0,mensual,credito,fibra,norte,0
23,29,60.18,1564.25,110.15,4,1,1,2,1,mensual,efectivo,cable,centro,1
74,12,54.64,819.68,30.33,4,1,0,2,0,bianual,credito,fibra,centro,0
30,67,68.82,4801.22,127.3,2,1,1,2,0,mensual,credito,fibra,norte,1
54,47,71.87,3363.41,105.27,4,1,1,1,0,bianual,transferencia,fibra,sur,0
18,23,64.04,1428.31,97.39,4,0,1,0,0,anual,credito,fibra,centro,0
63,30,84.55,2312.04,111.72,2,1,0,5,0,anual,debito,cable,centro,0
51,53,53.89,2697.38,91.02,2,1,0,1,2,anual,debito,fibra,centro,0
19,52,82.75,4292.18,122.08,1,1,1,3,2,mensual,transferencia,ninguno,centro,0
55,34,74.69,2485.48,184.18,2,1,0,0,1,anual,credito,cable,centro,0
27,22,64.78,1386.52,66.91,2,1,1,3,0,anual,credito,movil,norte,1
77,48,59.33,2893.31,163.13,4,1,0,2,0,anual,transferencia,fibra,centro,1
48,48,108.68,5432.32,130.76,3,1,0,1,0,bianual,credito,movil,norte,1
23,44,50.29,2144.57,138.71,1,1,0,0,1,bianual,credito,movil,centro,1
47,6,70.36,354.18,118.46,2,1,1,2,2,anual,credito,ninguno,oeste,0
73,35,51.5,1789.1,84.13,1,1,1,0,1,bianual,debito,cable,norte,0
66,45,97.14,4342.51,142.24,1,1,1,2,1,mensual,debito,movil,sur,1
36,69,80.96,5792.22,145.94,1,1,1,3,0,bianual,credito,movil,centro,0
49,38,52.79,1985.08,79.98,4,1,1,0,0,bianual,debito,movil,centro,1
71,25,74.23,1967.63,53.07,1,0,1,1,0,mensual,transferencia,cable,sur,0
42,41,69.64,3168.48,124.27,1,1,0,0,1,anual,debito,fibra,sur,0
59,13,55.7,935.2,157.74,3,1,1,0,0,mensual,credito,cable,sur,1
46,7,78.65,531.4,170.25,3,1,1,0,0,anual,credito,movil,norte,0
38,49,72.01,3475.14,180.17,1,1,1,4,1,mensual,transferencia,ninguno,oeste,0
26,72,68.88,4847.27,138.57,3,1,0,1,0,mensual,debito,ninguno,centro,1
71,61,64.25,3934.4,106.84,3,0,0,3,0,mensual,transferencia,fibra,centro,0
51,43,72.76,2942.06,119.89,4,1,1,3,0,mensual,credito,movil,oeste,0
54,3,69.13,478.8,57.84,4,0,1,2,1,bianual,debito,cable,sur,1
19,72,66.06,4693.54,85.87,4,1,0,1,0,mensual,debito,cable,oeste,0
57,33,53.46,1771.54,117.34,3,1,1,1,1,mensual,efectivo,fibra,oeste,0
30,21,95.49,2040.69,106.67,3,1,0,1,1,bianual,credito,fibra,norte,0
72,65,46.09,2854.69,124.6,3,1,0,2,0,mensual,credito,fibra,oeste,1
58,54,72.7,4048.7,51.26,3,1,1,1,0,mensual,debito,fibra,centro,0
45,54,59.24,3258.61,62.43,2,1,1,1,0,mensual,credito,fibra,sur,1
41,20,96.67,1903.43,158.78,1,0,1,1,0,bianual,debito,cable,sur,0
24,72,48.74,3557.87,78.33,4,1,0,1,0,bianual,debito,fibra,norte,0
61,33,51.77,1701.41,86.19,4,1,0,3,1,anual,transferencia,cable,centro,0
22,39,47.54,1855.41,124.75,1,1,1,3,0,mensual,efectivo,fibra,sur,1
76,55,70.82,3817.84,73.44,4,1,0,1,1,mensual,credito,fibra,sur,0
37,48,40.29,1951.46,175.32,4,0,0,0,1,anual,debito,fibra,centro,1
73,13,56.39,786.66,57.16,1,0,1,1,2,mensual,credito,fibra,centro,0
70,22,26.26,481.83,120.08,2,1,1,0,1,mensual,efectivo,movil,norte,1
46,27,69.33,1909.49,82.57,4,1,1,1,0,mensual,credito,movil,norte,1
75,69,56.0,3635.82,127.81,4,1,1,1,0,bianual,debito,cable,centro,0
59,52,38.21,2139.07,95.13,2,0,0,1,0,anual,credito,cable,sur,0
52,27,84.54,2138.82,118.82,3,0,1,1,1,mensual,credito,cable,centro,0
33,53,41.46,1993.58,181.06,2,1,0,2,0,bianual,debito,movil,sur,1
52,54,79.34,4227.39,85.63,1,1,0,0,1,mensual,efectivo,cable,sur,1
55,29,52.38,1549.74,85.21,1,1,0,1,1,anual,debito,fibra,oeste,1
33,30,93.83,2782.8,104.2,4,1,0,2,1,mensual,credito,movil,sur,0
52,65,78.49,5203.1,193.7,1,1,0,1,1,bianual,credito,cable,sur,1
71,41,46.86,1896.51,115.51,1,1,1,1,3,mensual,credito,movil,sur,1
47,11,48.49,513.53,181.71,2,0,1,1,0,bianual,debito,movil,norte,0
41,52,75.9,3935.36,111.15,4,1,0,0,2,anual,credito,fibra,norte,0
54,43,60.28,2802.25,179.48,3,1,0,0,1,mensual,transferencia,ninguno,oeste,0
47,37,61.95,2248.16,140.37,3,0,0,3,0,mensual,transferencia,fibra,norte,0
58,53,87.9,4966.46,147.73,3,0,1,1,0,anual,debito,cable,centro,1
76,66,51.52,3645.05,48.21,1,1,1,3,1,mensual,debito,cable,norte,1
62,24,66.64,1463.93,40.79,1,1,1,2,0,mensual,efectivo,movil,norte,1
66,31,82.18,2666.0,173.51,3,1,0,1,1,anual,transferencia,cable,centro,0
31,14,79.56,1047.17,172.89,2,1,1,1,0,mensual,credito,fibra,centro,1
64,47,62.13,2945.21,241.07,3,1,1,3,0,mensual,transferencia,fibra,sur,1
21,29,59.8,1549.68,45.7,3,0,1,2,1,anual,debito,cable,sur,0
45,25,33.7,839.94,144.29,2,1,1,2,2,mensual,efectivo,cable,sur,1
29,51,45.99,2688.15,68.81,4,0,1,3,1,mensual,credito,fibra,oeste,0
26,30,70.73,2036.69,82.97,4,0,0,3,0,mensual,transferencia,cable,centro,0
77,34,62.52,2225.83,94.89,1,1,0,2,0,bianual,credito,cable,oeste,1
39,32,66.35,2149.48,139.12,1,1,1,1,1,mensual,transferencia,fibra,sur,0
50,19,83.71,1538.32,86.8,1,1,0,3,2,anual,debito,fibra,centro,1
44,10,43.63,593.9,121.68,1,1,1,2,0,anual,debito,movil,centro,0
61,60,60.75,3601.71,161.6,3,0,1,0,1,anual,credito,movil,oeste,0
66,7,68.4,486.17,176.4,1,0,0,1,1,mensual,efectivo,cable,centro,0
20,24,52.33,1296.43,154.63,3,0,0,0,0,mensual,transferencia,cable,norte,0
64,49,90.77,4606.11,142.59,4,0,1,0,2,mensual,credito,fibra,sur,0
58,10,81.35,778.77,112.92,1,1,0,2,0,anual,debito,fibra,oeste,0
74,48,70.22,3653.91,91.55,1,1,0,3,0,anual,credito,movil,centro,0
22,53,97.3,4953.74,146.95,1,0,0,1,0,mensual,credito,fibra,oeste,0
22,48,38.02,1764.9,67.45,4,1,0,1,1,anual,credito,fibra,centro,0
32,22,64.86,1587.27,125.96,4,1,0,1,2,mensual,transferencia,cable,norte,0
44,2,71.59,86.82,66.22,4,1,1,1,1,mensual,debito,movil,norte,1
59,64,48.54,3139.05,117.94,3,1,1,2,0,mensual,credito,fibra,sur,1
68,24,70.41,1586.06,67.31,3,1,0,2,0,mensual,debito,cable,norte,0
59,58,45.08,2455.96,99.97,1,0,0,1,2,bianual,debito,movil,centro,0
46,15,77.43,1111.16,86.2,2,1,1,1,0,anual,debito,movil,sur,0
26,12,84.04,1110.85,80.17,4,1,1,2,0,mensual,transferencia,cable,norte,1
32,57,69.9,3923.52,115.63,2,1,0,2,1,mensual,debito,fibra,norte,0
43,68,31.65,2153.05,5.0,1,1,1,2,2,anual,debito,cable,oeste,0
66,62,47.6,2902.63,29.88,1,1,1,3,2,bianual,credito,movil,centro,1
72,55,75.16,4227.15,160.19,3,1,1,1,1,mensual,credito,cable,sur,0
21,18,65.38,996.16,127.37,3,1,0,0,1,mensual,transferencia,ninguno,centro,0
74,66,16.51,1087.78,83.83,2,1,1,3,1,anual,transferencia,cable,oeste,0
40,49,87.37,4250.87,168.7,2,1,1,6,0,mensual,transferencia,fibra,centro,0
55,13,67.46,779.35,88.04,3,1,1,1,0,mensual,debito,fibra,sur,1
59,10,50.26,660.19,91.02,2,0,1,1,0,mensual,debito,movil,norte,1
41,63,82.91,5026.75,80.83,4,1,1,1,0,mensual,debito,fibra,centro,0
27,20,52.8,1111.1,215.33,2,1,0,6,0,mensual,credito,cable,norte,1
30,56,52.61,3012.24,131.76,1,0,1,1,2,mensual,debito,fibra,sur,1
69,10,71.45,678.89,129.79,1,1,1,0,2,mensual,transferencia,fibra,norte,0
58,21,97.06,2283.33,143.32,2,0,1,1,1,mensual,efectivo,cable,sur,1
42,21,94.22,2041.92,27.36,1,1,0,1,1,bianual,transferencia,fibra,sur,0
77,21,71.47,1426.29,90.3,1,0,1,1,0,mensual,credito,movil,sur,0
41,49,73.32,3677.97,142.75,2,1,0,1,1,mensual,transferencia,fibra,norte,1
63,66,79.25,5185.43,119.79,4,1,1,2,1,bianual,debito,movil,centro,0
75,66,42.37,2759.33,230.27,4,0,1,1,1,bianual,efectivo,fibra,oeste,1
40,54,76.59,4282.6,93.24,4,0,0,5,0,bianual,credito,fibra,norte,0
26,15,51.79,853.46,167.16,4,1,0,0,1,mensual,transferencia,fibra,centro,0
45,70,70.73,5091.54,160.3,3,1,0,1,1,anual,debito,fibra,norte,1
44,40,60.91,2149.91,127.14,1,1,0,2,0,anual,credito,cable,centro,1
51,40,74.02,3015.4,136.22,3,1,0,2,0,anual,debito,fibra,norte,0
49,51,67.13,3618.05,105.49,3,1,1,2,0,mensual,debito,fibra,oeste,0
56,56,15.0,717.78,21.34,4,0,0,0,2,mensual,credito,movil,norte,1
23,69,68.22,4740.26,137.46,2,0,1,0,0,mensual,debito,cable,norte,0
70,42,76.56,3201.26,141.42,4,1,0,0,1,anual,debito,ninguno,centro,1
37,44,73.03,3312.44,149.28,3,0,1,0,0,mensual,efectivo,movil,centro,0
65,54,63.15,3357.58,123.15,3,1,1,0,1,mensual,debito,cable,centro,1
50,19,94.56,1905.02,168.52,1,1,0,5,1,anual,credito,cable,sur,0
38,23,70.6,1602.28,76.7,4,1,0,5,1,bianual,debito,ninguno,centro,1
74,46,72.88,3691.86,193.42,3,1,1,0,0,bianual,transferencia,fibra,oeste,1
34,5,83.8,476.0,70.6,3,1,0,1,0,anual,efectivo,cable,centro,0
46,24,71.53,2004.91,114.61,2,1,0,0,2,mensual,credito,fibra,norte,0
36,52,48.84,2631.02,154.04,1,0,1,0,1,bianual,efectivo,fibra,oeste,0
52,71,21.11,1466.87,94.25,3,0,0,2,0,mensual,credito,movil,centro,0
24,38,56.41,2162.21,157.45,3,1,0,1,0,mensual,credito,fibra,centro,0
59,29,78.7,2342.49,102.86,1,0,0,2,1,mensual,debito,fibra,norte,0
19,32,58.64,1614.73,125.91,2,1,1,0,0,anual,efectivo,cable,sur,0
26,50,79.42,4100.12,110.94,3,1,1,1,2,mensual,transferencia,movil,centro,1
78,40,67.68,2741.18,91.16,2,1,0,3,1,mensual,debito,movil,centro,1
26,2,88.19,255.55,232.55,2,1,1,3,0,mensual,debito,cable,sur,0
37,39,59.69,2415.8,78.01,1,1,0,1,0,anual,credito,fibra,centro,1
47,29,73.42,1987.52,5.69,3,0,1,0,1,anual,debito,cable,norte,0
48,51,74.11,3803.7,79.82,1,1,1,2,0,mensual,debito,fibra,oeste,0
56,64,92.03,5904.33,126.56,4,1,0,6,0,mensual,efectivo,fibra,norte,0
23,70,34.28,2263.72,101.16,1,1,0,0,0,bianual,transferencia,movil,oeste,1
37,44,56.75,2684.62,170.93,1,1,1,1,2,mensual,credito,movil,centro,0
44,27,80.27,2405.42,169.11,4,0,1,2,3,mensual,debito,fibra,centro,0
22,32,92.83,2937.42,104.08,2,1,1,1,0,anual,credito,fibra,sur,0
18,13,69.32,975.62,35.89,1,1,0,2,1,anual,efectivo,ninguno,sur,1
64,68,59.73,4067.5,55.84,3,1,0,1,0,anual,transferencia,fibra,centro,1
72,62,78.63,4844.5,118.39,1,1,0,1,0,mensual,transferencia,fibra,oeste,0
60,62,80.64,4958.58,41.77,2,0,1,1,0,bianual,transferencia,fibra,centro,1
76,24,58.53,1265.68,101.61,3,1,1,1,1,mensual,credito,fibra,sur,0
73,24,70.95,1758.59,191.07,2,1,0,1,0,bianual,debito,fibra,centro,0
76,62,86.25,5282.94,137.14,4,1,1,2,2,mensual,transferencia,movil,centro,1
66,40,99.03,4044.89,122.28,3,1,1,1,0,mensual,credito,fibra,centro,0
29,51,78.37,3954.46,67.96,3,1,1,3,0,mensual,transferencia,cable,centro,0
63,36,65.79,2238.1,129.09,3,1,1,1,1,mensual,transferencia,fibra,centro,0
67,32,64.03,1976.96,107.07,3,1,1,2,1,mensual,debito,fibra,centro,1
49,46,75.03,3504.01,131.93,2,1,1,3,1,bianual,debito,fibra,oeste,0
39,59,62.92,3680.21,156.35,1,0,0,3,0,bianual,transferencia,cable,centro,0
75,25,68.41,1608.47,164.91,2,1,1,1,0,mensual,credito,fibra,sur,1
58,59,45.96,2913.58,126.44,2,1,1,0,0,bianual,debito,fibra,centro,0
59,18,88.35,1436.06,145.6,2,0,1,1,2,bianual,credito,ninguno,centro,1
74,30,44.48,1499.51,94.4,2,1,1,2,1,bianual,debito,fibra,centro,1
24,66,57.22,3920.41,176.63,4,1,0,2,1,mensual,credito,movil,norte,1
51,69,66.76,4721.28,75.64,4,0,1,1,0,mensual,credito,movil,centro,0
65,67,100.84,6856.59,109.63,2,1,0,2,0,bianual,credito,fibra,norte,0
42,23,57.39,1236.01,181.83,2,1,1,1,0,anual,efectivo,fibra,norte,1
31,61,53.01,3175.98,95.92,2,1,1,1,1,mensual,debito,fibra,sur,0
49,68,55.09,3985.63,52.96,3,0,1,3,0,mensual,efectivo,movil,centro,1
67,71,94.86,6870.65,99.46,3,0,0,2,1,mensual,transferencia,cable,sur,0
55,2,15.0,99.09,189.59,1,0,0,1,0,mensual,transferencia,fibra,centro,1
78,54,46.95,2476.23,6.46,3,0,1,1,1,mensual,transferencia,fibra,oeste,0
51,72,114.16,8122.55,125.12,2,1,0,0,1,mensual,debito,fibra,centro,1
25,56,75.64,4105.92,88.3,2,1,1,1,0,mensual,credito,cable,oeste,0
26,17,45.09,692.84,111.62,3,1,0,1,0,mensual,debito,cable,norte,0
22,55,64.25,3511.37,102.57,1,1,1,0,0,mensual,transferencia,fibra,norte,0
62,8,66.21,559.7,168.02,4,0,0,2,1,mensual,debito,fibra,sur,0
65,35,80.23,2962.52,122.69,4,1,1,3,1,mensual,debito,movil,oeste,0
18,46,98.11,4779.72,170.53,1,1,0,0,1,mensual,efectivo,movil,centro,0
66,33,71.99,2566.53,184.21,4,0,1,1,1,bianual,efectivo,fibra,sur,1
58,51,55.28,2678.07,121.49,3,1,1,2,1,mensual,credito,movil,oeste,1
59,18,79.17,1344.43,102.03,4,1,1,0,0,mensual,credito,movil,centro,1
43,44,52.43,2202.82,138.86,1,1,0,2,0,mensual,transferencia,fibra,centro,0
46,47,46.4,2323.37,148.51,1,1,1,3,3,anual,efectivo,fibra,norte,0
18,46,33.32,1638.88,62.34,1,1,0,1,1,mensual,debito,fibra,oeste,0
70,21,36.83,727.09,131.8,3,1,0,1,1,anual,debito,fibra,centro,0
61,22,48.86,1074.97,107.32,2,1,1,2,2,mensual,efectivo,fibra,norte,1
58,19,43.8,872.71,98.98,4,1,1,1,1,mensual,debito,movil,norte,0
76,34,70.64,2482.23,85.45,3,1,1,0,0,mensual,transferencia,movil,centro,0
70,43,43.41,2030.37,88.71,4,0,0,1,0,anual,credito,cable,centro,1
30,27,15.0,444.76,182.78,2,0,1,2,0,anual,credito,movil,norte,1
38,30,46.21,1376.37,101.8,1,1,0,1,0,anual,debito,ninguno,sur,0
34,21,56.51,1251.17,177.19,4,1,1,2,2,mensual,transferencia,cable,sur,0
38,16,54.1,855.57,126.55,1,1,1,2,2,mensual,credito,movil,norte,0
24,48,92.35,4496.0,63.36,4,1,1,2,0,anual,efectivo,movil,oeste,0
55,59,53.96,3176.49,129.54,3,0,0,2,1,mensual,credito,fibra,oeste,1
25,21,80.86,1856.31,60.6,3,1,1,1,0,anual,efectivo,ninguno,sur,0
59,62,64.66,4177.44,150.36,1,1,1,1,4,mensual,debito,ninguno,oeste,1
76,42,64.24,2689.55,109.61,2,1,1,3,2,mensual,debito,fibra,centro,0
26,13,49.96,913.97,162.76,1,1,1,2,0,anual,efectivo,cable,norte,1
35,27,63.94,1765.81,191.68,3,1,0,3,0,mensual,debito,fibra,centro,0
27,1,51.23,116.76,33.23,2,1,1,1,2,bianual,debito,fibra,norte,1
66,3,68.06,391.69,96.94,1,1,1,1,0,anual,debito,cable,sur,1
68,25,60.75,1776.44,59.53,1,1,1,1,1,mensual,transferencia,fibra,centro,0
57,33,48.0,1740.22,227.91,3,1,1,3,2,mensual,transferencia,cable,oeste,0
53,58,82.85,4859.67,97.98,3,1,0,1,0,mensual,efectivo,cable,sur,1
49,10,72.68,696.23,54.24,2,1,0,1,0,mensual,debito,fibra,centro,0
31,61,56.93,3525.48,232.02,2,1,0,2,0,mensual,debito,cable,oeste,0
55,17,67.62,1236.26,83.7,4,1,0,4,1,mensual,debito,ninguno,oeste,1
38,10,63.49,699.74,38.91,1,1,1,0,1,anual,efectivo,fibra,norte,0
41,51,49.38,2505.72,62.08,4,1,1,3,1,mensual,credito,fibra,norte,0
67,56,66.27,3634.8,127.16,4,1,0,1,0,mensual,debito,fibra,norte,0
72,44,53.82,2406.57,122.29,1,1,0,2,1,mensual,debito,fibra,norte,0
30,9,47.99,366.21,78.2,3,1,0,0,0,anual,debito,cable,oeste,0
57,9,35.79,132.95,95.75,3,1,1,4,1,mensual,transferencia,fibra,norte,0
54,29,58.55,1603.12,122.65,4,1,0,3,1,bianual,credito,cable,oeste,0
75,33,75.21,2439.04,186.2,3,1,1,1,0,bianual,credito,fibra,sur,0
49,72,52.5,3695.83,136.66,1,1,0,3,0,bianual,credito,movil,norte,0
42,21,110.37,2353.51,91.84,2,1,1,3,0,anual,debito,fibra,sur,1
76,14,80.94,990.58,108.58,3,1,1,2,0,anual,transferencia,movil,centro,1
75,69,88.48,5975.16,158.49,2,1,1,2,0,mensual,transferencia,fibra,norte,1
64,12,79.31,1110.38,204.0,2,1,1,2,1,anual,debito,fibra,oeste,0
75,2,98.35,315.95,64.77,4,1,1,1,2,mensual,credito,fibra,norte,0
61,31,50.83,1619.46,175.71,4,1,0,1,1,mensual,transferencia,cable,oeste,1
38,29,18.91,723.09,104.36,2,1,1,1,0,bianual,credito,movil,norte,0
63,45,56.97,2484.46,38.79,1,0,0,0,1,mensual,credito,cable,centro,1
78,64,75.05,4897.8,28.89,4,1,1,2,0,mensual,transferencia,cable,centro,0
75,68,67.73,4588.3,186.71,3,1,1,4,2,mensual,debito,movil,centro,0
64,21,69.96,1652.99,192.67,3,0,1,0,2,mensual,debito,fibra,centro,0
33,71,88.78,6336.22,91.55,1,1,1,0,0,bianual,credito,cable,norte,0
65,46,71.88,3205.58,109.39,3,0,0,1,1,bianual,debito,fibra,norte,1
20,6,79.38,644.67,30.88,4,1,0,5,0,mensual,transferencia,movil,sur,0
56,68,48.09,3227.11,158.1,1,1,0,2,0,mensual,transferencia,movil,centro,0
35,10,45.28,315.92,118.58,2,1,0,2,0,mensual,debito,fibra,oeste,0
27,43,94.05,4231.29,42.39,2,1,1,2,0,anual,efectivo,fibra,norte,1
73,57,66.82,3889.64,130.24,2,1,0,1,0,mensual,efectivo,cable,sur,0
63,18,53.78,868.43,50.53,1,1,0,0,0,anual,debito,cable,sur,1
60,20,53.81,1067.85,147.87,3,0,0,2,1,anual,credito,cable,centro,0
55,35,53.32,1854.37,65.86,1,1,0,0,0,mensual,debito,cable,norte,0
27,64,52.24,3240.15,136.85,2,1,0,2,1,mensual,efectivo,fibra,centro,1
50,17,41.9,613.39,87.35,3,1,1,2,1,mensual,credito,cable,centro,0
38,48,37.99,1815.61,5.0,1,1,0,1,1,anual,transferencia,fibra,centro,0
78,33,61.49,2151.12,169.81,4,1,1,2,0,anual,efectivo,cable,centro,1
54,9,54.33,593.04,172.55,2,1,0,0,1,bianual,transferencia,fibra,sur,0
70,52,84.93,4354.32,93.91,4,1,0,1,0,mensual,transferencia,fibra,oeste,0
27,60,70.28,4320.69,133.72,2,0,0,1,0,bianual,debito,movil,centro,0
35,42,69.78,3113.54,141.91,1,1,0,2,1,mensual,debito,cable,oeste,1
54,13,51.62,571.98,143.52,2,1,1,3,2,mensual,credito,cable,centro,0
77,12,62.82,845.87,206.28,3,1,1,2,2,mensual,efectivo,movil,centro,0
22,31,71.5,2222.16,140.84,1,1,0,5,0,mensual,debito,cable,centro,0
25,37,77.89,2853.1,102.12,2,1,1,1,0,mensual,credito,movil,oeste,0
62,40,63.31,2538.21,141.4,4,1,1,2,1,mensual,transferencia,movil,norte,0
24,18,84.42,1620.87,98.5,4,1,1,1,0,anual,debito,cable,centro,1
36,37,65.14,2262.62,66.72,3,1,0,0,2,anual,credito,fibra,norte,0
58,22,79.27,1747.96,180.99,1,1,0,0,2,anual,debito,fibra,norte,0
44,50,56.18,2768.95,146.71,3,1,0,0,1,anual,debito,fibra,oeste,0
64,58,32.37,1883.86,26.92,4,0,0,2,2,anual,debito,fibra,oeste,0
18,47,69.83,3263.67,85.82,2,1,1,1,2,bianual,transferencia,fibra,centro,0
57,1,78.06,50.0,157.88,3,1,0,1,0,mensual,debito,fibra,sur,0
57,72,75.36,5656.04,41.81,2,0,0,0,2,bianual,credito,fibra,centro,0
34,2,72.6,50.0,82.35,2,1,1,1,0,mensual,transferencia,fibra,oeste,1
59,72,58.73,4300.87,253.08,3,1,1,1,0,mensual,credito,fibra,oeste,0
44,3,50.48,224.71,103.45,4,1,1,1,0,anual,credito,fibra,oeste,0
71,38,74.93,2860.6,174.13,4,1,0,1,0,mensual,credito,movil,centro,1
64,8,72.68,618.64,195.02,1,1,0,0,1,mensual,efectivo,movil,norte,0
62,7,54.9,464.47,74.58,2,0,0,2,4,mensual,transferencia,cable,norte,0
50,50,84.97,4189.22,133.32,4,0,1,1,1,anual,debito,movil,norte,0
59,53,49.11,2562.83,222.94,3,0,0,1,0,bianual,transferencia,fibra,sur,0
26,9,54.5,456.52,142.98,3,1,1,2,2,mensual,credito,movil,norte,0
43,71,94.46,6767.95,238.28,3,0,1,1,0,mensual,credito,fibra,centro,1
40,24,80.63,2000.86,88.16,2,1,1,3,0,anual,credito,cable,oeste,1
22,23,58.56,1225.02,209.85,3,1,1,1,1,mensual,transferencia,cable,centro,0
67,22,70.17,1540.75,120.83,4,0,1,1,0,mensual,transferencia,movil,norte,0
57,34,67.79,2235.93,103.63,1,0,1,1,1,mensual,credito,fibra,norte,0
38,13,15.58,94.93,152.0,1,1,0,5,0,anual,debito,fibra,oeste,0
19,31,48.68,1457.3,114.43,4,1,0,0,0,mensual,credito,movil,oeste,0
77,16,64.08,896.1,115.77,1,1,1,3,2,mensual,credito,cable,oeste,0
58,4,58.58,50.0,144.26,2,1,0,4,1,mensual,credito,fibra,oeste,0
67,27,69.45,1890.38,29.61,1,0,1,4,1,mensual,efectivo,fibra,norte,0
22,49,85.33,4299.28,80.07,2,1,0,4,2,mensual,efectivo,fibra,centro,0
73,55,59.21,3224.74,156.13,1,0,0,0,0,anual,efectivo,fibra,norte,0
21,26,45.96,1310.82,169.58,2,0,0,3,1,bianual,transferencia,cable,sur,0
73,24,70.85,1798.06,137.86,1,0,1,0,1,mensual,credito,fibra,centro,1
52,57,59.12,3270.57,133.79,4,1,1,3,0,mensual,debito,movil,centro,0
71,50,62.19,3015.48,140.12,3,0,1,1,1,mensual,efectivo,cable,sur,0
74,60,59.75,3417.92,167.89,3,0,1,2,1,bianual,credito,fibra,norte,0
71,66,105.35,6986.39,48.69,4,1,1,2,0,mensual,debito,fibra,oeste,0
62,60,24.67,1546.18,94.53,1,1,0,2,0,anual,debito,movil,sur,0
24,68,58.01,3948.69,116.28,3,1,1,2,0,bianual,transferencia,movil,centro,0
60,30,64.93,1859.52,129.79,1,1,0,3,1,bianual,debito,ninguno,centro,0
50,29,50.94,1471.93,14.52,4,1,1,2,0,bianual,transferencia,cable,norte,0
66,24,81.2,2036.09,57.13,3,1,1,3,1,mensual,credito,movil,sur,0
77,17,79.64,1428.83,119.17,1,1,1,0,0,anual,debito,fibra,norte,1
46,54,64.14,3529.12,170.66,4,1,1,3,2,bianual,transferencia,fibra,centro,1
34,52,60.13,3168.27,99.05,3,0,1,0,1,anual,transferencia,fibra,centro,0
62,58,62.98,3793.91,86.66,3,0,0,3,0,anual,debito,cable,sur,1
32,13,63.11,706.6,146.43,1,1,0,1,0,bianual,debito,fibra,centro,0
47,36,63.59,2219.93,103.6,3,0,1,1,1,anual,credito,cable,sur,1
60,16,61.62,876.97,164.04,2,1,1,1,1,anual,debito,fibra,centro,1
75,65,69.54,4474.53,108.93,2,1,1,2,0,anual,debito,cable,centro,0
62,20,78.56,1749.98,64.24,1,1,0,0,2,mensual,efectivo,movil,oeste,0
61,11,42.86,383.3,191.03,1,1,1,2,0,mensual,debito,cable,centro,0
49,42,46.09,1849.72,181.86,4,1,0,0,1,anual,credito,fibra,centro,1
36,64,33.53,1944.29,72.23,2,0,0,2,0,bianual,debito,fibra,sur,0
69,66,80.6,5398.57,139.79,2,1,1,0,0,bianual,debito,fibra,centro,1
40,7,69.51,484.59,103.67,3,1,0,3,1,mensual,credito,cable,norte,1
31,24,74.09,1946.86,150.95,2,1,1,3,0,bianual,debito,fibra,centro,0
57,12,39.27,640.71,76.22,3,1,1,5,0,mensual,transferencia,movil,sur,0
73,23,97.13,2101.58,163.59,1,1,0,2,0,anual,transferencia,ninguno,oeste,0
46,39,54.04,2100.41,179.75,1,1,0,1,1,bianual,credito,fibra,sur,1
40,21,68.03,1582.1,72.63,3,1,0,1,1,bianual,efectivo,fibra,oeste,1
27,5,80.38,314.74,123.39,1,0,1,4,0,anual,debito,fibra,norte,1
67,37,47.23,1866.45,180.8,4,1,0,2,1,anual,credito,movil,centro,0
56,4,55.17,50.0,69.93,2,1,1,0,0,mensual,transferencia,fibra,sur,0
28,17,68.23,1153.71,86.56,3,1,1,4,0,anual,credito,movil,oeste,1
55,1,116.43,50.0,153.09,4,1,0,1,1,mensual,efectivo,fibra,centro,0
40,7,70.42,621.43,111.97,2,1,0,2,2,mensual,credito,fibra,sur,1
19,32,93.91,2960.55,41.24,2,0,0,1,1,anual,efectivo,movil,norte,0
57,62,86.7,5474.59,103.99,4,1,1,1,0,mensual,debito,fibra,centro,0
41,56,71.62,4074.43,207.32,3,1,1,2,1,anual,debito,movil,oeste,0
30,8,47.19,287.85,223.14,3,0,1,3,0,mensual,credito,fibra,centro,0
62,3,84.08,359.77,88.15,2,0,0,2,0,mensual,transferencia,cable,centro,0
30,25,38.03,1016.98,74.33,1,1,1,0,2,mensual,debito,movil,oeste,0
29,47,93.82,4229.31,97.1,1,1,1,2,0,mensual,debito,fibra,centro,0
29,54,68.6,3768.1,210.1,3,1,1,2,0,mensual,efectivo,cable,norte,0
69,60,17.3,982.35,162.1,1,0,1,3,1,anual,credito,cable,norte,0
44,25,58.87,1528.66,193.2,4,1,0,0,0,anual,credito,fibra,centro,1
52,13,76.77,1029.44,169.93,2,1,0,2,0,mensual,debito,cable,centro,0
68,2,60.73,243.85,54.03,2,1,1,1,0,bianual,transferencia,fibra,centro,1
42,11,77.87,971.45,72.56,2,1,1,1,0,anual,efectivo,movil,norte,0
34,5,49.7,155.54,85.19,1,1,0,4,3,anual,transferencia,cable,centro,0
78,62,41.49,2511.54,93.9,2,1,1,0,0,anual,debito,fibra,norte,1
55,20,63.71,1244.97,86.08,4,0,1,4,1,anual,credito,movil,oeste,0
56,60,65.57,4063.25,91.9,3,1,0,2,1,mensual,credito,movil,norte,0
36,40,58.73,2301.83,152.02,4,1,1,2,0,mensual,efectivo,fibra,oeste,0
74,39,87.09,3436.04,126.79,4,0,0,3,0,mensual,transferencia,fibra,sur,0
38,33,49.7,1749.61,180.99,3,0,1,2,0,anual,transferencia,fibra,centro,0
78,59,70.64,4174.31,132.59,4,1,1,1,1,mensual,credito,movil,centro,0
55,4,66.22,473.5,86.19,2,1,1,1,0,bianual,debito,fibra,oeste,1
46,7,36.98,194.52,129.42,2,0,0,1,0,mensual,transferencia,fibra,centro,1
61,31,41.26,1344.4,44.43,2,1,0,2,4,mensual,credito,fibra,centro,0
40,29,65.21,1939.12,5.0,2,0,0,2,0,mensual,debito,fibra,sur,1
68,40,100.66,4042.12,152.16,1,0,0,2,1,anual,transferencia,cable,norte,1
70,54,75.43,3817.63,170.92,3,0,1,3,1,mensual,debito,cable,centro,0
24,43,33.94,1426.84,123.61,3,1,1,2,1,anual,transferencia,fibra,sur,1
18,19,15.0,76.3,100.43,2,0,1,3,2,anual,transferencia,fibra,centro,0
22,24,78.19,1817.32,52.91,3,1,1,3,2,mensual,debito,movil,centro,0
46,55,63.27,3471.05,178.35,4,0,0,3,1,anual,transferencia,cable,sur,0
58,15,85.54,1559.63,144.63,4,0,0,1,0,anual,credito,cable,norte,0
57,37,49.15,1909.29,134.56,4,0,1,0,1,anual,credito,fibra,centro,1
33,39,71.3,2657.19,119.76,2,1,1,2,1,mensual,efectivo,ninguno,sur,1
67,55,80.23,4436.73,96.52,2,1,0,7,0,anual,efectivo,fibra,norte,0
23,52,56.95,3012.03,64.34,2,0,1,1,0,anual,credito,cable,sur,1
59,34,57.33,1961.32,132.64,2,1,1,1,1,bianual,transferencia,movil,sur,0
46,23,65.45,1507.57,93.07,3,0,1,2,0,mensual,credito,fibra,norte,0
19,27,74.77,1952.26,98.8,1,0,0,3,0,bianual,transferencia,fibra,sur,1
70,30,64.74,1985.51,205.89,2,0,0,1,0,bianual,debito,movil,norte,0
59,16,82.53,1351.84,117.6,2,0,1,3,0,mensual,credito,cable,oeste,1
51,46,56.69,2689.28,5.0,1,1,0,1,1,anual,debito,ninguno,centro,0
57,16,41.09,758.16,93.23,2,1,0,4,0,mensual,efectivo,cable,norte,0
37,47,100.59,4824.54,69.93,1,1,1,1,0,mensual,efectivo,movil,centro,0
18,55,54.12,2989.47,113.04,4,1,0,4,0,anual,debito,cable,centro,1
41,70,54.77,3814.46,48.78,1,1,0,3,3,mensual,credito,cable,centro,0
36,9,63.82,663.36,141.68,2,1,0,0,0,mensual,credito,ninguno,centro,0
60,55,66.21,3542.92,105.2,2,0,0,2,1,anual,debito,movil,oeste,0
46,7,58.04,109.55,96.21,2,0,1,1,1,bianual,debito,fibra,oeste,0
76,25,64.69,1408.75,127.48,3,0,1,1,0,mensual,transferencia,cable,norte,0
56,13,64.28,610.72,116.17,2,0,0,3,0,mensual,debito,fibra,centro,0
59,12,68.15,885.28,113.26,3,0,0,1,0,mensual,credito,ninguno,centro,0
59,13,22.57,309.33,108.79,1,1,0,6,0,mensual,efectivo,cable,norte,0
35,4,98.86,489.93,118.98,4,1,1,4,0,bianual,debito,cable,oeste,0
51,60,62.35,3803.11,137.16,3,1,0,1,1,mensual,credito,ninguno,oeste,1
73,5,75.45,501.79,130.9,4,1,0,2,1,anual,efectivo,fibra,centro,0
78,29,40.19,1301.14,176.34,1,0,1,2,0,mensual,transferencia,fibra,sur,1
37,51,56.52,2995.96,92.67,3,0,1,2,0,bianual,debito,fibra,norte,0
59,72,52.9,3924.79,131.91,3,1,0,3,0,mensual,debito,fibra,sur,0
22,62,91.46,5867.11,242.31,2,1,0,1,0,bianual,transferencia,fibra,centro,1
28,10,54.46,794.45,117.95,4,1,1,3,0,anual,debito,cable,sur,0
43,72,78.65,5671.77,119.89,2,1,1,2,0,bianual,credito,fibra,centro,1
62,48,53.29,2742.32,56.83,3,1,0,4,0,mensual,debito,ninguno,oeste,1
29,13,56.85,669.09,84.34,1,1,1,3,2,bianual,transferencia,fibra,norte,1
31,33,60.58,1935.77,114.68,1,1,0,4,2,mensual,credito,fibra,oeste,1
61,67,88.11,6102.35,146.67,4,1,1,0,0,anual,credito,fibra,centro,1
28,29,30.98,910.64,152.46,2,0,1,2,0,anual,transferencia,fibra,sur,0
22,14,41.32,378.6,136.31,1,1,1,0,0,mensual,debito,cable,norte,1
56,64,29.95,1772.99,160.2,4,1,0,0,2,mensual,credito,ninguno,norte,1
48,69,45.42,3041.22,70.03,1,1,0,1,0,mensual,efectivo,fibra,centro,0
49,71,50.39,3436.69,144.45,1,1,0,1,1,bianual,credito,fibra,centro,0
51,69,35.94,2544.15,120.67,3,1,1,5,0,mensual,debito,fibra,centro,0
75,63,51.79,3159.18,126.24,1,1,0,3,0,mensual,efectivo,cable,norte,0
75,33,28.74,914.87,101.88,3,1,0,1,2,anual,debito,fibra,centro,0
53,14,46.68,580.66,72.35,2,1,0,1,1,anual,credito,fibra,centro,1
58,45,86.61,3733.61,59.24,4,0,0,2,0,mensual,debito,movil,sur,1
49,16,72.26,998.14,136.03,3,1,1,1,2,mensual,transferencia,movil,norte,1
40,35,68.37,2502.32,144.89,1,1,1,2,0,anual,debito,fibra,centro,1
26,48,46.95,2292.83,113.52,3,1,0,0,1,anual,debito,cable,oeste,1
57,69,37.35,2193.4,119.26,3,0,0,1,0,mensual,credito,movil,centro,1
70,21,44.5,858.32,83.99,4,1,1,3,0,mensual,debito,fibra,oeste,1
60,19,64.22,1327.31,145.15,1,1,1,0,0,anual,transferencia,cable,norte,0
37,53,80.63,4341.17,123.03,3,0,0,2,1,mensual,credito,fibra,centro,0
55,1,81.24,336.26,101.72,3,0,0,2,0,bianual,credito,fibra,sur,1
43,41,76.35,3099.42,163.3,4,0,1,4,0,anual,debito,fibra,sur,0
77,54,51.72,2837.95,152.25,3,1,0,1,1,bianual,efectivo,cable,sur,1
48,40,65.44,2511.64,43.21,4,1,1,3,0,mensual,debito,cable,centro,1
46,28,59.22,1472.57,122.46,3,1,1,1,0,mensual,credito,movil,centro,1
76,60,61.38,3726.54,72.09,1,0,1,1,2,anual,debito,fibra,centro,1
29,27,101.67,2697.94,126.98,1,1,1,1,2,mensual,efectivo,cable,centro,1
33,52,33.28,2050.4,5.0,1,0,0,2,1,mensual,credito,movil,sur,1
30,34,60.78,1995.94,129.86,3,1,1,1,1,mensual,debito,fibra,centro,1
59,2,86.81,123.1,155.6,4,1,1,3,0,mensual,debito,cable,norte,1
59,39,38.61,1515.51,114.46,3,0,1,2,2,mensual,credito,cable,norte,0
61,4,53.41,326.51,61.76,4,1,0,5,2,mensual,debito,movil,centro,1
74,68,55.48,3875.35,217.82,3,1,1,2,1,mensual,credito,cable,oeste,1
19,44,60.98,2483.82,177.8,3,1,1,2,0,anual,debito,cable,oeste,0
32,27,36.27,1136.15,93.45,1,1,1,4,0,mensual,debito,movil,oeste,1
41,36,75.72,2706.32,106.95,1,0,0,3,3,anual,transferencia,ninguno,sur,0
30,45,76.99,3143.11,20.95,3,1,0,2,4,anual,credito,movil,centro,1
20,19,74.15,1409.17,143.67,1,1,1,4,0,anual,debito,fibra,oeste,0
32,21,49.33,913.73,51.54,4,1,0,4,0,bianual,credito,cable,norte,0
26,31,66.56,2205.35,153.32,4,1,1,0,0,bianual,efectivo,fibra,sur,0
75,19,48.81,968.78,171.3,1,1,0,2,0,mensual,transferencia,fibra,sur,0
22,55,59.01,3374.66,116.49,1,0,1,3,1,mensual,transferencia,cable,oeste,1
31,8,103.76,973.35,66.78,4,1,0,2,0,anual,transferencia,fibra,centro,0
33,60,66.72,3948.38,182.45,4,1,0,3,0,anual,debito,cable,oeste,0
61,26,43.62,1164.09,120.11,3,1,1,0,2,mensual,debito,fibra,norte,0
60,41,68.25,2934.65,124.66,2,1,0,3,3,bianual,debito,movil,sur,0
70,12,40.67,514.74,73.42,2,1,1,1,2,bianual,debito,fibra,centro,1
27,28,43.42,1116.92,129.65,4,0,0,1,1,bianual,transferencia,fibra,norte,0
69,55,46.26,2717.63,109.85,3,1,1,2,0,mensual,debito,cable,oeste,1
42,20,57.0,1143.03,53.58,1,1,0,5,3,mensual,credito,movil,centro,0
68,10,81.87,724.23,187.0,3,1,1,2,1,mensual,debito,cable,centro,0
52,38,75.41,3095.45,207.96,4,1,1,5,1,mensual,transferencia,movil,norte,1
47,12,74.41,664.29,170.91,1,0,1,2,0,mensual,transferencia,movil,centro,0
30,23,45.22,960.07,163.44,3,1,1,1,0,mensual,transferencia,fibra,oeste,0
20,33,55.26,1754.74,208.26,3,0,0,1,1,bianual,credito,fibra,centro,0
33,41,69.9,2971.21,67.63,4,1,1,1,1,mensual,efectivo,fibra,centro,1
31,47,53.69,2481.37,67.02,3,1,1,3,1,anual,efectivo,fibra,centro,1
51,49,59.99,2857.32,99.28,1,1,1,0,1,mensual,credito,cable,centro,0
61,61,72.94,4574.56,134.89,3,1,1,1,1,bianual,credito,fibra,norte,1
60,5,58.72,387.4,105.37,1,1,1,4,1,bianual,debito,fibra,oeste,0
68,27,69.07,1830.37,69.0,3,0,1,2,0,anual,transferencia,cable,norte,1
47,1,93.67,121.67,120.28,1,1,1,2,0,mensual,efectivo,cable,sur,0
32,1,61.91,50.0,115.28,4,1,1,1,0,mensual,debito,ninguno,oeste,0
40,16,86.23,1352.2,162.07,3,1,0,3,1,anual,debito,cable,centro,0
38,44,75.07,3294.67,122.23,3,1,1,0,1,anual,debito,fibra,centro,0
69,65,38.59,2352.97,24.77,1,1,1,0,0,bianual,efectivo,fibra,sur,0
57,56,45.16,2330.54,139.27,2,1,0,0,2,mensual,credito,fibra,oeste,1
68,47,50.0,2302.16,199.09,3,0,1,2,3,mensual,efectivo,fibra,centro,0
35,57,49.61,2954.41,121.45,2,0,0,2,0,mensual,credito,cable,centro,0
34,13,63.37,893.44,169.35,1,0,1,0,0,mensual,debito,ninguno,norte,1
69,61,76.06,4567.73,94.74,3,1,0,2,1,anual,credito,fibra,sur,1
61,65,87.59,6004.66,148.29,3,1,1,1,0,mensual,debito,fibra,sur,0
20,7,70.55,365.21,82.77,3,0,0,2,0,bianual,credito,fibra,sur,0
56,34,56.98,2003.3,107.68,2,1,0,2,1,mensual,credito,cable,centro,0
19,60,27.52,1587.74,108.07,3,0,1,2,2,mensual,credito,ninguno,oeste,1
22,35,66.27,2465.1,143.83,4,1,0,0,0,mensual,credito,fibra,sur,0
23,61,65.46,3979.41,78.79,4,1,0,5,2,anual,credito,cable,sur,1
21,68,68.29,4615.05,46.76,2,0,0,6,1,anual,transferencia,fibra,oeste,1
46,35,102.91,3717.51,143.51,3,0,0,0,2,bianual,debito,cable,centro,1
18,5,87.33,416.82,141.63,4,1,0,2,1,mensual,efectivo,fibra,centro,1
51,25,79.13,2066.89,125.62,1,0,1,0,2,mensual,credito,fibra,centro,0
26,16,47.68,749.72,166.64,3,1,0,3,2,anual,credito,cable,norte,1
33,35,55.77,1636.76,109.87,4,0,1,1,1,bianual,debito,fibra,centro,0
25,43,63.29,2980.19,134.07,1,1,0,1,0,mensual,debito,fibra,oeste,1
33,34,51.04,1797.56,102.5,2,1,0,4,0,mensual,transferencia,fibra,centro,0
24,15,74.01,1073.09,107.07,4,1,0,1,0,mensual,efectivo,fibra,oeste,0
50,22,71.42,1734.95,137.01,1,1,0,1,0,anual,credito,cable,centro,1
42,49,45.41,2109.06,233.33,2,1,0,4,0,mensual,debito,fibra,norte,1
73,2,86.54,63.72,157.11,4,1,0,2,1,mensual,transferencia,cable,norte,0
62,16,66.84,899.68,147.43,3,1,1,2,1,mensual,efectivo,cable,norte,0
42,65,33.88,2178.16,158.67,3,1,0,0,0,anual,transferencia,fibra,oeste,1
45,8,64.08,433.28,5.0,3,1,1,0,1,mensual,debito,fibra,oeste,0
19,30,70.06,2066.95,135.96,2,0,0,3,0,mensual,credito,cable,norte,0
51,15,82.51,1061.32,165.52,4,1,1,3,1,anual,efectivo,cable,sur,0
51,8,58.93,389.12,124.22,2,1,0,3,0,mensual,debito,cable,oeste,0
38,31,79.9,2531.53,117.84,2,0,0,2,1,mensual,debito,cable,centro,1
36,38,68.37,2761.93,73.0,2,1,0,0,1,mensual,transferencia,movil,centro,0
58,13,41.33,542.65,98.33,1,1,1,2,0,mensual,credito,cable,norte,0
56,6,39.53,177.42,78.33,3,1,1,1,0,mensual,debito,movil,norte,0
38,10,85.21,927.7,169.98,4,1,0,0,0,mensual,credito,cable,sur,1
64,47,86.53,4208.2,195.08,3,1,0,0,2,mensual,efectivo,ninguno,centro,1
36,62,70.81,4524.95,216.75,2,0,1,0,0,anual,transferencia,movil,oeste,0
44,13,91.92,1256.34,77.5,1,0,1,2,2,anual,debito,fibra,centro,1
75,24,84.02,1926.03,86.58,3,1,0,2,0,mensual,transferencia,cable,sur,1
60,25,77.31,1926.13,82.52,3,1,0,1,0,anual,credito,fibra,sur,0
44,26,48.6,1292.71,69.07,4,1,0,1,0,mensual,debito,movil,oeste,0
53,18,96.17,1436.55,69.88,2,1,0,0,0,bianual,debito,fibra,centro,0
45,4,74.65,301.89,94.23,1,1,0,3,0,mensual,efectivo,cable,centro,1
28,38,58.05,2412.85,163.72,4,0,0,2,1,mensual,debito,fibra,sur,0
22,26,52.97,1300.44,84.11,2,0,0,2,0,mensual,debito,movil,centro,0
68,25,69.62,1522.69,172.65,4,1,1,1,2,mensual,transferencia,ninguno,norte,0
74,20,34.92,618.5,188.37,1,1,0,1,0,mensual,transferencia,cable,sur,0
72,67,77.59,5114.32,134.25,4,1,0,0,1,mensual,debito,fibra,centro,1
40,44,47.84,2237.18,181.46,4,0,1,2,2,anual,transferencia,cable,centro,1
43,31,71.67,2537.81,51.94,1,1,0,6,2,mensual,transferencia,fibra,norte,0
59,15,55.61,852.84,92.09,4,1,0,1,0,mensual,transferencia,ninguno,sur,1
39,58,60.24,3391.61,129.47,4,1,0,0,0,bianual,transferencia,fibra,sur,1
58,64,51.38,3143.07,131.16,4,0,1,1,0,mensual,debito,cable,norte,0
47,3,62.1,310.04,191.46,1,0,1,3,1,mensual,efectivo,fibra,norte,1
72,67,99.01,6720.49,70.06,2,1,1,2,1,mensual,credito,ninguno,centro,1
70,51,89.93,4727.02,93.15,3,1,0,0,1,mensual,credito,cable,sur,1
71,8,71.38,507.64,115.75,2,1,1,2,1,anual,debito,ninguno,centro,0
67,55,64.54,3745.48,94.07,3,1,1,1,1,mensual,credito,fibra,centro,1
27,8,80.2,662.51,67.87,4,1,0,2,0,mensual,debito,cable,oeste,1
65,4,85.34,255.81,96.17,4,0,1,2,4,anual,credito,fibra,centro,1
24,9,50.06,204.2,107.72,4,0,1,1,4,bianual,debito,movil,oeste,1
61,34,63.61,2101.06,192.38,2,1,0,1,1,anual,transferencia,fibra,oeste,1
72,45,32.2,1385.94,68.99,1,1,0,0,0,mensual,debito,fibra,sur,0
69,30,85.22,2428.09,160.76,1,1,0,3,1,mensual,credito,cable,norte,1
34,9,102.17,973.2,183.61,1,1,1,2,1,bianual,credito,fibra,sur,0
61,15,66.44,913.49,94.37,4,0,1,2,0,mensual,credito,movil,centro,1
69,62,26.75,1544.31,132.99,2,1,1,0,0,bianual,efectivo,movil,sur,0
20,70,75.96,5207.15,148.8,2,1,1,0,0,anual,credito,cable,norte,0
42,55,48.73,2509.84,140.55,4,1,0,1,1,bianual,transferencia,cable,norte,0
28,8,53.06,355.95,124.11,1,0,0,3,0,mensual,credito,fibra,sur,1
39,60,76.28,4511.36,86.06,2,0,0,2,0,bianual,transferencia,fibra,norte,1
72,50,69.58,3449.61,153.12,2,1,0,2,0,bianual,efectivo,movil,oeste,0
28,38,56.21,2181.83,101.28,1,1,1,1,0,anual,credito,fibra,norte,0
59,11,53.31,770.13,121.43,2,0,0,0,0,bianual,efectivo,ninguno,norte,0
77,72,67.27,4964.68,128.79,4,1,1,2,3,anual,debito,cable,oeste,1
68,32,57.63,1656.54,162.8,3,1,0,3,0,anual,transferencia,fibra,centro,0
21,4,45.03,287.35,216.4,2,1,1,1,0,anual,credito,fibra,oeste,0
75,16,59.01,1074.09,83.11,4,0,1,3,1,anual,debito,cable,oeste,0
49,29,71.11,2153.11,122.63,1,1,0,1,0,anual,credito,ninguno,sur,0
78,5,61.79,254.76,45.78,4,0,1,0,1,anual,debito,cable,norte,0
61,24,39.56,1125.17,194.07,3,0,1,2,1,anual,efectivo,cable,oeste,1
63,34,82.8,2707.46,122.19,1,0,1,5,1,bianual,transferencia,ninguno,sur,1
43,69,15.7,1211.31,105.02,4,0,0,2,0,mensual,credito,fibra,norte,0
27,7,56.97,523.18,122.61,1,1,1,1,1,anual,debito,fibra,centro,0
36,42,53.84,2321.22,125.14,3,0,1,2,0,anual,efectivo,movil,norte,0
48,66,67.67,4250.45,83.41,3,0,0,2,0,anual,transferencia,cable,norte,0
27,59,75.11,4455.74,179.4,4,0,1,2,0,mensual,transferencia,fibra,centro,0
19,67,85.28,5813.66,152.24,1,0,1,1,0,mensual,credito,movil,sur,1
29,13,52.18,684.12,159.21,4,1,0,2,2,mensual,credito,fibra,norte,1
65,58,75.56,4372.62,86.0,1,0,0,0,2,anual,debito,cable,centro,0
75,71,68.52,4820.04,83.29,1,0,0,0,1,anual,transferencia,movil,sur,1
68,24,34.19,757.29,114.32,1,1,1,2,1,anual,debito,fibra,oeste,0
43,36,99.21,3560.14,160.0,2,1,1,1,0,mensual,debito,movil,norte,0
48,39,39.1,1668.7,145.08,3,0,1,4,2,mensual,debito,movil,sur,0
19,36,72.55,2527.4,81.12,1,1,1,2,2,anual,credito,fibra,oeste,1
49,21,72.02,1559.52,153.39,1,0,1,2,0,bianual,credito,fibra,norte,1
41,70,69.96,4574.46,71.39,3,0,0,4,0,anual,transferencia,movil,oeste,0
41,69,56.1,3807.85,86.92,1,0,1,2,1,mensual,efectivo,cable,oeste,0
55,28,79.89,2322.55,127.89,3,0,1,2,0,mensual,debito,fibra,norte,0
43,58,36.91,2261.45,61.43,4,0,0,4,0,anual,debito,fibra,centro,0
55,29,63.82,1717.27,71.82,3,0,0,1,0,mensual,credito,fibra,norte,0
69,58,54.85,3215.27,197.61,1,1,1,6,1,anual,transferencia,cable,oeste,0
23,43,52.81,2364.29,188.31,3,0,0,2,0,bianual,efectivo,movil,oeste,1
72,34,72.72,2375.3,234.49,2,0,1,0,0,bianual,debito,cable,sur,0
33,10,84.39,642.67,142.53,1,1,0,2,0,mensual,debito,fibra,oeste,0
62,48,58.82,2660.84,152.24,1,1,1,1,0,mensual,efectivo,movil,sur,0
62,24,79.05,1704.99,112.25,2,1,0,4,0,anual,credito,fibra,centro,0
78,16,65.9,1138.68,102.48,4,1,1,0,1,bianual,credito,fibra,sur,0
78,14,48.93,696.21,163.6,2,1,0,1,0,mensual,debito,ninguno,norte,1
30,71,60.36,4232.77,188.1,1,1,0,1,1,mensual,debito,fibra,sur,0
49,8,59.61,368.73,159.33,2,1,1,5,2,anual,debito,cable,sur,1
73,58,52.46,3173.58,78.01,1,1,1,4,0,mensual,transferencia,movil,norte,0
23,63,72.71,4553.84,139.58,1,1,1,2,0,mensual,transferencia,fibra,centro,1
57,3,69.22,244.44,81.49,4,0,0,0,0,bianual,credito,cable,oeste,0
71,43,36.37,1453.18,103.78,4,1,0,0,2,mensual,credito,movil,centro,1
46,42,35.27,1338.24,201.81,1,0,1,1,2,mensual,debito,fibra,sur,1
44,26,72.64,2008.65,60.02,3,1,1,3,1,mensual,debito,movil,sur,1
42,49,50.32,2474.07,228.43,4,1,1,0,0,mensual,debito,fibra,oeste,1
62,30,70.44,2132.02,147.48,3,1,0,1,2,mensual,debito,movil,centro,0
28,32,79.06,2567.32,96.69,2,1,1,1,0,mensual,efectivo,fibra,sur,1
32,32,42.12,1464.78,123.41,1,1,1,6,1,mensual,debito,cable,sur,0
23,58,39.59,2434.4,85.75,1,1,0,3,1,anual,debito,cable,oeste,1
71,46,95.14,4240.7,92.65,4,1,0,1,0,mensual,transferencia,fibra,centro,0
65,28,71.33,1964.42,123.66,3,1,0,1,0,anual,credito,fibra,sur,1
34,67,57.45,3723.85,103.55,4,1,1,1,2,bianual,debito,cable,oeste,0
54,58,48.19,2814.81,73.35,4,1,1,0,0,bianual,debito,movil,centro,0
60,68,55.81,3746.82,108.93,2,1,0,2,0,mensual,debito,fibra,oeste,0
30,53,43.57,2270.24,54.27,3,1,1,3,1,mensual,debito,movil,sur,1
42,29,80.9,2317.65,56.41,1,1,1,2,1,anual,transferencia,fibra,oeste,1
39,56,51.02,2822.41,55.9,3,1,1,5,0,mensual,credito,cable,oeste,0
40,24,84.68,2333.62,203.57,4,1,1,1,2,anual,debito,cable,centro,0
58,20,57.79,922.31,140.28,3,1,0,1,0,anual,transferencia,movil,oeste,0
29,33,46.22,1505.56,149.79,3,1,1,6,0,mensual,debito,cable,sur,1
32,70,57.33,3832.04,120.56,2,1,1,1,0,mensual,credito,fibra,centro,0
69,41,17.76,746.55,145.31,4,1,1,2,0,bianual,debito,fibra,centro,0
29,28,62.83,1587.98,178.79,3,1,0,1,1,mensual,debito,fibra,centro,1
44,34,61.94,2096.86,140.39,2,1,1,2,0,anual,credito,cable,centro,0
63,21,79.85,1587.77,202.02,2,0,0,2,1,anual,debito,fibra,oeste,1
43,48,31.05,1618.3,118.14,4,1,1,0,0,mensual,debito,fibra,centro,0
46,26,85.91,2053.92,149.95,1,1,1,5,1,mensual,credito,fibra,centro,0
24,40,79.77,3026.83,155.2,3,1,0,3,1,anual,transferencia,fibra,sur,0
44,27,87.54,2224.83,73.4,2,1,0,1,0,mensual,credito,cable,centro,0
26,24,64.05,1580.75,122.14,2,0,0,2,0,anual,debito,ninguno,centro,1
27,70,83.25,5850.91,27.93,2,1,1,3,1,mensual,debito,fibra,oeste,0
40,25,38.52,925.64,113.51,4,1,1,5,1,bianual,credito,fibra,oeste,0
56,6,77.83,541.87,106.04,2,1,0,4,1,anual,debito,fibra,centro,1
20,28,51.12,1157.49,103.05,2,1,1,1,0,mensual,debito,cable,norte,0
24,39,35.27,1344.27,99.62,4,1,1,2,1,anual,credito,cable,centro,0
54,7,44.77,309.12,145.6,2,0,1,0,0,anual,efectivo,fibra,centro,1
55,23,65.1,1516.62,75.71,4,0,1,2,1,anual,transferencia,fibra,norte,1
29,12,50.16,607.73,213.0,2,1,1,1,1,mensual,debito,movil,norte,0
21,37,71.77,2683.66,148.37,4,0,0,3,0,mensual,transferencia,cable,oeste,1
62,53,32.45,1771.7,79.85,2,1,0,1,0,anual,credito,movil,sur,0
76,70,26.71,2101.45,152.36,2,1,1,1,0,mensual,transferencia,fibra,oeste,0
57,29,89.7,2685.26,169.74,3,0,0,1,0,anual,credito,movil,sur,0
32,63,81.27,4937.47,138.46,4,1,0,1,0,mensual,transferencia,movil,oeste,1
46,16,46.11,836.66,69.71,1,0,0,2,0,bianual,credito,fibra,centro,1
71,57,64.95,3682.52,231.86,4,1,0,2,1,bianual,transferencia,fibra,centro,1
30,41,83.35,3347.06,151.97,2,0,1,5,0,mensual,credito,fibra,centro,0
22,55,72.55,3814.78,57.62,4,0,1,2,0,mensual,credito,movil,centro,0
65,55,67.67,3684.82,130.46,3,1,0,3,0,mensual,credito,fibra,centro,0
57,39,84.71,3325.73,108.98,3,1,1,1,1,bianual,debito,fibra,norte,0
78,19,51.85,1073.44,120.32,2,0,1,2,0,mensual,credito,cable,centro,0
48,38,65.56,2357.39,60.31,1,0,1,4,1,anual,debito,cable,oeste,0
61,60,64.68,3829.15,122.72,1,1,0,1,0,anual,debito,fibra,oeste,0
45,70,60.09,4145.17,78.44,1,1,1,1,1,mensual,credito,fibra,oeste,1
62,67,57.98,3814.64,102.52,3,1,1,1,3,anual,credito,fibra,centro,1
59,14,66.31,744.01,139.37,3,1,1,2,0,mensual,debito,fibra,centro,1
29,44,65.62,2758.12,96.17,3,1,0,2,0,mensual,debito,fibra,oeste,1
69,8,46.13,331.2,105.48,4,1,1,1,2,bianual,credito,movil,centro,0
42,49,79.43,3965.82,161.01,4,1,1,2,1,mensual,efectivo,ninguno,norte,1
46,72,47.43,3385.55,75.57,2,1,0,2,0,mensual,credito,movil,centro,1
23,4,61.07,99.1,87.58,3,0,1,2,1,anual,transferencia,fibra,norte,1
34,48,59.68,2831.66,57.27,1,1,0,2,0,anual,credito,fibra,norte,1
23,69,71.45,4779.49,78.86,3,0,0,3,1,anual,debito,cable,centro,1
75,61,26.86,1726.06,126.46,2,1,0,0,0,mensual,debito,fibra,oeste,0
45,29,81.04,2528.32,151.97,2,1,0,2,2,anual,credito,movil,norte,0
26,8,52.81,432.23,79.69,2,0,0,2,2,mensual,efectivo,movil,centro,0
33,67,86.96,5905.61,150.49,1,1,1,4,2,mensual,debito,ninguno,centro,1
58,67,56.39,3690.83,125.26,3,1,0,3,0,mensual,credito,movil,oeste,0
57,42,64.12,2719.01,50.87,3,1,0,2,3,anual,transferencia,fibra,centro,0
55,71,99.45,7051.84,128.73,1,1,1,1,1,anual,transferencia,fibra,centro,0
74,1,60.01,174.06,179.72,2,0,1,3,4,mensual,credito,movil,sur,0
76,45,87.3,3851.53,25.39,2,1,1,1,2,mensual,debito,cable,sur,0
44,3,65.7,181.44,220.26,2,0,1,1,0,anual,efectivo,movil,centro,1
60,68,72.48,4790.24,89.47,4,1,1,2,1,mensual,credito,fibra,centro,0
25,49,66.26,3317.31,37.54,2,1,1,1,0,mensual,debito,cable,sur,0
23,66,80.26,5214.28,126.92,3,1,0,0,1,anual,transferencia,cable,centro,0
30,41,52.66,2113.93,161.55,1,1,1,1,0,mensual,efectivo,fibra,centro,1
41,6,47.29,169.53,105.98,4,0,1,1,1,mensual,efectivo,cable,norte,0
45,2,53.51,76.95,135.58,2,1,0,2,1,anual,credito,fibra,norte,0
77,25,66.79,1748.22,225.99,2,1,0,1,1,mensual,transferencia,fibra,norte,0
46,54,61.03,3330.91,130.28,1,1,0,2,3,anual,debito,cable,oeste,0
46,11,77.78,1001.37,269.12,4,1,0,0,0,anual,efectivo,fibra,oeste,0
51,62,88.49,5400.33,183.23,3,1,0,3,0,mensual,transferencia,movil,norte,1
23,18,47.43,847.16,122.58,1,1,1,0,1,anual,credito,fibra,centro,1
73,36,51.79,1994.88,134.58,3,0,1,3,1,anual,debito,cable,sur,0
33,15,39.15,467.3,104.03,2,1,0,5,1,bianual,transferencia,fibra,centro,0
73,34,101.55,3589.68,132.48,3,0,1,2,1,anual,credito,cable,sur,1
63,33,70.48,2502.06,148.08,1,1,0,2,0,mensual,efectivo,fibra,centro,1
57,1,73.64,50.0,99.79,3,1,1,2,1,anual,transferencia,movil,centro,1
72,41,40.88,1962.07,51.0,1,0,0,3,2,anual,transferencia,cable,sur,0
27,57,64.98,3664.58,186.06,3,1,1,1,0,anual,debito,fibra,norte,0
62,68,74.17,4834.68,168.67,2,0,0,3,2,mensual,transferencia,cable,centro,1
28,24,60.45,1312.71,49.15,4,0,1,0,0,anual,transferencia,fibra,norte,0
78,64,84.36,5373.95,128.55,3,0,0,3,0,mensual,credito,fibra,oeste,0
36,64,106.61,6767.46,171.35,1,1,1,1,1,bianual,debito,fibra,sur,0
39,72,47.95,3351.49,166.19,4,1,0,3,2,mensual,transferencia,cable,norte,0
62,27,46.6,1103.13,85.3,4,0,1,2,1,mensual,debito,cable,centro,0
42,62,49.2,2875.5,169.11,2,1,1,2,1,mensual,debito,movil,sur,0
69,41,93.91,4042.39,120.75,2,1,1,2,1,bianual,debito,fibra,centro,0
42,5,83.76,455.25,139.43,1,0,1,3,0,anual,debito,fibra,centro,0
57,20,62.56,1365.34,74.03,3,1,0,1,1,mensual,credito,cable,centro,0
29,49,65.66,3098.91,5.0,2,1,0,0,1,bianual,debito,cable,sur,1
69,12,50.3,550.24,81.13,1,1,1,1,0,mensual,credito,fibra,oeste,1
19,32,81.02,2464.95,146.83,3,1,1,1,2,mensual,efectivo,fibra,norte,0
32,56,58.16,3191.37,109.73,1,0,1,0,0,mensual,credito,ninguno,centro,0
65,11,60.32,785.6,152.51,1,1,0,1,0,mensual,credito,fibra,oeste,1
59,36,75.96,2676.98,175.31,4,1,0,1,0,mensual,debito,fibra,sur,0
28,16,61.62,968.13,103.47,3,1,0,3,1,mensual,credito,fibra,oeste,0
34,39,60.77,2284.27,98.55,1,1,1,3,0,mensual,credito,fibra,centro,0
35,18,65.19,1260.78,10.66,3,0,1,1,0,mensual,transferencia,fibra,sur,0
57,70,79.32,5479.25,42.62,2,1,0,1,2,mensual,efectivo,fibra,centro,1
38,6,94.64,715.08,53.0,1,0,0,1,1,anual,credito,fibra,oeste,0
19,70,75.54,5241.01,147.83,1,0,0,0,0,mensual,debito,fibra,oeste,0
41,58,79.46,4899.45,103.97,4,1,0,0,0,mensual,transferencia,fibra,norte,0
55,62,61.4,3950.55,93.29,1,0,1,1,1,mensual,efectivo,fibra,centro,0
42,62,52.26,3233.83,87.56,3,1,0,1,0,anual,efectivo,movil,norte,1
72,14,76.77,1082.98,81.05,4,1,1,4,3,anual,efectivo,fibra,norte,0
57,68,68.08,4793.93,166.17,2,1,0,3,1,mensual,debito,fibra,sur,0
33,43,39.39,1732.87,124.67,3,1,1,1,1,anual,transferencia,movil,centro,1
57,70,59.09,4208.28,169.57,2,1,0,1,0,bianual,debito,movil,sur,0
70,64,63.51,4318.33,10.33,3,1,1,0,1,anual,debito,cable,oeste,0
76,42,55.81,2368.79,146.64,2,1,1,5,0,mensual,transferencia,fibra,sur,1
21,27,91.67,2222.96,95.81,2,0,0,2,0,bianual,debito,movil,norte,0
34,9,73.64,683.47,105.93,3,1,1,3,2,mensual,credito,cable,centro,0
57,8,89.72,858.48,187.64,1,1,1,0,0,mensual,debito,fibra,centro,0
19,29,69.74,2060.21,100.51,3,1,0,0,1,anual,debito,fibra,sur,1
43,59,66.46,3782.17,144.59,3,1,1,3,0,mensual,debito,fibra,oeste,1
54,37,48.14,1770.96,69.1,4,1,1,1,0,bianual,credito,fibra,norte,0
19,35,65.21,2460.42,121.81,1,0,1,2,1,mensual,debito,fibra,centro,0
25,18,65.23,1003.9,40.44,1,1,0,2,1,mensual,credito,fibra,oeste,1
57,41,40.39,1449.51,117.13,2,1,1,2,2,mensual,credito,movil,centro,1
46,46,55.29,2442.88,139.27,4,1,1,0,1,anual,debito,movil,centro,1
27,71,59.18,4339.36,175.32,2,1,1,1,0,mensual,transferencia,fibra,norte,0
19,53,72.44,3593.6,79.11,1,1,0,2,1,mensual,debito,fibra,norte,1
48,44,73.3,3239.71,93.55,1,1,0,2,1,bianual,transferencia,cable,centro,1
74,66,54.54,3659.19,87.79,4,1,0,1,1,mensual,efectivo,fibra,oeste,0
33,31,73.44,2276.85,107.3,4,1,0,3,0,mensual,efectivo,movil,norte,0
43,68,61.72,4019.24,71.8,1,1,0,1,0,anual,credito,ninguno,oeste,0
25,27,15.0,420.69,12.14,3,0,0,1,1,mensual,transferencia,cable,centro,1
41,10,56.28,432.0,67.86,4,0,1,0,0,mensual,debito,fibra,oeste,1
24,31,84.42,2634.51,117.55,1,1,1,1,1,mensual,efectivo,movil,norte,0
32,10,34.73,240.41,112.59,1,1,0,1,0,mensual,debito,fibra,norte,1
56,9,67.03,643.09,147.61,2,1,0,1,0,mensual,credito,fibra,sur,1
46,64,93.53,5979.96,162.11,1,1,1,3,0,anual,credito,cable,centro,1
30,58,51.31,2824.35,97.52,3,0,0,2,0,mensual,transferencia,fibra,oeste,1
26,16,65.04,1106.94,40.71,3,1,0,2,0,mensual,transferencia,fibra,oeste,0
36,61,41.53,2515.71,140.16,2,0,1,3,3,mensual,debito,movil,sur,0
68,5,94.29,509.61,119.51,4,1,1,2,1,bianual,debito,fibra,oeste,0
30,21,63.5,1357.01,107.08,4,1,1,2,0,anual,transferencia,fibra,oeste,1
37,51,65.84,3478.06,181.02,3,1,1,1,1,mensual,efectivo,cable,sur,1
25,22,89.38,2035.4,142.53,3,1,1,0,2,anual,debito,fibra,centro,0
55,53,76.91,4124.73,126.14,1,1,1,4,1,mensual,transferencia,movil,oeste,0
18,63,49.24,2873.78,128.19,1,1,1,4,2,mensual,credito,ninguno,oeste,0
30,5,53.35,214.21,162.49,4,0,0,1,0,mensual,debito,ninguno,oeste,0
47,2,73.91,50.0,85.52,3,0,0,2,0,anual,debito,fibra,centro,1
58,68,53.77,3476.15,75.99,2,0,1,2,1,mensual,transferencia,ninguno,centro,0
64,38,26.89,1147.12,108.29,3,1,0,6,1,mensual,debito,fibra,oeste,1
63,37,64.04,2299.34,61.1,1,0,1,3,1,anual,transferencia,fibra,norte,0
22,34,38.36,1426.71,117.73,2,1,1,0,2,bianual,debito,fibra,oeste,0
53,32,94.09,2901.57,124.85,2,0,1,3,0,bianual,credito,movil,norte,0
28,50,68.18,3377.43,116.56,4,0,0,0,1,anual,debito,fibra,centro,0
54,42,48.71,2048.63,101.93,2,1,0,2,1,anual,transferencia,cable,centro,0
72,12,52.42,799.65,202.65,1,1,0,0,3,mensual,debito,movil,norte,1
19,46,30.99,1530.91,167.03,2,0,0,2,0,mensual,debito,fibra,sur,0
73,49,45.21,2140.89,115.14,2,0,1,0,2,anual,credito,movil,sur,0
74,9,83.29,675.97,124.65,2,0,0,2,1,mensual,credito,fibra,norte,0
76,28,105.17,2953.15,188.82,4,1,1,1,1,bianual,credito,fibra,norte,1
20,57,78.08,4723.03,90.77,2,1,0,3,2,mensual,debito,cable,norte,0
56,45,63.34,2846.44,71.72,2,1,1,3,0,mensual,debito,cable,centro,1
34,10,57.22,460.81,131.34,2,0,0,4,2,mensual,debito,fibra,sur,0
18,3,47.78,50.0,140.7,1,0,0,2,1,anual,debito,movil,norte,0
21,42,102.08,4253.0,144.43,1,1,1,2,0,mensual,debito,fibra,norte,0
25,34,61.6,2120.43,161.39,1,1,1,2,4,anual,debito,cable,centro,0
43,70,103.08,7094.87,83.37,4,1,0,1,0,mensual,credito,fibra,norte,0
31,38,90.08,3524.96,49.58,4,0,0,0,1,anual,debito,fibra,sur,0
22,68,33.67,2198.97,90.77,1,1,0,1,1,anual,credito,cable,centro,1
39,16,53.01,992.11,149.09,2,1,1,2,0,bianual,transferencia,cable,oeste,0
47,33,52.96,1767.01,73.91,1,1,1,1,0,mensual,transferencia,fibra,norte,0
39,11,63.56,647.46,23.31,4,1,1,3,1,mensual,credito,cable,norte,0
56,42,63.91,2334.94,127.21,1,1,0,4,0,mensual,debito,fibra,norte,1
28,14,118.93,1610.98,91.65,3,1,0,4,0,mensual,credito,fibra,oeste,0
37,36,45.61,1632.72,33.65,3,1,0,2,0,anual,debito,fibra,centro,0
28,25,69.12,1724.11,123.72,4,0,1,2,1,mensual,credito,movil,centro,0
31,14,76.1,1126.57,100.69,4,0,1,0,1,bianual,efectivo,fibra,centro,0
76,7,64.97,398.83,203.8,4,1,0,4,0,mensual,credito,fibra,centro,0
57,37,66.98,2541.02,124.44,2,1,1,1,2,anual,efectivo,fibra,oeste,0
23,69,46.19,3068.85,149.3,4,1,1,1,0,anual,debito,cable,norte,0
28,15,66.92,1115.4,119.14,1,1,1,3,0,bianual,debito,fibra,sur,0
19,30,74.21,2339.59,90.12,1,1,1,2,2,mensual,debito,fibra,oeste,1
69,17,70.9,1236.83,95.62,4,0,1,2,2,anual,debito,ninguno,sur,0
19,59,75.26,4524.96,174.05,4,1,1,3,0,mensual,debito,ninguno,norte,1
22,30,90.43,2669.8,157.39,3,1,1,1,1,mensual,efectivo,fibra,sur,0
52,71,81.87,5784.58,45.57,2,1,0,1,1,anual,credito,cable,oeste,0
46,18,66.28,1157.68,57.57,2,1,0,1,0,mensual,efectivo,movil,oeste,0
31,6,43.91,412.76,60.35,4,0,1,5,0,anual,transferencia,ninguno,centro,0
46,42,54.2,2293.83,173.0,1,1,0,1,1,mensual,transferencia,fibra,oeste,0
47,47,61.05,2770.95,33.43,3,1,0,2,1,mensual,efectivo,movil,norte,0
26,72,69.54,4993.31,159.32,2,1,1,2,1,anual,debito,fibra,centro,1
46,63,56.39,3489.06,139.92,1,1,0,1,0,mensual,transferencia,cable,centro,0
67,64,48.16,3097.22,127.34,3,1,1,1,3,anual,transferencia,cable,norte,0
73,46,43.61,1979.88,96.35,3,1,1,3,0,bianual,credito,cable,centro,0
55,26,35.28,748.43,179.43,1,0,0,1,2,mensual,credito,movil,centro,1
27,31,60.77,1748.78,125.67,3,0,0,2,0,mensual,efectivo,fibra,centro,1
66,10,38.55,334.55,47.79,4,1,0,1,1,mensual,efectivo,fibra,oeste,0
37,32,46.99,1662.9,59.43,4,0,0,0,0,mensual,debito,cable,norte,1
27,27,57.91,1337.72,37.76,4,1,0,4,1,anual,debito,fibra,norte,0
59,3,40.95,164.57,180.02,2,1,1,0,1,bianual,debito,cable,oeste,1
29,15,71.84,1264.58,191.21,3,1,1,2,0,mensual,transferencia,movil,centro,1
50,39,78.32,3170.33,174.31,3,1,0,3,0,mensual,debito,cable,sur,1
48,27,55.11,1484.94,112.84,4,1,1,0,2,mensual,credito,movil,centro,0
53,72,57.13,4086.1,48.68,3,1,0,2,0,mensual,credito,fibra,oeste,1
39,35,74.67,2690.37,67.3,4,0,0,2,2,mensual,efectivo,fibra,norte,1
46,70,52.15,3831.47,70.56,3,1,1,1,0,bianual,transferencia,movil,norte,0
25,48,50.91,2529.85,117.72,4,0,0,0,1,mensual,credito,cable,centro,1
68,3,86.54,281.91,189.37,2,1,1,4,0,anual,credito,cable,norte,1
58,15,80.92,1359.03,189.18,1,0,0,2,1,mensual,transferencia,fibra,oeste,0
25,51,75.83,3888.72,95.58,2,1,1,2,1,bianual,debito,cable,norte,1
68,40,81.66,3277.46,8.17,2,0,1,2,1,bianual,credito,fibra,centro,1
76,22,29.41,723.21,61.65,4,0,1,0,0,bianual,efectivo,movil,centro,1
65,38,89.37,3319.49,179.43,3,1,1,2,2,mensual,credito,fibra,norte,0
29,66,72.06,5114.85,131.58,3,0,0,1,0,mensual,efectivo,fibra,norte,1
59,28,83.19,2348.27,102.22,1,0,1,1,1,mensual,credito,fibra,norte,0
29,4,71.97,265.7,98.73,3,1,0,0,2,mensual,credito,fibra,centro,0
66,23,65.88,1616.55,82.46,3,0,0,2,4,anual,efectivo,ninguno,norte,0
32,68,60.04,4214.28,59.81,4,1,0,2,1,bianual,transferencia,cable,oeste,1
74,55,71.61,3856.38,223.6,2,1,1,2,0,anual,efectivo,cable,centro,0
63,61,59.39,3417.7,205.92,3,0,1,1,1,mensual,transferencia,fibra,norte,0
68,66,80.62,5281.21,78.91,1,0,0,3,1,mensual,debito,cable,norte,0
54,9,36.44,362.12,32.31,3,1,1,2,0,anual,debito,fibra,norte,1
24,21,55.25,1071.26,128.45,4,1,0,1,1,mensual,transferencia,cable,centro,1
24,5,101.81,506.01,112.63,4,1,1,0,0,mensual,efectivo,ninguno,oeste,0
67,1,53.73,50.0,151.41,2,0,1,0,0,mensual,transferencia,fibra,centro,1
71,61,60.7,3506.4,162.73,2,0,0,1,2,bianual,debito,movil,centro,1
41,68,49.11,3418.82,61.5,1,1,1,1,1,mensual,credito,ninguno,sur,0
78,12,71.05,960.39,184.01,2,1,1,2,0,bianual,credito,ninguno,centro,0
35,52,51.75,2714.62,102.34,3,1,1,0,0,mensual,credito,movil,oeste,0
48,39,61.66,2451.3,150.4,4,1,1,1,1,anual,credito,movil,sur,0
44,5,80.28,323.01,106.93,1,1,0,2,1,anual,efectivo,fibra,oeste,0
19,66,52.42,3445.38,166.12,3,1,0,1,1,bianual,credito,cable,sur,0
34,63,79.2,5070.34,5.0,1,1,1,2,2,mensual,debito,cable,norte,1
49,41,79.8,3107.78,156.92,2,1,1,2,0,mensual,credito,fibra,oeste,0
19,51,83.99,4160.85,78.4,4,1,0,2,1,mensual,debito,fibra,centro,0
53,29,67.53,1787.27,123.67,1,0,0,2,0,mensual,transferencia,fibra,norte,0
49,58,123.34,7355.82,182.24,1,1,1,0,1,mensual,efectivo,fibra,norte,0
29,33,83.98,2738.08,79.84,1,1,1,1,0,anual,transferencia,cable,sur,0
50,72,70.85,5273.62,72.0,2,1,1,3,0,mensual,transferencia,movil,norte,0
20,5,49.23,237.26,101.4,4,1,1,1,0,bianual,transferencia,cable,oeste,0
57,13,63.25,1037.51,98.25,2,1,1,1,1,anual,credito,cable,centro,0
47,70,90.67,6494.78,67.49,4,1,1,3,0,anual,credito,cable,sur,1
40,21,95.77,1929.03,125.31,4,0,0,1,2,anual,credito,fibra,centro,1
71,23,91.61,2120.64,127.91,4,1,1,4,1,mensual,credito,fibra,sur,0
68,57,79.13,4389.94,143.15,2,1,1,2,0,mensual,debito,fibra,norte,0
33,14,42.4,673.04,79.02,4,1,1,5,0,mensual,transferencia,movil,sur,0
51,37,73.77,2858.82,72.8,1,0,1,0,1,bianual,debito,movil,sur,0
40,21,42.65,1121.2,114.07,4,1,1,1,0,mensual,debito,cable,norte,0
71,15,38.23,738.78,107.75,2,0,0,2,1,mensual,credito,fibra,centro,0
73,70,69.3,4902.93,108.71,2,1,1,0,0,anual,efectivo,ninguno,sur,1
68,15,74.42,1158.75,84.64,4,0,0,1,0,mensual,debito,fibra,sur,1
55,7,81.26,539.25,136.5,1,1,1,1,2,bianual,transferencia,fibra,centro,1
77,49,73.95,3842.39,72.88,1,1,1,2,0,bianual,credito,cable,centro,0
52,63,74.57,4594.22,113.89,3,1,0,1,2,mensual,debito,cable,oeste,1
56,10,47.28,348.26,104.68,4,0,0,0,0,anual,debito,ninguno,oeste,0
38,51,63.11,3086.93,118.33,4,1,0,1,0,mensual,debito,movil,norte,0
61,39,37.87,1605.89,179.26,4,0,1,0,0,mensual,credito,ninguno,norte,0
76,60,28.94,1851.96,54.27,2,0,1,0,2,bianual,credito,cable,centro,1
51,10,78.33,836.68,5.0,3,1,0,2,3,mensual,credito,movil,centro,1
60,71,51.44,3689.8,90.29,4,0,0,3,0,bianual,debito,cable,oeste,0
35,45,80.7,3489.53,62.43,1,1,0,4,1,bianual,debito,cable,centro,1
24,61,84.95,5214.52,5.0,4,1,0,2,0,anual,debito,cable,centro,0
40,27,53.85,1601.93,207.32,4,1,1,0,0,mensual,transferencia,movil,oeste,0
20,68,75.63,5013.0,147.99,1,0,1,1,1,mensual,credito,fibra,sur,0
78,46,53.1,2296.13,153.36,2,1,0,3,2,mensual,credito,cable,centro,1
55,10,31.77,355.08,105.73,2,0,1,3,3,mensual,transferencia,fibra,centro,0
63,67,67.22,4595.69,141.04,4,1,1,0,1,mensual,debito,cable,centro,1
34,58,56.52,3376.05,98.87,2,1,1,1,0,mensual,debito,cable,norte,1
54,22,57.08,1401.02,160.72,4,1,0,1,1,anual,credito,fibra,norte,1
24,40,100.56,4041.66,129.45,2,0,1,1,1,mensual,efectivo,cable,norte,0
74,28,37.53,851.99,118.17,2,0,0,1,0,mensual,efectivo,cable,sur,0
62,40,71.89,2937.54,121.95,2,0,0,3,1,anual,debito,fibra,centro,0
35,70,47.09,3438.92,193.27,4,0,0,1,0,mensual,debito,cable,sur,0
70,65,81.35,5213.15,128.37,2,0,1,3,1,mensual,credito,fibra,oeste,0
51,16,70.37,1109.46,68.52,2,1,1,2,0,mensual,debito,movil,centro,0
45,70,71.83,4766.9,136.81,3,0,1,1,1,mensual,efectivo,movil,centro,0
49,32,47.99,1502.08,144.45,4,0,0,2,0,mensual,debito,fibra,sur,0
36,51,51.22,2803.95,112.76,3,1,1,0,0,mensual,debito,fibra,norte,1
42,56,81.69,4521.31,117.39,1,1,0,2,0,mensual,debito,fibra,centro,0
26,35,96.87,3263.72,66.69,4,1,1,0,1,mensual,transferencia,movil,sur,0
23,33,73.65,2665.66,124.85,4,1,0,1,1,mensual,credito,fibra,oeste,0
59,33,48.85,1685.85,59.28,3,0,0,2,0,anual,debito,cable,centro,0
56,63,71.1,4536.43,107.46,3,1,1,1,1,anual,credito,fibra,norte,1
18,28,108.69,3062.02,86.53,4,1,0,0,1,mensual,debito,movil,centro,0
40,21,66.84,1322.72,169.15,3,1,0,1,1,bianual,debito,cable,oeste,0
59,27,91.31,2433.76,197.5,2,0,1,2,2,anual,efectivo,cable,oeste,0
26,15,51.67,974.41,62.78,2,1,0,2,1,anual,transferencia,cable,oeste,0
76,29,64.24,1780.57,119.77,1,1,0,3,0,mensual,credito,movil,centro,0
37,9,76.15,849.19,104.48,1,1,0,1,0,mensual,credito,cable,sur,1
41,7,72.15,546.94,143.22,3,1,0,0,0,mensual,credito,fibra,centro,1
54,53,51.21,2756.66,124.81,4,0,1,3,1,mensual,transferencia,fibra,centro,0
62,6,50.43,102.16,100.63,4,1,1,1,0,bianual,debito,fibra,oeste,0
38,41,82.79,3445.4,124.69,4,0,1,2,0,bianual,credito,fibra,oeste,0
21,57,86.45,4919.91,109.27,2,0,0,4,0,mensual,credito,cable,centro,0
49,53,92.22,4694.08,199.46,3,0,0,3,1,bianual,debito,cable,sur,0
38,33,97.47,3221.52,80.32,4,1,1,2,0,anual,debito,ninguno,centro,0
32,14,67.42,892.81,132.87,1,1,0,3,0,anual,transferencia,fibra,oeste,0
45,68,59.4,4070.99,145.48,3,1,0,1,0,bianual,efectivo,cable,centro,0
27,61,89.32,5346.06,141.92,2,0,0,2,1,mensual,debito,movil,norte,0
57,45,77.84,3380.99,105.11,2,1,1,3,1,mensual,debito,fibra,sur,1
59,7,47.32,342.64,188.41,3,1,1,1,0,bianual,credito,cable,centro,1
36,3,46.39,91.73,15.56,2,1,0,1,0,mensual,transferencia,fibra,oeste,0
43,23,73.85,1658.05,65.3,3,1,0,0,0,anual,credito,fibra,sur,0
57,12,61.81,595.27,153.18,3,1,1,1,0,anual,efectivo,fibra,centro,0
70,62,64.52,3993.36,75.99,3,0,0,2,0,bianual,transferencia,fibra,sur,0
62,15,84.31,1341.57,73.07,3,1,0,4,1,mensual,debito,fibra,sur,0
72,21,78.66,1684.8,96.64,2,1,0,1,0,anual,debito,movil,sur,0
27,71,88.94,6270.51,80.72,1,1,0,0,2,mensual,debito,fibra,centro,1
36,59,30.23,1586.56,151.85,2,1,0,3,1,bianual,transferencia,fibra,oeste,0
69,16,69.56,1010.73,165.22,3,1,1,0,1,mensual,credito,cable,centro,0
30,28,77.5,2080.69,124.42,2,1,0,1,0,anual,efectivo,ninguno,centro,0
59,38,37.52,1526.43,172.73,1,1,0,4,0,bianual,transferencia,fibra,centro,0
22,48,53.21,2650.39,50.68,3,1,1,0,0,mensual,transferencia,movil,oeste,1
78,68,49.87,3428.52,123.79,3,0,1,2,1,mensual,debito,fibra,oeste,0
36,63,65.39,4077.97,187.4,4,1,1,0,1,mensual,debito,fibra,centro,1
65,71,94.3,6851.7,168.84,4,0,0,1,1,anual,efectivo,ninguno,centro,0
66,3,101.41,379.71,191.81,3,1,0,1,1,anual,credito,cable,centro,1
64,18,50.34,657.06,90.5,1,0,1,2,0,anual,efectivo,cable,centro,0
34,41,74.48,3243.52,165.86,4,1,1,1,0,mensual,debito,fibra,sur,1
19,4,75.06,280.74,98.66,2,1,0,5,1,mensual,credito,cable,oeste,1
78,26,71.98,1984.34,149.76,3,1,1,1,0,mensual,credito,fibra,centro,0
43,12,72.18,922.63,185.54,4,1,1,3,0,mensual,debito,fibra,centro,0
60,68,70.47,4637.14,80.3,3,1,0,2,0,anual,credito,cable,norte,0
36,5,95.38,420.82,27.21,2,1,1,2,1,mensual,efectivo,cable,centro,0
78,11,84.84,702.08,212.38,4,1,1,2,2,mensual,credito,cable,sur,0
65,15,45.92,595.92,144.41,2,1,0,3,0,anual,credito,fibra,sur,1
58,11,79.32,889.54,114.65,3,1,1,2,1,mensual,transferencia,movil,oeste,1
58,41,81.06,3331.67,111.9,3,1,1,1,0,anual,transferencia,ninguno,oeste,1
22,27,70.67,1827.69,15.19,4,1,1,2,0,mensual,transferencia,movil,oeste,1
49,66,85.37,5604.06,130.44,4,1,0,1,0,mensual,credito,fibra,sur,1
34,19,68.39,1312.63,93.47,1,1,1,1,0,mensual,credito,fibra,centro,1
40,39,68.61,2756.36,122.62,4,1,1,1,0,mensual,credito,cable,sur,1
51,48,67.18,3149.47,121.51,3,1,0,0,0,anual,efectivo,cable,sur,0
24,46,28.67,1300.76,5.0,2,0,0,0,1,anual,efectivo,movil,sur,0
65,58,63.55,3535.42,144.5,3,1,1,1,0,mensual,credito,fibra,centro,0
37,15,52.97,648.32,129.45,4,0,0,3,1,anual,debito,cable,sur,1
46,37,43.64,1750.29,136.16,3,0,1,2,0,mensual,efectivo,fibra,sur,0
54,58,90.81,5450.47,110.83,1,1,0,1,0,anual,debito,ninguno,sur,0
24,63,74.08,4691.69,122.45,2,1,1,1,0,mensual,debito,fibra,norte,1
35,45,64.46,2861.66,128.64,1,1,1,0,1,anual,credito,movil,oeste,0
31,47,54.83,2520.5,133.71,2,0,0,0,2,anual,transferencia,movil,norte,0
25,63,70.33,4577.27,143.78,3,0,0,1,1,anual,debito,fibra,centro,1
60,45,82.85,3261.67,134.14,1,0,0,3,1,mensual,debito,movil,norte,0
18,69,50.11,3730.46,212.49,4,1,1,0,1,mensual,transferencia,fibra,sur,0
27,10,64.91,658.8,83.7,4,1,1,2,0,mensual,credito,fibra,norte,1
73,26,80.63,1791.11,101.25,1,1,1,2,1,bianual,debito,fibra,oeste,0
56,9,30.15,566.62,204.65,2,1,0,1,0,anual,debito,movil,oeste,0
31,7,63.96,159.28,112.27,2,1,1,4,0,anual,transferencia,fibra,oeste,0
63,34,57.27,1676.35,166.58,1,1,0,3,1,mensual,debito,fibra,norte,0
74,17,62.59,956.47,126.78,1,1,1,1,0,mensual,debito,cable,centro,0
41,30,55.97,1660.18,108.61,3,1,0,3,1,mensual,efectivo,fibra,oeste,1
19,32,67.48,2303.53,169.31,2,0,1,1,0,anual,credito,fibra,sur,1
48,45,99.63,4441.97,145.92,1,0,0,1,2,mensual,credito,fibra,norte,1
44,69,59.17,3986.07,43.3,3,1,1,1,0,bianual,credito,fibra,sur,0
32,62,70.25,4318.52,128.67,1,1,1,2,0,mensual,transferencia,cable,oeste,1
48,28,100.91,2787.85,70.25,3,1,1,3,1,anual,credito,cable,norte,1
39,24,55.1,1495.09,183.56,1,0,1,1,1,mensual,credito,cable,norte,1
42,56,97.66,5595.58,207.68,1,1,1,2,1,bianual,transferencia,fibra,centro,1
35,9,65.1,513.44,213.7,4,1,0,2,1,anual,debito,movil,norte,0
23,39,97.07,3744.39,137.88,2,1,0,1,1,mensual,credito,fibra,sur,0
39,31,78.5,2210.38,96.92,2,0,0,3,1,mensual,debito,fibra,sur,0
71,14,70.53,1063.24,136.09,4,0,0,1,0,bianual,transferencia,movil,centro,1
73,45,63.82,2865.71,73.01,2,1,0,1,0,anual,transferencia,cable,norte,1
74,24,53.77,1337.01,237.27,1,0,1,2,0,mensual,transferencia,cable,centro,0
33,14,66.36,1004.87,179.72,4,1,1,3,3,anual,credito,fibra,centro,0
64,48,81.15,4081.94,135.23,1,1,0,4,0,mensual,credito,fibra,centro,0
19,13,64.76,795.12,169.85,2,1,1,0,0,mensual,transferencia,cable,centro,1
24,49,59.3,2912.19,95.41,2,1,1,1,0,anual,debito,movil,centro,0
66,12,60.49,913.85,64.6,3,0,1,5,1,bianual,efectivo,cable,centro,1
33,32,82.86,2630.69,9.34,3,1,1,2,0,mensual,credito,fibra,sur,1
70,59,87.05,5125.11,124.15,3,1,1,2,0,mensual,credito,cable,oeste,0
35,17,52.99,1217.57,109.59,4,0,0,2,0,mensual,transferencia,fibra,centro,0
56,56,52.97,2960.91,145.96,3,0,1,1,0,bianual,transferencia,fibra,centro,1
75,52,71.83,3943.39,120.65,1,1,0,2,0,bianual,credito,movil,centro,0
51,65,92.5,5945.46,143.69,1,1,0,1,0,bianual,credito,cable,sur,1
66,13,85.63,1058.7,160.55,2,0,1,0,0,mensual,credito,cable,centro,0
76,52,42.47,1967.7,46.99,1,1,0,2,0,mensual,credito,fibra,sur,0
44,68,60.25,4170.4,163.44,4,1,0,1,2,mensual,credito,fibra,centro,0
47,55,48.25,2739.81,99.67,4,1,0,2,0,mensual,transferencia,cable,oeste,0
48,14,60.18,853.25,145.88,3,0,0,2,0,mensual,debito,cable,centro,1
59,60,93.88,5687.83,171.11,3,1,0,0,1,mensual,transferencia,cable,norte,0
66,8,39.39,420.13,171.45,3,1,0,0,1,anual,debito,movil,oeste,0
31,43,35.86,1364.15,126.46,2,1,0,2,1,anual,transferencia,cable,centro,1
21,36,50.09,1811.65,128.92,1,1,1,1,0,anual,debito,cable,norte,0
43,39,70.17,2935.69,164.6,1,0,0,1,0,mensual,credito,fibra,centro,0
41,38,76.17,2860.52,44.94,2,0,1,2,0,anual,debito,fibra,sur,0
51,3,72.87,53.5,72.42,2,0,1,1,0,mensual,debito,cable,sur,0
21,37,86.16,3317.73,106.04,4,1,1,1,4,mensual,credito,cable,centro,1
28,68,33.26,2279.49,53.36,4,0,0,2,2,anual,credito,fibra,oeste,1
73,32,86.39,2761.21,106.41,3,1,1,3,2,anual,credito,ninguno,sur,0
53,20,59.38,1138.75,103.68,2,1,0,1,1,mensual,efectivo,fibra,centro,0
44,72,78.17,5738.68,124.36,4,1,1,2,1,anual,debito,ninguno,centro,1
55,8,41.18,263.43,117.16,2,0,0,1,1,anual,credito,movil,oeste,0
28,36,65.09,2516.76,173.47,3,0,0,2,1,anual,credito,cable,sur,1
37,37,69.25,2572.42,148.65,3,1,0,2,1,bianual,transferencia,fibra,norte,0
77,35,85.8,3124.59,116.45,2,1,1,1,0,anual,debito,cable,oeste,0
31,67,36.47,2551.03,103.34,3,1,0,4,0,anual,credito,fibra,oeste,1
71,31,65.55,1890.31,117.62,2,1,0,1,1,mensual,transferencia,ninguno,centro,0
27,71,45.47,3285.7,118.51,1,1,0,0,0,mensual,credito,fibra,sur,0
48,5,74.1,338.3,245.94,4,1,1,1,1,anual,transferencia,fibra,oeste,1
67,53,78.99,4265.26,47.12,4,0,0,0,1,bianual,debito,cable,centro,0
74,43,88.17,3784.06,73.69,2,0,1,1,0,anual,debito,fibra,norte,1
29,18,55.37,770.74,66.35,1,1,1,3,1,anual,credito,cable,oeste,1
29,17,81.69,1483.59,133.46,2,0,1,3,1,anual,debito,cable,centro,1
42,52,89.5,4386.15,131.48,4,0,0,0,1,anual,credito,fibra,norte,0
64,46,35.42,1646.31,91.35,3,1,1,1,1,mensual,debito,fibra,centro,1
24,45,76.02,3648.3,164.81,2,0,0,6,1,mensual,credito,cable,centro,0
65,4,82.25,497.13,138.48,4,1,1,0,1,mensual,efectivo,cable,oeste,0
49,44,60.34,2703.24,166.91,1,0,1,3,0,mensual,efectivo,fibra,norte,0
54,71,43.21,3006.55,180.17,2,1,1,2,1,anual,debito,fibra,sur,1
59,2,81.97,156.41,13.45,2,0,1,2,2,bianual,debito,fibra,centro,0
42,34,43.41,1602.11,154.28,1,1,1,0,1,bianual,efectivo,fibra,centro,0
41,36,61.79,2129.73,55.5,1,0,0,1,1,anual,credito,fibra,oeste,0
35,65,64.28,4228.36,132.47,3,0,0,3,0,anual,credito,cable,centro,0
21,21,77.88,1533.38,116.36,1,1,1,0,4,anual,transferencia,fibra,sur,0
57,35,53.72,1846.41,118.49,2,1,0,1,0,anual,credito,fibra,sur,0
60,52,52.68,2682.73,59.77,3,1,1,2,0,mensual,credito,fibra,sur,0
37,5,66.78,383.61,171.52,3,1,0,2,1,bianual,transferencia,cable,centro,1
78,58,83.12,4886.79,55.48,2,1,0,0,1,mensual,credito,fibra,centro,1
25,60,106.17,6628.62,157.53,4,1,1,5,0,anual,transferencia,fibra,centro,0
70,52,37.87,1950.92,48.41,2,1,1,1,1,mensual,efectivo,movil,centro,0
70,47,70.68,3360.69,119.11,2,1,1,4,0,mensual,credito,ninguno,norte,0
21,54,45.44,2594.78,210.22,3,0,1,0,2,mensual,efectivo,ninguno,oeste,1
66,57,83.34,4747.37,238.08,2,1,1,2,0,anual,debito,cable,norte,0
28,66,48.11,3186.94,39.06,2,1,0,0,0,bianual,efectivo,fibra,sur,1
36,31,52.86,1711.77,84.77,4,0,1,2,1,mensual,debito,movil,norte,1
59,33,54.39,1713.7,93.87,1,1,0,2,1,mensual,debito,cable,sur,1
18,46,63.63,2951.09,232.75,3,0,0,0,2,bianual,transferencia,ninguno,oeste,1
32,14,70.82,894.14,116.58,4,1,1,4,0,mensual,efectivo,cable,oeste,0
32,62,73.71,4531.78,173.73,2,1,1,3,0,anual,transferencia,cable,centro,0
20,56,64.9,3892.0,134.99,2,1,0,4,0,anual,transferencia,fibra,sur,0
52,46,41.06,1871.43,60.04,2,1,1,1,1,anual,efectivo,fibra,norte,0
58,22,78.1,1744.81,27.01,2,1,0,3,0,mensual,credito,cable,centro,0
59,26,64.05,1347.75,89.35,3,1,0,1,0,anual,efectivo,ninguno,sur,0
63,32,85.91,2801.99,235.84,4,1,1,2,0,bianual,debito,cable,norte,0
42,48,52.26,2745.6,132.88,2,0,0,2,0,mensual,debito,fibra,oeste,0
40,57,36.16,1959.3,172.72,2,1,1,0,1,anual,debito,fibra,centro,0
70,49,64.39,3285.19,49.09,4,1,1,3,0,mensual,efectivo,fibra,oeste,0
20,67,88.33,5843.72,103.74,1,1,0,0,1,bianual,debito,ninguno,centro,0
33,70,67.9,4554.34,158.94,1,1,1,3,2,mensual,credito,fibra,centro,1
37,51,61.41,3079.41,65.44,1,1,1,1,1,mensual,debito,fibra,centro,0
75,27,49.33,1249.92,116.8,1,0,1,0,0,mensual,debito,cable,oeste,1
29,44,96.64,4266.0,76.01,4,1,1,2,0,bianual,credito,cable,norte,1
57,31,46.47,1404.25,161.32,1,1,1,3,2,anual,debito,cable,norte,0
38,46,51.94,2269.41,139.93,4,1,0,1,1,mensual,efectivo,fibra,centro,0
63,59,75.26,4504.27,154.17,4,1,1,4,1,mensual,efectivo,movil,centro,0
41,27,31.59,993.76,163.55,2,0,0,1,0,bianual,credito,cable,centro,0
50,37,87.94,3331.71,108.62,1,1,0,2,3,mensual,credito,fibra,oeste,0
26,4,76.24,326.33,170.16,1,1,0,3,0,anual,efectivo,fibra,oeste,1
78,54,81.19,4374.96,90.51,3,1,0,2,1,anual,credito,cable,sur,0
23,36,75.05,2772.06,151.29,2,1,1,1,1,anual,debito,fibra,centro,1
28,34,62.1,2045.35,21.45,4,1,1,2,2,anual,debito,cable,centro,0
44,39,45.86,1889.51,82.68,2,1,0,4,0,anual,credito,fibra,centro,1
45,16,62.48,845.92,235.79,1,1,1,2,0,mensual,credito,fibra,centro,0
46,44,47.45,1878.44,150.55,3,1,1,1,0,mensual,credito,fibra,sur,1
34,54,73.75,4056.13,150.57,4,1,1,3,1,mensual,transferencia,movil,norte,0
31,26,79.52,1938.73,78.81,3,0,0,4,0,mensual,credito,cable,centro,0
34,10,91.58,825.13,65.29,3,0,0,0,0,anual,debito,fibra,sur,0
47,28,71.69,1882.77,106.78,3,0,0,1,0,anual,credito,fibra,sur,1
67,15,81.64,1296.18,116.64,1,1,0,3,0,bianual,transferencia,ninguno,norte,0
25,27,59.65,1514.86,215.72,3,1,1,2,3,bianual,debito,fibra,oeste,0
52,46,56.39,2760.75,170.95,4,1,0,0,0,mensual,debito,fibra,oeste,0
42,9,73.53,753.94,125.45,4,0,0,2,0,anual,transferencia,fibra,centro,0
24,54,58.04,3165.88,123.29,4,1,1,2,0,anual,credito,fibra,centro,0
42,17,69.85,1379.38,157.91,3,1,1,3,0,bianual,debito,fibra,norte,0
74,65,45.9,2871.38,54.06,1,0,1,0,0,mensual,credito,ninguno,oeste,0
27,53,49.13,2619.5,23.93,2,1,0,3,1,anual,credito,movil,norte,1
26,20,76.44,1254.08,157.17,4,1,1,0,1,mensual,debito,cable,centro,0
76,41,80.96,3256.02,123.6,4,1,0,1,1,mensual,transferencia,ninguno,centro,0
61,8,47.26,220.03,54.39,3,1,0,5,1,anual,credito,fibra,sur,0
42,8,77.07,725.75,15.26,1,1,1,0,0,mensual,debito,movil,centro,1
59,69,55.41,3974.56,164.69,4,1,1,2,0,mensual,transferencia,ninguno,centro,0
55,58,65.3,3754.83,93.92,4,0,0,2,0,anual,credito,cable,centro,1
68,12,90.5,1360.27,140.01,3,0,0,1,0,mensual,efectivo,movil,centro,0
41,21,79.53,1568.77,106.81,2,1,1,5,2,mensual,debito,movil,norte,1
56,15,79.33,1047.45,118.29,4,0,1,4,0,anual,credito,fibra,oeste,1
28,29,99.36,2816.58,90.39,2,1,1,2,0,anual,credito,fibra,centro,1
41,21,52.33,1144.78,116.17,4,1,0,1,1,anual,efectivo,cable,centro,0
26,24,47.25,1247.56,148.85,2,0,1,2,0,bianual,transferencia,cable,sur,1
30,39,52.0,2123.17,106.21,4,1,1,1,0,mensual,credito,fibra,centro,0
64,14,60.42,805.19,103.36,3,1,1,7,1,mensual,transferencia,fibra,centro,1
50,64,22.62,1582.46,150.38,1,1,0,1,0,mensual,debito,fibra,sur,1
23,53,61.27,3185.01,153.71,1,1,0,4,0,mensual,transferencia,fibra,norte,0
20,55,55.2,3385.09,63.13,3,1,1,1,1,mensual,credito,fibra,centro,1
77,13,79.11,1157.33,118.55,2,0,0,2,2,bianual,debito,fibra,centro,0
49,51,71.34,3396.55,93.81,4,1,1,3,2,mensual,debito,fibra,sur,1
40,61,54.19,3247.14,120.69,4,1,0,0,1,mensual,debito,ninguno,oeste,0
28,13,75.62,892.34,191.7,4,1,0,0,1,bianual,debito,cable,oeste,1
32,55,78.02,4545.42,137.95,1,1,1,1,2,anual,debito,ninguno,centro,0
57,26,51.17,1218.54,228.21,4,1,0,4,1,anual,debito,fibra,norte,0
22,57,56.13,2929.24,130.98,2,1,0,1,1,mensual,transferencia,fibra,centro,0
43,35,24.94,995.0,111.68,2,1,1,1,0,mensual,credito,cable,oeste,0
66,58,45.37,2286.56,119.02,2,0,0,2,0,anual,debito,ninguno,sur,0
64,11,51.64,526.18,127.13,4,0,0,2,0,mensual,transferencia,cable,norte,0
43,29,66.33,2021.27,136.14,3,1,0,1,0,mensual,debito,movil,centro,0
54,20,47.98,914.3,70.4,1,1,0,0,0,bianual,credito,fibra,sur,1
59,18,55.76,1175.88,108.34,2,1,0,1,0,mensual,efectivo,fibra,centro,0
48,23,42.94,1036.28,83.78,4,0,0,1,1,mensual,transferencia,movil,oeste,1
60,28,68.08,1798.23,171.48,4,1,0,5,0,mensual,credito,cable,sur,0
58,10,72.66,754.27,23.72,2,1,1,0,1,bianual,credito,fibra,centro,1
37,51,72.24,3895.25,127.85,4,0,1,2,2,mensual,debito,fibra,centro,1
31,40,65.22,2639.87,44.09,4,1,1,2,0,mensual,credito,movil,centro,0
33,60,37.26,2300.51,141.61,1,1,1,3,0,anual,debito,fibra,norte,0
74,51,53.84,2803.37,100.05,3,1,1,2,0,mensual,credito,cable,centro,0
24,11,57.67,549.46,29.16,4,1,1,1,1,anual,efectivo,fibra,centro,0
22,6,57.74,148.79,167.11,2,1,1,1,0,mensual,transferencia,fibra,norte,1
62,31,66.35,2104.97,5.0,4,0,1,1,0,anual,credito,fibra,oeste,0
38,35,90.66,3349.29,118.43,4,1,1,2,0,mensual,transferencia,fibra,centro,1
66,18,79.62,1506.55,154.56,1,1,0,1,0,mensual,transferencia,cable,centro,1
21,57,47.22,2532.03,188.84,2,0,1,3,1,mensual,credito,fibra,centro,1
67,42,77.21,3295.6,39.49,2,1,0,1,2,bianual,transferencia,movil,centro,0
53,54,76.53,4247.8,94.2,2,1,1,4,0,mensual,credito,cable,norte,1
18,8,50.49,549.14,174.18,3,1,1,2,0,bianual,transferencia,fibra,centro,0
41,59,80.28,4812.97,177.56,4,1,0,0,1,anual,debito,cable,sur,0
19,15,62.11,964.74,184.04,3,0,0,2,1,anual,credito,fibra,sur,1
21,33,39.62,1233.22,248.08,1,0,1,2,0,mensual,credito,fibra,norte,0
22,32,73.19,2322.28,94.57,4,0,0,3,0,mensual,debito,fibra,centro,1
58,60,68.91,4256.76,138.62,2,1,1,1,3,anual,credito,cable,centro,0
47,20,60.9,1118.98,102.71,2,0,0,1,1,mensual,efectivo,fibra,sur,0
76,18,64.33,1054.38,21.24,4,0,1,0,4,bianual,transferencia,movil,norte,1
59,25,52.06,1389.73,115.5,4,0,1,1,1,bianual,debito,fibra,oeste,1
24,26,75.98,2023.18,20.28,4,1,1,2,2,mensual,debito,fibra,sur,1
72,14,64.22,1077.03,93.96,4,1,0,1,0,bianual,debito,fibra,sur,1
31,13,68.0,995.43,46.59,1,1,1,1,2,mensual,debito,fibra,oeste,1
38,17,71.43,1150.27,141.94,1,1,0,2,0,anual,debito,fibra,sur,0
34,34,44.22,1691.5,81.07,2,1,0,3,2,anual,debito,fibra,sur,1
42,25,48.9,1261.47,30.74,4,0,1,2,1,mensual,debito,fibra,norte,1
59,29,25.22,818.5,163.28,2,1,1,0,1,mensual,debito,cable,centro,0
29,52,75.17,3869.15,89.81,2,0,1,0,0,anual,debito,fibra,centro,1
41,18,43.18,841.43,98.39,4,0,1,3,2,mensual,transferencia,ninguno,sur,0
70,66,67.39,4388.08,71.11,4,1,0,2,1,mensual,efectivo,cable,centro,1
64,55,71.68,3690.42,177.45,3,0,0,1,0,anual,transferencia,movil,norte,1
35,13,75.84,1207.09,133.53,3,1,0,1,1,mensual,debito,fibra,norte,0
46,23,43.33,895.88,89.35,2,1,1,0,0,mensual,debito,fibra,centro,0
59,14,63.83,829.85,24.3,4,1,1,3,1,bianual,credito,fibra,oeste,0
19,20,95.07,1829.94,245.53,4,1,1,8,0,anual,transferencia,fibra,centro,1
65,27,95.86,2810.06,218.97,2,1,0,2,0,anual,credito,cable,centro,0
28,10,82.77,889.67,192.16,3,1,1,1,1,mensual,transferencia,movil,centro,1
42,2,71.07,222.18,84.84,3,1,0,2,0,bianual,credito,fibra,norte,0
37,32,46.91,1621.18,94.95,3,0,1,1,0,mensual,efectivo,fibra,centro,0
24,51,77.94,4069.78,140.03,2,1,0,2,1,mensual,transferencia,cable,centro,0
56,22,62.16,1398.21,75.31,3,1,0,2,1,mensual,debito,fibra,centro,0
37,62,75.09,4682.34,70.53,3,0,0,1,2,anual,credito,movil,centro,0
59,27,53.61,1631.42,192.93,2,0,0,5,0,mensual,credito,cable,sur,0
37,65,61.89,3881.6,117.24,1,1,0,5,2,mensual,debito,movil,centro,0
57,17,67.95,1053.22,64.01,1,1,1,1,0,mensual,credito,fibra,centro,0
76,39,69.43,2789.77,167.63,4,1,1,2,2,anual,credito,fibra,centro,1
21,55,73.89,4107.69,91.31,3,1,1,1,0,mensual,credito,cable,sur,1
21,5,54.57,235.32,21.03,2,0,1,2,0,anual,transferencia,fibra,norte,1
40,67,40.82,3024.26,63.26,2,0,0,0,2,mensual,debito,movil,centro,1
65,27,94.25,2406.32,94.18,2,1,1,2,1,mensual,efectivo,cable,centro,0
56,36,109.81,3962.73,131.0,2,1,0,2,1,mensual,debito,fibra,sur,0
77,46,73.05,3397.69,128.59,2,1,0,1,0,bianual,efectivo,fibra,centro,0
57,47,41.17,1889.69,181.39,4,1,0,0,0,anual,debito,cable,oeste,0
70,2,51.08,50.0,108.15,2,1,1,1,0,mensual,credito,fibra,norte,0
53,63,74.16,4638.47,96.72,3,1,0,4,1,mensual,efectivo,cable,centro,0
30,45,89.14,4205.21,182.25,2,1,0,0,0,mensual,debito,fibra,sur,1
43,72,43.17,3065.37,168.94,4,1,0,2,1,mensual,transferencia,cable,sur,0
56,34,62.76,2183.72,109.33,1,0,1,1,1,anual,credito,movil,centro,0
18,45,68.53,3013.85,134.6,4,0,1,0,3,mensual,credito,fibra,sur,0
41,32,80.56,2666.05,96.23,1,1,1,2,1,bianual,credito,fibra,centro,0
52,65,58.82,3955.23,61.89,2,1,1,0,1,mensual,debito,cable,centro,0
44,60,36.85,2190.69,229.86,3,1,1,3,1,mensual,credito,cable,sur,0
33,66,76.18,5112.78,92.91,3,1,1,1,0,mensual,debito,fibra,norte,1
44,37,85.25,3141.07,134.75,1,1,1,1,1,mensual,transferencia,fibra,oeste,1
39,57,63.51,3625.8,44.23,3,1,1,0,2,bianual,credito,movil,oeste,0
62,26,72.29,1934.06,156.82,1,0,0,6,1,mensual,debito,cable,sur,1
54,34,56.46,1957.74,59.71,1,0,0,0,1,anual,debito,fibra,oeste,1
73,55,49.78,2766.58,203.9,2,1,1,1,0,mensual,credito,fibra,oeste,1
47,6,83.48,324.19,209.87,3,1,1,5,0,mensual,debito,cable,norte,0
57,52,71.97,3594.24,148.28,3,0,1,1,0,mensual,credito,fibra,centro,1
44,2,73.83,50.0,125.74,2,0,0,3,2,mensual,efectivo,cable,norte,1
63,42,92.04,3697.54,110.63,1,1,1,1,0,mensual,debito,cable,sur,0
42,35,46.01,1665.56,117.62,1,1,1,2,0,mensual,credito,cable,sur,1
65,34,55.06,1829.68,140.46,2,1,1,3,0,bianual,efectivo,fibra,norte,0
64,36,67.84,2366.42,124.49,4,0,0,0,0,anual,efectivo,fibra,centro,0
31,36,54.84,2190.55,169.09,4,1,1,3,4,mensual,debito,cable,norte,1
48,30,79.1,2517.29,74.09,2,1,0,2,1,anual,transferencia,movil,sur,1
65,33,61.63,1843.0,196.4,1,0,0,0,1,mensual,debito,ninguno,oeste,0
55,41,47.13,1828.17,98.87,2,0,1,1,0,anual,transferencia,movil,centro,0
57,55,66.18,3526.08,82.71,2,0,0,0,0,bianual,credito,cable,centro,0
23,40,68.07,2730.28,138.13,3,1,0,1,2,mensual,debito,movil,norte,0
72,47,81.82,3690.56,141.33,3,1,1,2,0,bianual,credito,fibra,centro,0
55,61,72.08,4315.15,33.17,2,0,1,3,2,mensual,debito,movil,sur,0
22,72,73.3,5327.71,95.94,3,0,1,1,0,mensual,credito,fibra,centro,0
21,8,70.77,550.12,11.4,4,1,0,1,0,anual,credito,cable,centro,0
32,52,61.61,3046.51,86.21,2,1,0,0,0,anual,efectivo,fibra,sur,0
65,17,52.11,898.06,88.37,1,1,0,0,1,mensual,credito,cable,centro,1
59,15,70.2,1068.53,134.87,4,0,0,0,1,mensual,transferencia,fibra,centro,0
18,58,59.0,3447.76,80.61,4,1,0,2,1,mensual,debito,fibra,norte,0
37,5,95.42,308.19,92.45,3,0,1,2,2,mensual,efectivo,cable,norte,0
63,62,89.16,5645.63,185.19,1,0,0,1,1,mensual,credito,movil,norte,1
32,56,76.39,4218.16,223.21,4,1,1,4,0,mensual,debito,movil,oeste,0
50,72,71.81,5032.16,73.95,1,0,1,4,0,bianual,credito,fibra,oeste,1
65,49,63.42,3115.99,170.96,4,1,0,0,1,anual,debito,movil,norte,0
61,63,42.3,2744.41,139.39,1,1,0,0,0,bianual,debito,cable,sur,1
76,9,61.11,621.54,33.06,1,1,1,3,1,mensual,debito,fibra,sur,1
32,65,66.83,4498.41,80.44,2,0,0,1,0,mensual,credito,movil,centro,1
49,12,69.13,753.35,5.0,2,1,0,4,0,mensual,debito,fibra,sur,1
50,23,73.45,1495.01,136.18,4,0,1,1,1,anual,transferencia,movil,oeste,0
43,10,81.58,776.48,66.16,1,1,0,1,2,anual,debito,fibra,norte,0
69,29,52.54,1184.4,126.7,1,1,0,1,0,mensual,debito,movil,centro,0
39,54,52.7,2745.76,248.55,3,1,1,4,2,bianual,debito,cable,norte,1
30,20,91.12,1782.22,199.66,3,1,0,1,0,mensual,credito,cable,sur,1
18,60,78.88,4673.59,81.65,4,1,1,2,0,mensual,debito,fibra,norte,0
19,44,57.97,2611.83,69.56,2,0,0,0,0,mensual,debito,fibra,norte,1
23,46,63.07,2898.67,184.65,3,0,1,3,0,mensual,debito,fibra,oeste,0
63,68,63.15,4347.9,69.76,1,1,1,2,1,mensual,efectivo,movil,centro,1
53,32,65.57,2131.97,169.56,2,1,1,3,1,bianual,debito,cable,centro,1
60,25,73.51,1659.62,256.79,2,0,1,3,2,mensual,debito,fibra,sur,0
32,72,110.63,8037.54,153.77,3,0,1,1,0,mensual,credito,fibra,norte,1
27,41,68.42,2740.46,179.2,4,1,1,1,1,mensual,credito,fibra,oeste,0
64,45,76.93,3487.67,173.4,2,0,0,2,2,mensual,debito,cable,sur,0
38,22,34.64,817.49,92.15,3,1,0,2,1,bianual,efectivo,fibra,centro,0
65,16,56.27,804.88,134.51,1,1,1,4,0,anual,transferencia,movil,oeste,0
43,13,87.12,1049.64,72.18,2,1,1,1,0,mensual,credito,cable,centro,1
25,17,72.24,1232.13,184.5,1,0,1,1,1,bianual,credito,fibra,sur,0
20,15,15.0,167.22,65.74,2,1,1,2,0,mensual,transferencia,fibra,sur,1
23,54,77.13,4371.4,155.05,4,1,0,2,1,bianual,debito,cable,norte,1
41,5,99.53,498.87,176.59,3,0,0,0,0,mensual,efectivo,movil,norte,0
37,46,29.07,1197.74,95.42,4,1,0,0,0,bianual,debito,fibra,centro,0
23,69,92.35,6622.33,83.95,1,1,1,1,0,bianual,credito,fibra,oeste,0
31,56,15.1,887.75,111.52,2,1,0,2,0,mensual,debito,cable,centro,0
78,30,81.88,2451.94,75.38,1,0,1,2,0,mensual,credito,fibra,sur,1
55,5,64.84,506.34,127.82,2,0,0,2,0,mensual,transferencia,fibra,norte,0
77,61,22.7,1421.68,74.15,1,1,1,0,1,mensual,credito,fibra,norte,0
49,1,73.03,63.23,77.77,1,0,1,4,2,mensual,debito,fibra,oeste,0
52,50,85.72,4094.09,147.35,1,0,1,1,1,mensual,transferencia,cable,sur,1
48,49,71.55,3231.03,150.88,3,0,1,0,0,mensual,efectivo,movil,centro,1
47,14,75.53,1203.88,105.32,4,0,0,0,0,mensual,debito,movil,oeste,0
36,54,57.59,3145.78,37.68,1,1,1,2,0,bianual,debito,cable,oeste,0
76,13,31.49,385.25,178.54,2,0,0,3,1,mensual,credito,fibra,norte,0
22,17,77.45,1299.72,97.58,4,0,0,3,0,mensual,transferencia,fibra,oeste,1
58,59,96.5,5730.29,223.12,1,0,0,0,0,mensual,debito,fibra,sur,0
71,71,85.33,6134.61,113.38,3,1,0,1,1,bianual,debito,cable,oeste,0
26,20,29.22,491.07,126.79,3,1,1,1,0,mensual,credito,fibra,norte,0
74,67,37.73,2551.06,98.41,4,0,1,2,2,mensual,transferencia,fibra,norte,1
30,66,49.77,3347.98,132.17,2,1,1,0,0,mensual,debito,fibra,centro,0
76,56,36.33,1974.32,293.83,1,0,1,2,1,mensual,credito,fibra,centro,1
57,11,65.8,456.74,102.55,3,1,1,1,3,bianual,transferencia,cable,oeste,1
45,22,72.08,1493.37,183.82,4,1,1,1,1,mensual,debito,ninguno,sur,0
75,49,39.26,1767.33,124.53,3,1,0,3,0,mensual,debito,cable,sur,1
29,72,78.99,5829.51,178.69,1,1,0,6,1,mensual,debito,fibra,centro,1
38,59,75.82,4357.91,23.41,1,1,1,3,1,mensual,transferencia,fibra,centro,0
54,31,55.13,1589.4,217.24,2,1,0,2,0,mensual,credito,cable,norte,0
25,17,61.89,974.34,137.05,3,1,0,1,0,mensual,transferencia,movil,centro,1
27,70,29.9,2193.21,106.61,1,1,1,0,1,anual,credito,cable,sur,1
64,20,59.02,1285.89,165.17,2,0,0,3,0,mensual,debito,fibra,norte,1
26,25,65.13,1531.64,127.2,4,0,0,0,0,mensual,credito,cable,norte,0
30,70,68.04,4708.72,62.61,4,1,0,1,0,anual,credito,fibra,norte,1
72,41,71.82,2923.48,5.0,4,1,0,3,2,anual,credito,fibra,sur,0
23,20,69.4,1554.91,211.3,3,0,0,0,1,mensual,efectivo,ninguno,centro,0
56,1,60.24,50.0,108.86,4,1,0,2,3,anual,credito,movil,sur,1
60,31,70.15,2004.26,89.35,2,0,1,2,0,bianual,credito,fibra,norte,1
23,71,83.04,6187.56,93.24,4,0,1,0,0,bianual,debito,cable,centro,0
51,32,63.28,2166.29,193.22,2,1,0,1,0,mensual,credito,fibra,oeste,0
43,51,70.72,3427.88,95.49,4,1,0,3,0,bianual,transferencia,fibra,oeste,0
44,19,61.65,1547.63,152.22,3,1,1,0,1,anual,transferencia,movil,centro,1
37,56,53.36,3064.73,103.27,4,1,1,1,0,anual,efectivo,movil,centro,0
21,56,74.41,4180.54,57.26,2,0,1,4,2,mensual,efectivo,fibra,sur,1
48,44,55.01,2597.75,165.06,4,1,1,2,0,mensual,credito,movil,centro,1
18,56,71.95,3924.3,175.15,3,1,0,2,3,anual,transferencia,fibra,centro,1
43,42,65.51,2693.15,86.03,4,0,0,1,2,anual,transferencia,cable,sur,0
43,28,59.53,1676.04,118.11,4,1,0,2,0,bianual,credito,ninguno,oeste,0
55,54,59.09,3251.44,124.85,1,0,0,1,2,mensual,debito,movil,centro,0
54,61,55.85,3447.35,142.26,2,1,1,5,2,bianual,efectivo,cable,sur,0
64,61,35.38,2182.79,218.56,1,1,0,1,0,mensual,efectivo,fibra,oeste,0
71,16,71.89,1102.71,103.81,2,1,0,2,0,bianual,credito,movil,oeste,1
49,49,69.17,3431.67,103.5,1,1,1,1,1,anual,debito,ninguno,sur,1
54,1,80.29,112.56,111.23,2,1,1,1,1,anual,debito,fibra,centro,0
49,42,55.43,2326.83,72.89,2,1,0,1,4,anual,debito,fibra,oeste,1
47,42,99.12,4131.24,33.89,1,1,0,4,0,bianual,transferencia,fibra,centro,1
54,27,58.16,1508.0,126.69,2,0,1,1,0,mensual,credito,cable,oeste,0
28,72,49.25,3370.33,146.36,2,1,0,1,1,mensual,credito,fibra,norte,1
19,64,47.11,3185.9,120.12,1,1,1,2,0,bianual,debito,cable,oeste,1
27,3,33.79,191.36,116.86,4,1,0,3,0,mensual,credito,fibra,centro,1
28,16,92.59,1602.26,75.06,2,1,0,1,1,anual,transferencia,ninguno,norte,1
55,15,89.68,1206.16,132.62,1,1,1,1,0,mensual,efectivo,fibra,norte,0
24,65,75.81,4867.67,128.49,1,1,1,2,1,anual,credito,movil,centro,0
39,38,48.87,1848.64,143.74,1,0,1,4,2,bianual,debito,ninguno,sur,0
24,53,97.6,5215.68,136.18,3,0,1,2,0,mensual,debito,cable,norte,0
27,59,58.67,3369.2,139.69,1,1,0,0,0,anual,transferencia,fibra,norte,0
57,56,60.16,3577.04,185.94,1,0,1,4,1,mensual,transferencia,movil,norte,1
42,7,90.87,741.69,148.61,3,1,0,0,2,anual,credito,fibra,norte,0
67,11,76.86,867.2,144.03,2,0,0,1,1,mensual,debito,cable,centro,1
62,29,104.62,3070.36,32.87,4,0,0,0,0,mensual,transferencia,fibra,centro,0
33,25,69.48,1710.49,172.67,3,1,0,0,0,mensual,transferencia,fibra,sur,0
22,54,57.85,3042.12,105.11,3,0,0,1,2,mensual,transferencia,cable,centro,0
76,12,53.99,358.57,123.96,1,1,1,2,1,anual,debito,cable,norte,0
26,27,31.75,962.4,56.35,3,1,0,3,0,mensual,efectivo,ninguno,oeste,1
59,18,59.99,1086.84,224.49,4,1,1,1,1,bianual,credito,cable,oeste,1
53,14,85.6,1340.42,5.0,4,0,0,2,2,bianual,credito,fibra,oeste,0
68,13,75.78,1054.94,194.41,4,1,1,1,1,anual,debito,cable,sur,1
51,15,65.37,977.14,141.26,4,1,1,1,1,bianual,debito,fibra,oeste,0
18,41,47.09,1941.52,24.74,4,1,0,0,0,bianual,debito,fibra,centro,1
27,30,69.08,1984.13,221.82,2,0,1,2,1,anual,credito,fibra,centro,0
68,32,83.23,2519.97,145.69,2,0,1,1,2,anual,efectivo,fibra,oeste,0
54,35,72.75,2427.47,5.0,3,1,1,0,2,mensual,transferencia,fibra,norte,1
64,54,68.0,3556.77,98.88,1,0,1,4,0,anual,efectivo,fibra,centro,0
56,63,50.65,3167.66,146.73,3,1,0,2,1,anual,transferencia,fibra,norte,0
77,38,80.61,3157.14,205.66,4,1,1,0,1,mensual,debito,movil,sur,0
23,47,15.0,787.16,99.54,2,1,1,2,0,mensual,transferencia,fibra,oeste,0
23,54,71.89,3699.85,5.0,2,1,0,2,1,mensual,credito,movil,centro,1
62,50,111.27,5666.74,192.95,3,1,1,2,3,anual,efectivo,movil,centro,1
20,10,37.85,395.5,144.91,3,0,0,4,0,bianual,credito,movil,sur,1
24,71,60.66,4390.92,8.37,3,1,1,3,0,mensual,debito,fibra,oeste,1
62,12,64.86,840.06,137.13,2,1,0,1,0,mensual,transferencia,fibra,centro,1
64,30,56.67,1499.19,142.43,1,1,1,5,0,bianual,transferencia,cable,sur,0
69,47,83.65,3955.33,103.76,1,0,1,1,1,mensual,credito,fibra,norte,1
32,30,73.5,2381.57,78.64,1,0,0,2,1,anual,debito,fibra,sur,0
58,18,67.74,1076.9,89.51,1,1,1,2,0,mensual,credito,fibra,centro,0
31,67,79.35,5205.53,103.73,3,1,0,3,1,mensual,transferencia,cable,sur,0
78,6,65.3,153.1,137.74,1,1,1,0,2,mensual,debito,cable,sur,1
58,18,122.24,2146.27,159.42,1,0,0,3,3,mensual,transferencia,fibra,sur,0
64,72,67.72,4699.23,12.61,1,1,0,1,1,anual,debito,fibra,sur,0
58,53,68.52,3528.29,132.8,3,0,1,0,0,mensual,debito,cable,centro,1
78,7,34.21,269.04,144.4,1,0,1,1,1,anual,debito,cable,oeste,0
34,55,55.22,3134.99,128.46,1,1,0,2,0,bianual,debito,cable,oeste,0
64,70,85.65,5762.68,99.76,4,1,1,3,0,anual,credito,movil,oeste,1
76,8,40.96,272.5,190.99,4,1,1,2,1,mensual,transferencia,cable,centro,0
30,30,26.16,756.85,187.22,1,0,0,1,0,mensual,credito,fibra,oeste,0
41,34,65.58,2214.13,101.69,3,0,0,2,2,mensual,debito,fibra,sur,0
60,10,89.67,992.63,115.85,4,0,1,0,0,anual,transferencia,fibra,norte,0
42,15,65.76,1082.64,158.59,1,1,1,0,0,mensual,credito,fibra,oeste,0
60,13,58.95,872.64,184.13,3,0,1,0,1,bianual,credito,movil,centro,0
30,14,31.55,470.84,79.22,4,1,1,1,2,anual,transferencia,cable,sur,1
22,30,73.14,2164.06,67.69,1,1,1,3,3,mensual,credito,cable,sur,0
21,34,76.9,2553.47,133.71,1,1,0,2,0,mensual,credito,fibra,sur,1
29,18,32.93,665.17,63.82,4,0,0,0,1,anual,debito,cable,sur,0
67,21,85.42,1692.75,22.75,4,1,1,2,1,bianual,debito,fibra,oeste,0
59,14,78.78,1002.64,78.98,3,0,0,3,1,mensual,debito,fibra,sur,0
38,58,85.38,5011.91,140.86,4,1,1,1,0,anual,efectivo,cable,centro,0
59,16,75.5,1297.72,197.68,3,1,1,1,0,mensual,debito,fibra,norte,0
47,66,76.77,5067.01,84.56,3,1,0,4,0,bianual,transferencia,fibra,centro,0
28,39,74.37,2976.61,113.79,1,1,0,1,0,anual,transferencia,fibra,centro,1
65,58,80.63,4644.42,127.78,4,1,0,1,0,anual,debito,fibra,norte,0
20,46,32.26,1466.1,87.57,2,1,0,2,1,mensual,debito,fibra,sur,0
24,20,37.98,803.6,83.64,4,1,1,3,0,bianual,debito,cable,sur,0
33,44,51.75,2182.87,136.75,1,0,0,2,0,anual,debito,fibra,centro,0
55,20,62.66,1339.39,60.13,2,0,0,3,0,mensual,efectivo,fibra,norte,0
39,9,71.99,618.9,81.63,3,0,1,2,0,mensual,debito,fibra,centro,1
40,19,70.84,1324.67,109.87,1,0,1,0,0,mensual,credito,fibra,sur,1
50,20,85.11,1712.78,136.12,2,0,1,1,1,anual,debito,movil,oeste,1
68,10,85.67,956.44,44.24,1,0,1,2,1,anual,transferencia,movil,oeste,0
38,2,49.3,50.0,113.46,2,0,1,2,0,mensual,debito,cable,centro,1
41,68,69.29,4559.62,55.46,1,1,1,6,0,mensual,debito,cable,sur,0
20,37,49.74,1963.57,85.79,1,1,0,1,0,bianual,debito,movil,sur,0
76,29,61.61,1845.32,159.43,3,1,1,1,1,bianual,efectivo,fibra,norte,1
69,67,70.79,4690.06,116.31,2,1,1,0,1,mensual,credito,cable,sur,1
40,17,15.0,263.17,203.45,1,0,0,3,0,anual,debito,fibra,norte,0
69,30,108.4,3323.64,116.39,4,1,1,0,1,mensual,transferencia,fibra,centro,0
19,61,75.2,4773.57,168.4,2,1,1,0,0,mensual,transferencia,movil,oeste,1
22,46,54.28,2446.54,159.74,2,1,0,1,0,bianual,credito,movil,norte,0
51,29,99.69,3049.07,119.34,2,0,1,2,2,anual,efectivo,fibra,oeste,0
51,19,58.75,1184.39,54.22,1,1,1,2,0,mensual,debito,ninguno,sur,1
25,3,67.39,91.32,114.74,4,1,1,0,1,mensual,transferencia,cable,norte,0
49,7,56.23,320.69,93.36,4,1,1,3,0,mensual,transferencia,cable,norte,0
26,12,94.74,1282.01,91.43,1,1,1,4,0,mensual,credito,cable,norte,0
45,57,63.11,3767.01,127.79,4,0,0,2,0,bianual,credito,movil,centro,1
47,47,67.69,3175.55,47.52,3,1,0,2,0,mensual,debito,ninguno,sur,0
30,32,86.67,2905.48,76.31,3,1,1,0,1,mensual,debito,cable,centro,0
35,57,75.53,4347.73,69.4,1,0,1,0,1,bianual,credito,fibra,centro,0
49,12,64.02,760.22,107.29,2,0,1,0,0,mensual,efectivo,cable,sur,0
51,16,84.99,1382.59,81.59,3,1,0,0,1,mensual,debito,fibra,norte,0
77,29,110.69,3042.68,84.88,3,0,1,0,0,anual,credito,cable,oeste,0
58,67,70.71,4705.04,126.77,2,0,0,0,0,mensual,debito,ninguno,norte,0
63,45,67.1,2956.42,97.72,4,1,1,3,0,mensual,debito,movil,centro,0
72,62,68.07,4340.58,120.24,3,1,0,0,0,mensual,credito,cable,centro,1
41,18,88.59,1624.53,64.22,4,1,1,1,0,bianual,efectivo,fibra,centro,0
35,62,54.21,3332.59,78.58,1,0,1,1,1,bianual,debito,cable,sur,1
53,6,59.99,493.53,222.04,2,1,1,2,1,mensual,debito,fibra,oeste,1
49,17,37.33,453.22,85.13,3,1,1,2,0,anual,debito,ninguno,norte,0
57,38,43.69,1545.8,14.68,4,1,0,3,2,anual,credito,fibra,centro,1
64,4,55.68,374.4,137.11,3,0,1,1,1,mensual,credito,movil,centro,0
54,62,63.99,4044.39,84.6,2,1,1,2,1,mensual,debito,fibra,oeste,0
53,63,96.84,5910.87,132.19,4,1,0,2,0,anual,debito,cable,centro,0
67,39,74.65,2937.52,115.52,1,1,0,2,0,mensual,debito,movil,centro,1
40,23,48.58,965.31,147.49,1,1,1,1,0,bianual,debito,cable,oeste,0
29,8,51.9,364.07,115.02,2,0,0,3,0,mensual,transferencia,cable,sur,0
23,45,89.75,4093.68,108.67,1,1,0,2,1,mensual,transferencia,fibra,centro,1
28,39,85.28,3321.85,177.4,2,1,1,2,0,bianual,debito,fibra,centro,1
29,55,65.51,3594.78,9.09,4,0,0,3,0,bianual,credito,cable,sur,0
45,44,57.03,2410.52,53.73,2,1,1,1,0,mensual,debito,fibra,sur,1
20,10,85.25,990.95,78.75,2,1,0,2,2,anual,debito,cable,centro,1
65,9,47.12,483.68,35.36,2,1,0,3,0,bianual,credito,fibra,sur,0
55,57,72.06,4010.81,96.03,3,1,0,1,0,mensual,transferencia,fibra,oeste,0
33,12,105.91,1285.6,91.1,2,1,1,2,1,anual,debito,movil,centro,1
48,68,68.7,4634.42,168.74,2,1,0,2,0,anual,debito,movil,centro,0
23,8,51.04,342.57,115.59,1,1,0,1,0,mensual,debito,ninguno,norte,0
36,53,72.39,3853.99,109.35,3,1,1,2,0,bianual,debito,fibra,oeste,0
47,71,56.54,4214.99,101.01,4,1,1,0,0,bianual,credito,fibra,oeste,0
75,32,39.91,1173.07,67.4,2,1,0,2,1,mensual,transferencia,fibra,centro,1
57,5,77.62,455.58,164.54,2,1,1,1,0,mensual,debito,ninguno,norte,0
48,64,85.12,5550.31,180.5,4,1,0,2,0,bianual,transferencia,cable,centro,0
78,14,59.4,890.17,59.39,4,1,0,2,0,mensual,efectivo,movil,norte,0
78,38,58.21,2321.51,201.0,2,0,0,0,4,mensual,debito,movil,norte,0
50,71,47.69,3377.76,86.45,1,1,1,0,1,anual,credito,fibra,sur,1
40,54,62.3,3423.18,82.37,3,1,1,1,1,anual,credito,fibra,norte,1
40,4,54.88,234.26,143.64,3,0,0,2,1,mensual,credito,fibra,oeste,0
55,60,46.8,2654.01,148.1,2,1,0,2,1,mensual,efectivo,cable,centro,1
65,12,99.06,1063.81,116.44,4,1,1,3,1,bianual,efectivo,ninguno,centro,0
36,54,73.4,4090.18,102.69,1,0,1,2,1,bianual,credito,fibra,centro,0
69,45,75.3,3333.4,178.62,1,1,1,2,2,mensual,transferencia,movil,sur,0
74,21,80.9,1659.94,88.84,1,0,1,5,0,mensual,credito,fibra,oeste,1
52,31,78.88,2537.12,116.56,3,1,1,4,0,mensual,transferencia,movil,centro,1
33,9,57.56,503.28,204.69,3,1,1,1,0,mensual,efectivo,fibra,norte,0
36,72,69.91,5118.8,53.15,3,1,0,3,0,mensual,transferencia,cable,centro,1
29,18,60.16,1070.07,97.07,2,1,1,1,2,anual,debito,cable,centro,0
34,23,72.89,1552.88,171.26,1,0,0,3,1,mensual,debito,fibra,centro,1
56,37,71.15,2754.56,146.4,3,1,1,4,1,anual,transferencia,ninguno,sur,1
21,49,58.11,2748.58,164.7,3,1,0,1,1,bianual,debito,cable,centro,0
37,37,41.07,1670.97,53.86,4,1,1,2,0,anual,credito,fibra,norte,1
69,37,67.63,2571.06,136.06,1,1,0,2,0,mensual,credito,fibra,centro,1
71,42,61.32,2512.81,105.74,1,1,0,3,2,anual,transferencia,fibra,centro,1
22,62,30.97,1991.48,233.62,2,1,0,3,1,mensual,transferencia,fibra,centro,0
25,29,74.14,2094.34,160.47,4,1,0,1,2,mensual,debito,fibra,centro,0
32,60,82.38,4851.07,118.88,1,1,0,2,0,anual,transferencia,fibra,oeste,0
21,57,110.51,6324.47,134.29,4,0,0,0,0,bianual,transferencia,movil,norte,1
52,70,57.96,4150.56,122.71,4,1,1,2,0,anual,debito,ninguno,centro,0
19,66,55.3,3683.06,154.95,3,1,1,0,0,mensual,credito,fibra,centro,0
32,58,45.03,2523.34,77.18,4,1,1,1,2,anual,credito,movil,centro,0
36,18,68.76,1075.96,188.26,3,0,1,2,2,mensual,debito,fibra,centro,1
71,56,68.64,3822.71,53.76,1,1,0,3,2,anual,credito,cable,oeste,0
67,54,50.4,2590.21,130.25,4,1,1,2,1,mensual,debito,fibra,centro,0
63,21,61.85,1287.0,78.79,4,1,1,2,0,anual,transferencia,fibra,centro,1
74,49,29.38,1435.51,122.14,4,1,0,1,0,bianual,debito,fibra,centro,0
77,19,81.67,1637.18,169.4,1,1,1,2,2,mensual,credito,cable,centro,1
73,38,51.13,2020.45,34.38,2,1,1,4,1,bianual,credito,cable,centro,1
75,58,64.38,3851.94,111.53,1,1,0,4,1,anual,debito,movil,centro,0
74,14,39.32,548.36,48.01,3,1,0,2,1,anual,credito,fibra,oeste,0
31,25,54.52,1314.79,106.03,3,1,1,3,0,mensual,debito,cable,centro,0
36,58,59.97,3530.96,47.88,3,1,0,2,2,mensual,debito,fibra,centro,1
46,33,64.8,2189.21,128.09,1,0,0,2,2,mensual,credito,fibra,centro,0
51,70,73.64,5200.28,98.69,1,1,0,1,0,mensual,credito,fibra,norte,1
45,1,90.9,320.09,157.36,4,1,0,3,1,anual,credito,fibra,sur,0
39,52,78.19,4145.64,181.43,1,0,1,1,1,mensual,debito,movil,norte,1
44,59,82.32,4998.89,120.53,4,0,1,2,1,mensual,credito,cable,centro,0
61,67,91.03,5968.92,164.68,3,1,1,2,0,bianual,debito,cable,centro,0
63,12,75.25,786.15,189.12,1,1,1,0,0,anual,debito,fibra,norte,1
73,71,64.34,4475.24,73.89,2,1,0,1,0,mensual,debito,fibra,centro,0
67,29,83.16,2413.46,191.75,4,1,0,0,2,anual,debito,cable,oeste,1
28,26,84.31,2174.91,118.15,3,0,0,2,1,mensual,credito,fibra,norte,1
30,26,76.67,2025.05,71.08,4,1,0,0,0,anual,efectivo,fibra,sur,0
47,46,38.82,1984.03,134.92,4,0,1,3,1,mensual,debito,fibra,norte,1
70,48,49.85,2382.04,116.4,4,1,1,1,1,mensual,transferencia,movil,centro,0
45,35,60.05,2159.84,49.65,4,1,0,3,0,bianual,debito,fibra,centro,0
25,6,79.03,483.38,64.95,3,0,1,0,2,mensual,debito,fibra,sur,1
73,72,64.62,4782.51,201.87,2,1,1,2,2,mensual,credito,cable,oeste,0
54,16,85.46,1443.83,133.93,3,1,0,1,0,mensual,debito,movil,sur,1
72,7,88.67,614.67,194.09,2,1,1,5,0,mensual,credito,fibra,norte,0
40,44,86.59,3925.31,99.17,3,1,1,0,1,anual,debito,fibra,centro,1
70,30,86.7,2674.25,79.92,3,1,1,1,0,mensual,transferencia,ninguno,norte,0
21,45,46.33,2188.5,35.83,4,1,1,2,0,mensual,credito,movil,centro,1
63,64,73.69,4721.5,168.4,2,0,1,0,0,bianual,transferencia,cable,sur,1
78,8,54.06,512.26,140.53,2,1,1,1,0,mensual,debito,fibra,norte,1
73,21,35.32,714.46,99.62,4,1,1,1,0,mensual,debito,fibra,norte,1
46,38,59.83,2151.49,80.37,2,0,0,2,3,mensual,transferencia,movil,oeste,1
78,57,88.85,5009.45,176.34,3,0,1,1,0,bianual,credito,cable,norte,0
78,44,73.29,3298.24,111.14,4,1,0,1,2,mensual,credito,fibra,oeste,0
25,28,101.32,2901.06,111.67,2,1,1,1,0,anual,credito,fibra,centro,0
47,44,68.19,2918.0,89.96,2,1,1,5,1,anual,transferencia,fibra,centro,0
73,71,109.06,7908.39,99.63,1,0,0,0,0,mensual,credito,cable,centro,0
71,35,68.2,2267.79,147.51,1,1,0,2,0,anual,debito,cable,oeste,0
51,64,65.4,4205.38,49.18,3,1,0,1,0,bianual,efectivo,fibra,norte,0
32,57,41.97,2342.66,124.04,1,1,0,3,1,anual,transferencia,cable,sur,1
34,22,84.99,1893.19,167.78,2,0,1,1,0,bianual,debito,movil,oeste,1
23,18,55.96,857.11,115.76,1,0,1,3,2,mensual,debito,cable,norte,1
52,56,53.35,2787.59,172.71,1,0,0,0,0,mensual,transferencia,fibra,centro,0
19,15,88.06,1247.83,187.03,4,1,1,0,0,anual,credito,ninguno,oeste,0
48,25,85.85,2227.75,165.18,2,0,1,0,2,mensual,efectivo,fibra,oeste,0
28,17,85.38,1473.96,93.14,2,1,1,0,2,mensual,transferencia,cable,centro,0
50,44,58.48,2410.56,118.23,3,1,1,6,0,mensual,debito,fibra,norte,1
21,22,64.08,1525.9,137.29,4,1,1,0,1,mensual,debito,cable,centro,0
40,48,63.92,3094.69,96.51,3,0,0,0,0,anual,credito,cable,centro,1
39,68,79.09,5468.55,94.84,2,1,1,1,0,mensual,credito,fibra,sur,1
57,60,92.96,5537.02,91.83,1,1,1,1,0,anual,efectivo,cable,centro,0
59,69,71.63,4727.36,247.18,2,0,1,3,0,mensual,transferencia,cable,oeste,0
59,2,100.55,379.6,106.45,3,1,1,1,0,anual,efectivo,fibra,centro,1
48,33,81.15,2657.4,173.43,1,1,1,2,0,mensual,transferencia,fibra,centro,0
21,16,60.77,1090.94,76.53,3,0,0,5,1,mensual,credito,fibra,centro,0
73,67,79.92,5308.52,205.09,1,1,1,1,1,mensual,credito,ninguno,sur,1
64,52,95.71,4988.06,101.07,4,0,1,4,0,mensual,credito,fibra,centro,0
58,24,100.97,2228.05,122.65,4,0,0,0,0,mensual,credito,cable,centro,0
51,41,86.36,3441.44,28.36,1,0,1,2,1,anual,transferencia,fibra,centro,1
52,44,65.46,3058.1,175.83,4,1,1,3,0,bianual,debito,movil,centro,0
71,36,61.1,2304.35,186.66,2,0,1,2,3,anual,efectivo,cable,sur,1
36,35,75.37,2780.07,60.64,1,1,1,1,0,mensual,credito,cable,norte,1
57,4,95.13,438.89,178.74,4,1,1,4,5,mensual,credito,cable,centro,0
78,33,72.81,2432.87,53.14,2,0,1,1,0,mensual,debito,cable,oeste,1
78,26,73.18,2017.25,151.6,2,0,0,0,1,anual,debito,ninguno,sur,0
64,59,65.93,3999.65,105.6,4,0,0,4,1,anual,credito,cable,centro,1
63,63,59.1,3759.55,186.81,4,0,1,0,2,mensual,debito,cable,centro,1
25,55,62.08,3425.9,132.46,3,1,0,0,0,anual,debito,cable,centro,0
44,3,67.44,317.28,166.57,3,1,1,2,1,mensual,debito,cable,oeste,0
69,61,95.93,5727.39,181.89,2,1,1,3,0,mensual,debito,cable,oeste,1
32,29,60.69,1723.95,105.45,1,1,0,2,2,anual,efectivo,cable,oeste,1
38,30,65.95,1811.13,118.55,3,1,1,1,0,anual,credito,movil,sur,0
56,69,49.42,3295.79,64.44,2,1,1,2,0,anual,credito,ninguno,norte,1
76,63,77.9,4932.92,105.0,4,1,0,2,1,mensual,efectivo,cable,sur,0
48,4,89.6,451.34,216.35,2,0,0,2,0,anual,credito,cable,centro,1
66,26,94.24,2669.27,157.79,1,0,1,1,2,bianual,efectivo,fibra,norte,1
44,54,68.66,3694.17,67.77,4,1,1,2,1,mensual,efectivo,movil,oeste,0
57,39,75.34,2889.85,201.57,3,1,0,0,0,mensual,transferencia,cable,oeste,0
68,19,62.24,1173.72,139.45,1,1,0,0,1,mensual,credito,movil,centro,1
71,38,74.5,2860.04,161.52,3,1,1,3,0,anual,transferencia,cable,centro,0
73,63,70.65,4667.23,144.53,4,1,1,3,0,mensual,debito,cable,sur,1
70,17,66.05,1123.86,140.99,3,0,1,1,0,anual,credito,fibra,oeste,0
45,54,67.48,3512.62,20.11,3,1,1,0,2,mensual,debito,cable,sur,0
24,53,73.13,3922.24,175.35,1,1,1,1,1,mensual,debito,fibra,norte,1
19,64,59.71,3831.6,7.28,3,0,1,0,2,mensual,debito,cable,oeste,1
78,22,60.64,1329.56,170.8,3,1,1,2,2,mensual,transferencia,fibra,oeste,1
71,16,95.73,1499.59,124.98,3,1,1,2,0,bianual,debito,fibra,sur,1
35,40,113.79,4800.11,161.77,4,0,1,2,0,mensual,credito,movil,centro,1
20,39,43.32,1628.93,127.92,4,1,0,2,4,mensual,credito,cable,centro,1
53,30,42.33,1085.69,172.19,3,1,1,0,2,bianual,credito,fibra,oeste,0
45,57,47.77,2650.93,120.81,4,1,0,3,0,mensual,transferencia,movil,centro,1
48,58,63.14,3603.31,134.05,1,1,1,0,0,anual,transferencia,fibra,sur,0
38,18,81.12,1308.26,140.24,4,1,1,2,0,mensual,credito,fibra,centro,0
18,58,75.64,4364.46,213.93,1,0,0,2,0,bianual,transferencia,fibra,oeste,0
40,17,68.1,1351.29,150.01,4,0,1,1,0,mensual,transferencia,fibra,norte,1
42,30,74.52,2083.12,54.16,2,0,1,2,0,mensual,credito,movil,centro,0
57,2,52.54,50.0,91.8,2,1,1,1,2,anual,credito,cable,norte,0
32,25,60.61,1604.73,149.9,4,0,1,2,0,mensual,debito,cable,sur,0
70,70,64.64,4500.71,182.99,1,1,1,1,1,mensual,debito,cable,centro,0
68,32,36.48,1121.56,83.89,3,1,0,3,2,mensual,efectivo,fibra,centro,0
61,52,44.1,2422.8,231.99,2,1,1,1,0,mensual,transferencia,cable,oeste,0
40,8,44.81,291.95,128.78,2,1,1,0,2,anual,credito,movil,centro,0
44,46,78.75,3434.63,141.03,4,1,1,0,1,mensual,debito,cable,centro,0
75,27,69.42,1970.42,57.3,1,1,1,2,0,anual,transferencia,cable,centro,1
65,54,76.0,4096.72,175.77,4,1,1,1,0,mensual,efectivo,fibra,norte,0
52,67,31.89,2122.92,97.71,1,1,1,1,2,anual,efectivo,fibra,sur,0
57,39,38.3,1259.78,82.71,1,0,0,2,0,mensual,transferencia,fibra,norte,0
77,8,76.94,495.46,104.14,2,0,1,2,1,mensual,credito,cable,centro,1
47,35,15.0,501.12,189.14,1,1,0,3,1,anual,debito,fibra,centro,1
39,9,87.04,655.61,143.29,2,0,0,1,2,anual,debito,cable,sur,1
38,33,32.18,1176.6,75.55,3,0,0,1,2,anual,debito,cable,centro,0
71,5,80.18,393.18,93.48,1,1,1,2,0,mensual,credito,fibra,centro,1
47,47,49.01,2274.65,190.48,3,1,1,3,2,bianual,efectivo,cable,sur,1
40,23,83.88,2046.19,108.18,2,0,1,3,0,bianual,transferencia,fibra,norte,0
65,15,122.75,1771.26,148.02,3,1,1,2,2,bianual,debito,ninguno,oeste,1
69,2,24.08,94.44,160.26,2,1,0,2,0,mensual,credito,fibra,centro,1
59,64,77.52,4961.37,5.0,4,0,1,2,0,mensual,debito,movil,norte,1
71,61,32.45,2080.19,183.22,2,1,1,1,1,anual,credito,fibra,centro,1
67,59,72.68,4340.67,77.38,3,1,1,3,1,mensual,transferencia,cable,sur,0
58,5,61.28,381.61,101.97,2,0,0,0,1,anual,transferencia,cable,oeste,0
78,26,67.34,1689.72,196.97,3,0,1,3,1,mensual,efectivo,fibra,centro,0
40,70,48.59,3334.13,192.35,2,1,1,2,2,anual,credito,fibra,centro,0
77,42,79.05,3309.31,144.64,3,1,1,3,0,mensual,credito,fibra,norte,1
38,10,38.93,463.79,156.42,1,1,0,0,0,bianual,efectivo,movil,norte,1
74,11,87.35,1006.62,168.9,3,0,1,1,1,anual,transferencia,cable,oeste,0
60,19,57.63,1188.51,191.51,4,0,1,1,0,mensual,debito,fibra,sur,1
64,71,39.75,2721.45,197.87,3,0,1,2,1,mensual,debito,fibra,norte,0
78,13,93.71,1058.69,125.39,1,0,0,1,1,mensual,debito,ninguno,centro,0
78,66,63.79,4152.81,83.13,3,1,0,0,3,bianual,debito,fibra,centro,0
73,49,99.34,4789.73,107.24,2,0,1,1,0,mensual,credito,cable,sur,1
46,67,86.98,5714.68,126.36,4,0,1,1,1,mensual,transferencia,fibra,sur,0
46,60,50.63,3012.79,117.35,4,1,1,4,0,mensual,debito,fibra,sur,0
26,24,63.47,1370.16,69.39,4,0,1,0,0,anual,debito,fibra,sur,0
41,60,67.18,3964.11,141.84,4,0,0,1,2,mensual,debito,ninguno,oeste,0
67,13,92.47,1086.22,41.61,3,1,1,3,1,bianual,transferencia,cable,centro,1
53,21,72.88,1390.42,124.27,3,0,0,5,0,anual,debito,fibra,centro,0
28,16,68.17,943.16,127.48,2,1,0,1,0,bianual,debito,cable,norte,0
36,10,61.4,496.44,125.76,2,0,0,2,0,anual,credito,fibra,centro,0
49,7,64.09,510.5,162.56,4,0,1,1,1,mensual,credito,movil,centro,1
35,14,88.48,1204.82,155.93,3,1,1,0,0,mensual,debito,fibra,sur,0
72,9,65.07,598.97,231.13,3,1,1,2,0,mensual,transferencia,movil,centro,0
67,28,57.89,1596.33,94.11,1,0,0,1,2,mensual,credito,movil,sur,0
65,6,54.84,405.34,133.97,2,1,1,2,1,mensual,credito,fibra,centro,1
67,5,55.03,335.32,130.76,2,1,0,1,1,anual,transferencia,ninguno,centro,0
37,72,39.76,2926.39,128.41,3,1,1,3,0,mensual,debito,ninguno,norte,0
27,7,51.49,338.12,56.76,3,0,1,2,0,anual,debito,movil,sur,1
32,6,91.97,547.47,60.83,2,0,0,1,0,mensual,credito,cable,norte,1
27,3,61.28,50.0,120.32,4,1,1,0,0,mensual,debito,cable,norte,1
55,10,77.68,692.51,41.21,4,0,0,2,1,mensual,debito,fibra,sur,0
32,39,20.38,883.03,103.29,4,0,1,1,0,mensual,debito,movil,centro,0
64,60,75.23,4447.45,87.62,2,0,1,2,1,bianual,credito,fibra,centro,0
67,53,62.1,3260.65,105.1,2,0,1,3,1,anual,transferencia,cable,oeste,0
64,42,56.33,2437.47,176.62,2,0,1,1,2,mensual,credito,movil,sur,0
36,7,68.26,506.01,66.08,4,0,1,1,0,anual,efectivo,ninguno,norte,1
64,56,56.08,3140.96,163.49,4,1,0,1,0,mensual,credito,movil,centro,1
29,3,26.77,50.57,91.44,4,0,1,6,0,mensual,credito,movil,norte,0
18,46,81.6,3850.36,97.66,1,1,1,1,2,mensual,debito,cable,centro,1
59,30,69.37,2001.12,143.28,3,1,0,1,0,mensual,debito,cable,centro,1
60,64,59.35,3836.02,106.29,3,0,0,2,1,anual,debito,fibra,sur,1
66,23,47.61,1060.79,75.38,2,1,0,1,2,anual,debito,ninguno,sur,0
58,46,38.54,1836.68,101.49,2,1,1,2,1,anual,transferencia,fibra,sur,0
47,32,69.03,2283.2,31.17,4,1,1,3,0,mensual,debito,movil,norte,0
42,38,94.04,3586.07,139.06,2,0,1,4,0,mensual,debito,fibra,centro,1
61,68,68.66,4794.12,5.0,2,1,1,2,1,mensual,transferencia,cable,sur,0
78,52,40.11,2168.05,164.4,1,1,0,0,0,mensual,debito,cable,centro,1
43,30,69.05,2036.06,150.76,3,1,1,1,0,anual,efectivo,ninguno,centro,1
45,33,64.04,2138.43,200.07,1,1,0,0,1,mensual,transferencia,fibra,norte,0
32,51,80.55,4138.23,229.1,3,1,0,2,0,mensual,debito,cable,sur,0
22,25,75.92,2011.23,166.79,3,1,1,0,0,anual,debito,fibra,oeste,1
61,13,15.0,50.0,88.63,4,0,1,0,0,mensual,efectivo,cable,sur,0
21,34,74.81,2671.49,228.63,3,1,1,3,2,anual,transferencia,cable,norte,0
21,5,46.94,50.0,60.3,3,1,1,2,2,anual,efectivo,fibra,centro,0
43,13,39.41,564.86,24.86,4,1,0,2,1,anual,debito,cable,sur,0
57,31,61.61,1961.61,212.62,1,0,1,2,1,bianual,credito,movil,centro,0
55,58,72.4,4174.66,150.08,2,0,1,1,1,anual,debito,movil,norte,0
78,57,35.47,2091.28,26.21,3,0,0,3,0,anual,credito,cable,norte,0
78,19,77.68,1333.26,52.23,1,1,0,2,0,anual,debito,fibra,centro,1
40,31,78.74,2345.2,147.56,1,1,1,0,0,anual,transferencia,cable,sur,0
44,12,65.85,663.01,76.5,2,1,1,2,0,mensual,credito,cable,sur,0
37,55,49.38,2636.36,83.69,1,1,1,0,0,mensual,transferencia,movil,oeste,0
52,18,47.37,976.35,218.32,1,0,1,3,0,mensual,debito,cable,sur,1
54,58,83.47,4988.18,227.41,3,1,1,0,0,anual,efectivo,cable,centro,1
69,61,37.8,2294.31,127.34,2,1,0,0,2,mensual,debito,cable,oeste,0
39,50,84.16,4229.63,112.48,1,1,1,2,1,bianual,efectivo,movil,centro,0
61,24,62.03,1717.37,165.12,3,1,0,1,0,anual,transferencia,cable,centro,0
25,69,63.27,4315.44,91.92,1,1,0,2,1,mensual,debito,fibra,centro,0
73,50,34.25,1631.39,8.47,2,1,1,2,1,mensual,transferencia,movil,sur,0
24,47,62.36,3040.03,5.0,4,0,0,2,0,anual,credito,cable,oeste,0
57,62,76.04,4651.19,116.32,2,1,0,2,0,anual,debito,cable,sur,1
26,64,40.94,2503.85,164.09,3,0,0,1,0,anual,debito,fibra,centro,1
75,6,73.98,547.79,120.8,4,1,1,1,1,mensual,efectivo,fibra,centro,0
70,64,66.6,4424.94,160.5,3,0,1,4,0,bianual,efectivo,movil,centro,0
57,56,53.41,2931.6,165.49,2,1,0,4,0,bianual,credito,fibra,centro,0
43,15,80.38,1201.5,189.3,2,1,1,1,1,bianual,debito,fibra,centro,1
25,23,25.36,689.53,129.31,1,0,0,3,1,anual,debito,cable,centro,0
76,55,71.24,3827.05,133.79,1,0,0,2,1,mensual,debito,fibra,centro,1
38,16,94.15,1618.68,118.16,2,0,0,2,1,bianual,credito,cable,centro,0
25,33,90.92,3174.05,107.08,4,0,1,1,0,mensual,credito,fibra,norte,0
46,50,72.02,3452.83,41.4,4,0,0,2,3,mensual,credito,fibra,centro,0
21,47,59.57,2638.8,178.6,4,1,0,0,1,anual,transferencia,ninguno,oeste,1
66,66,53.56,3341.33,100.81,2,1,0,1,1,mensual,efectivo,cable,sur,0
43,9,59.55,473.69,97.95,3,1,1,2,0,anual,debito,ninguno,norte,0
36,22,74.79,1494.33,92.92,2,0,0,4,0,anual,credito,cable,oeste,1
33,71,50.47,3713.51,52.98,2,1,1,2,1,mensual,credito,movil,sur,1
48,41,78.63,3108.22,115.72,1,1,0,1,0,anual,debito,fibra,centro,0
23,18,103.4,1812.46,145.82,4,1,1,1,0,bianual,credito,fibra,centro,0
31,21,63.89,1384.84,84.74,3,1,0,1,0,bianual,debito,fibra,centro,1
38,25,40.8,920.96,171.88,3,1,1,0,0,mensual,debito,fibra,sur,0
40,40,40.79,1632.47,101.58,2,0,0,1,1,mensual,transferencia,ninguno,centro,0
18,21,78.98,1736.0,43.37,4,0,1,1,0,mensual,debito,cable,centro,0
35,45,63.92,3248.02,188.68,1,1,0,4,0,anual,transferencia,cable,centro,0
41,33,80.78,2711.08,129.92,1,0,0,2,0,anual,debito,cable,centro,0
75,44,55.39,2247.36,163.16,3,1,1,1,1,mensual,transferencia,fibra,oeste,0
72,12,79.95,1042.17,164.34,4,1,1,1,1,mensual,credito,movil,centro,0
73,45,62.15,2833.52,72.69,4,0,1,1,0,anual,transferencia,cable,norte,0
29,67,51.81,3531.2,93.9,4,1,1,1,0,anual,debito,fibra,sur,0
62,10,57.78,565.92,171.71,3,0,0,2,1,mensual,credito,cable,norte,0
18,24,43.45,1148.19,211.76,1,0,1,2,1,mensual,efectivo,fibra,oeste,0
25,50,100.81,5010.3,123.16,2,1,1,5,0,mensual,debito,cable,sur,1
19,45,63.27,2883.79,88.64,2,1,0,2,0,bianual,debito,cable,centro,0
75,49,76.6,3777.75,204.12,4,1,0,0,0,anual,debito,movil,centro,0
36,41,55.34,2281.53,88.67,2,1,0,4,0,anual,efectivo,ninguno,centro,1
27,50,46.07,2264.19,136.45,2,1,1,2,0,mensual,debito,fibra,centro,1
24,44,60.79,2808.73,98.61,2,0,1,2,1,mensual,debito,fibra,sur,1
21,6,84.82,674.14,133.45,2,0,0,2,1,mensual,efectivo,movil,centro,0
24,55,55.63,3291.59,72.73,3,0,1,3,0,mensual,credito,cable,norte,1
20,33,49.33,1643.53,101.27,1,0,1,1,1,mensual,debito,cable,norte,0
54,4,67.8,298.6,88.64,4,0,1,1,1,mensual,credito,cable,norte,1
35,30,73.98,2254.16,153.11,3,1,0,4,0,mensual,debito,cable,oeste,0
76,32,94.57,2931.62,128.16,2,1,1,1,0,anual,credito,cable,sur,0
27,7,71.37,606.01,164.01,2,0,0,1,1,mensual,debito,ninguno,norte,0
29,72,76.59,5482.81,78.71,4,1,0,1,0,mensual,credito,cable,sur,0
28,17,77.95,1396.52,109.58,4,1,1,3,0,mensual,credito,fibra,sur,1
38,24,44.25,924.03,151.25,3,0,0,0,0,mensual,debito,fibra,norte,0
35,32,47.66,1593.55,162.94,2,0,1,3,1,anual,credito,ninguno,centro,1
76,60,45.49,2884.08,47.71,1,1,0,2,3,anual,efectivo,cable,centro,0
71,54,41.02,2138.0,135.89,1,0,1,0,0,anual,credito,cable,centro,0
23,56,79.32,4391.08,79.34,4,0,0,0,2,bianual,efectivo,fibra,oeste,1
73,18,70.22,1209.78,165.47,4,1,1,1,1,mensual,efectivo,movil,norte,1
78,61,66.43,3998.16,213.03,2,1,0,2,3,mensual,debito,cable,centro,0
73,60,18.33,1263.65,5.0,2,1,0,0,0,mensual,credito,ninguno,centro,1
73,34,102.0,3485.93,87.2,4,0,0,1,1,mensual,transferencia,fibra,centro,1
65,40,48.9,1844.87,133.19,1,1,0,1,1,mensual,transferencia,fibra,sur,1
34,3,101.93,212.41,119.81,3,0,0,3,1,anual,transferencia,fibra,sur,0
58,55,38.91,1899.23,166.98,4,0,1,1,2,anual,debito,fibra,sur,1
32,70,50.38,3439.48,123.95,4,0,1,1,1,mensual,efectivo,ninguno,sur,0
53,35,25.35,741.7,93.51,3,0,1,0,1,mensual,debito,fibra,centro,0
18,39,71.52,2649.14,68.98,1,1,1,1,2,bianual,credito,movil,sur,0
78,36,45.18,1580.89,60.57,4,0,0,3,4,anual,efectivo,movil,oeste,0
18,6,45.69,149.12,82.86,1,0,1,1,3,anual,credito,fibra,oeste,1
37,45,40.29,1798.5,91.75,2,1,0,3,0,mensual,credito,cable,sur,0
24,52,78.99,4155.2,139.19,1,0,0,2,0,mensual,transferencia,movil,oeste,0
62,67,77.81,5253.18,112.16,1,1,0,2,1,anual,efectivo,cable,centro,0
56,67,97.62,6570.2,87.46,1,1,0,2,2,mensual,credito,fibra,norte,0
21,36,52.66,1595.15,69.53,2,0,1,3,0,mensual,credito,movil,oeste,0
53,70,68.94,4769.06,84.87,1,0,0,3,1,mensual,debito,cable,sur,1
23,39,41.79,1783.27,91.8,1,1,0,0,2,anual,debito,ninguno,norte,0
58,47,58.97,3027.9,82.59,1,1,0,0,1,anual,debito,cable,norte,1
53,44,55.66,2546.09,153.66,3,1,0,2,1,mensual,credito,fibra,centro,1
21,72,73.36,5288.97,188.4,3,1,1,1,2,mensual,credito,fibra,norte,0
70,54,83.31,4398.82,61.2,1,1,0,4,1,mensual,debito,movil,centro,0
22,9,82.84,895.59,175.96,4,1,0,0,1,anual,debito,ninguno,oeste,0
73,6,49.83,280.47,154.66,1,1,1,1,0,bianual,debito,fibra,oeste,0
60,30,82.97,2459.31,128.99,1,1,1,2,2,mensual,efectivo,fibra,oeste,0
19,38,64.21,2577.84,196.33,2,0,1,1,0,mensual,debito,fibra,norte,0
39,49,59.16,2528.92,111.49,4,1,0,1,3,bianual,credito,fibra,centro,0
35,35,52.25,1820.29,140.09,2,1,1,2,0,bianual,transferencia,fibra,oeste,0
73,38,54.92,1910.01,126.19,4,1,0,1,1,anual,transferencia,fibra,sur,1
70,67,96.36,6522.48,122.47,2,1,1,1,1,mensual,transferencia,fibra,oeste,0
40,25,70.53,1957.39,142.95,3,1,1,1,1,mensual,debito,cable,centro,1
51,36,68.14,2512.29,122.32,2,1,0,2,0,bianual,debito,ninguno,oeste,0
30,41,60.28,2707.9,143.31,3,0,1,1,1,mensual,debito,fibra,sur,0
28,34,109.03,3732.07,86.51,2,1,0,0,0,mensual,transferencia,cable,norte,1
33,70,88.49,6367.52,88.07,1,1,0,2,1,anual,debito,fibra,oeste,1
45,70,52.02,3450.58,86.28,2,1,1,2,2,anual,debito,cable,sur,1
18,37,60.07,2247.82,101.76,2,1,0,4,0,mensual,debito,ninguno,oeste,1
66,33,61.14,1858.73,170.66,3,0,1,3,1,bianual,credito,fibra,norte,0
64,43,67.63,2954.08,96.89,2,0,1,1,0,mensual,debito,movil,sur,0
65,14,52.38,694.94,152.62,3,0,0,2,1,mensual,credito,fibra,centro,0
62,31,72.9,2236.18,133.27,1,0,0,3,0,mensual,debito,fibra,oeste,1
70,16,91.14,1432.6,97.93,3,1,0,1,0,mensual,credito,fibra,centro,1
25,11,41.35,580.77,185.46,3,1,0,1,1,anual,debito,fibra,centro,0
19,7,44.69,336.0,156.81,1,0,1,1,0,mensual,credito,fibra,sur,1
43,43,56.3,2443.46,120.09,1,1,1,1,1,mensual,credito,cable,norte,0
36,1,57.14,59.13,115.94,1,1,0,1,2,mensual,credito,fibra,centro,1
66,47,100.97,4831.76,124.69,1,0,0,1,0,mensual,debito,movil,centro,0
36,32,83.03,2630.62,43.52,4,1,1,0,0,bianual,credito,fibra,oeste,1
45,27,82.0,2081.4,78.75,1,1,1,0,0,mensual,credito,fibra,norte,0
33,56,60.24,3488.72,143.13,1,0,1,2,0,bianual,credito,cable,norte,1
68,39,59.85,2281.31,40.85,1,1,1,1,0,mensual,debito,cable,centro,0
44,53,38.87,2093.65,82.62,4,1,0,4,0,mensual,efectivo,movil,centro,1
58,52,79.07,4203.22,100.37,3,1,1,1,1,mensual,credito,movil,centro,0
43,3,73.84,93.15,265.18,1,0,1,0,0,bianual,credito,cable,norte,1
61,16,88.15,1312.36,153.69,1,1,1,2,0,mensual,debito,ninguno,oeste,1
42,42,61.21,2399.11,174.87,3,0,0,3,0,mensual,transferencia,fibra,sur,0
73,71,62.45,4392.12,79.74,4,1,0,1,2,mensual,debito,ninguno,centro,0
44,12,68.06,943.67,138.1,3,0,0,2,1,anual,transferencia,fibra,norte,0
38,8,81.05,645.43,31.99,3,0,1,2,1,mensual,debito,fibra,norte,0
37,68,38.54,2790.31,103.47,2,1,1,0,1,mensual,debito,fibra,sur,0
66,70,78.25,5516.62,145.27,4,1,0,2,0,mensual,transferencia,cable,sur,1
77,13,64.63,771.83,49.12,2,0,0,1,1,bianual,credito,cable,sur,1
51,29,45.94,1250.48,139.66,4,0,0,2,1,bianual,debito,fibra,norte,0
52,46,27.48,1453.95,143.8,4,1,1,2,0,bianual,transferencia,fibra,centro,0
75,15,62.54,1031.84,89.87,4,1,1,0,1,mensual,efectivo,cable,centro,1
46,24,91.06,2163.8,78.26,3,1,0,1,1,mensual,credito,cable,sur,1
69,29,95.14,2775.31,84.24,2,0,0,2,0,mensual,credito,ninguno,sur,1
32,47,71.4,3302.44,102.65,3,1,0,0,0,bianual,credito,ninguno,centro,1
25,23,100.32,2004.36,104.16,2,1,1,0,2,anual,credito,cable,norte,0
33,30,64.23,1937.34,145.48,4,0,1,0,0,anual,transferencia,cable,norte,1
24,21,82.16,1576.0,93.28,4,0,0,2,0,mensual,credito,cable,sur,0
64,55,56.88,3085.02,200.11,1,1,1,2,2,mensual,debito,movil,norte,0
26,12,55.74,517.65,199.74,4,0,1,1,2,mensual,debito,movil,centro,0
43,17,52.8,875.27,131.81,3,1,0,2,1,mensual,credito,cable,centro,1
63,18,27.91,382.86,102.77,3,0,0,3,0,mensual,credito,fibra,norte,1
37,66,88.17,5827.42,93.34,4,0,1,0,2,mensual,credito,movil,sur,1
71,69,53.45,3771.39,135.84,1,0,1,1,0,mensual,debito,cable,norte,0
29,37,50.57,1908.64,144.59,4,1,1,4,0,mensual,credito,fibra,oeste,0
62,12,43.76,348.35,109.95,1,0,1,4,0,bianual,transferencia,cable,sur,1
78,55,61.32,3172.81,100.34,1,0,0,3,1,bianual,debito,fibra,sur,1
37,36,96.74,3328.76,137.64,3,0,0,0,0,anual,efectivo,fibra,centro,1
40,62,102.69,6489.85,123.45,4,0,0,6,1,anual,credito,cable,norte,1
62,26,35.1,1175.25,91.39,4,0,0,1,0,mensual,transferencia,cable,norte,0
29,72,58.62,4139.96,125.65,1,1,1,1,1,mensual,debito,ninguno,centro,0
56,59,46.38,2613.59,89.74,4,1,1,1,0,mensual,credito,ninguno,centro,0
62,17,82.79,1573.85,82.42,3,0,1,1,0,mensual,efectivo,fibra,sur,0
76,53,70.16,3668.25,119.75,2,1,0,1,0,anual,credito,fibra,norte,0
73,21,53.54,1114.85,91.27,3,1,1,2,2,mensual,debito,fibra,centro,1
32,26,66.31,1743.58,83.35,2,1,1,1,0,bianual,efectivo,ninguno,norte,1
64,19,56.41,989.68,172.29,2,1,0,1,0,anual,credito,fibra,centro,0
66,50,94.06,4609.95,100.39,1,0,1,0,2,mensual,transferencia,fibra,norte,0
40,19,74.85,1412.83,212.17,2,1,1,1,0,anual,debito,cable,sur,1
72,46,77.06,3495.43,151.33,3,0,1,1,2,anual,transferencia,fibra,norte,1
62,42,17.0,500.31,78.96,1,1,1,2,0,anual,efectivo,cable,norte,0
43,55,63.8,3401.17,177.99,4,1,1,2,0,mensual,credito,movil,centro,0
37,72,102.5,7363.39,84.17,2,1,1,2,1,mensual,debito,cable,centro,0
25,1,88.87,50.0,218.67,4,0,1,3,0,mensual,credito,fibra,norte,0
47,72,31.75,2345.61,131.31,1,1,1,2,1,anual,debito,fibra,norte,0
23,8,59.36,381.43,147.13,2,1,0,3,0,mensual,credito,fibra,centro,0
24,38,43.37,1865.56,121.55,2,1,0,2,0,bianual,credito,fibra,sur,0
59,25,95.8,2401.27,133.29,3,1,1,0,0,mensual,debito,fibra,centro,0
35,47,69.4,3270.75,108.54,3,1,0,0,0,bianual,efectivo,fibra,sur,0
52,52,51.18,2599.64,73.71,1,0,1,4,1,mensual,transferencia,cable,centro,1
49,62,65.61,4035.93,136.98,3,1,0,5,3,anual,credito,fibra,sur,0
52,29,18.07,297.25,171.24,3,0,1,0,0,mensual,credito,cable,sur,0
22,68,45.47,3092.01,60.47,3,1,0,2,3,anual,transferencia,fibra,centro,0
52,24,65.66,1812.02,197.02,3,0,1,2,0,bianual,credito,cable,norte,0
62,15,80.22,1310.88,150.06,3,1,1,4,0,mensual,efectivo,cable,norte,0
66,28,30.06,645.9,98.15,3,0,0,3,0,mensual,debito,fibra,sur,0
43,39,58.14,2302.28,97.26,1,0,0,2,2,bianual,debito,cable,sur,0
45,49,83.17,4128.82,213.21,3,1,0,2,1,bianual,credito,cable,centro,0
50,60,38.87,2514.42,166.94,4,1,0,1,0,anual,debito,cable,norte,0
57,17,69.13,1080.6,177.0,2,1,0,3,0,mensual,credito,movil,norte,1
46,22,66.19,1730.42,107.45,2,1,0,0,2,mensual,credito,movil,norte,1
57,68,95.86,6531.99,147.78,3,0,1,1,1,mensual,debito,movil,centro,0
61,32,60.86,1848.06,137.47,1,0,0,2,2,anual,debito,movil,oeste,1
62,18,61.91,918.63,111.27,2,1,0,2,1,mensual,debito,movil,oeste,1
56,71,80.39,5693.42,125.46,1,1,0,0,1,mensual,debito,movil,oeste,0
76,33,41.13,1382.08,175.5,2,1,1,1,0,bianual,debito,cable,oeste,1
61,71,61.02,4195.35,199.98,4,0,0,4,1,anual,debito,movil,oeste,1
76,67,56.8,3880.49,107.43,4,1,0,2,0,anual,efectivo,fibra,sur,0
32,66,62.5,4188.15,54.35,2,0,0,2,1,bianual,debito,ninguno,centro,0
57,42,80.27,3372.37,202.18,4,1,0,2,1,mensual,debito,fibra,norte,0
56,58,74.97,4245.21,202.81,2,1,1,2,0,mensual,efectivo,fibra,oeste,0
40,70,51.52,3608.72,140.02,2,1,1,3,1,bianual,transferencia,fibra,norte,0
49,20,67.46,1570.23,209.63,4,1,1,0,0,bianual,debito,movil,centro,0
42,3,91.83,164.49,136.38,3,1,1,1,0,mensual,transferencia,fibra,sur,0
22,24,50.04,990.06,74.55,3,1,0,1,1,mensual,transferencia,movil,centro,0
41,46,67.61,3065.44,54.39,2,0,0,3,0,mensual,transferencia,cable,centro,0
21,40,61.52,2363.59,53.92,3,0,1,2,1,mensual,credito,fibra,centro,0
71,6,63.87,160.78,120.23,4,1,1,1,0,mensual,credito,movil,oeste,1
53,41,35.65,1510.53,96.69,1,1,1,0,0,mensual,efectivo,fibra,sur,0
54,13,90.39,1016.77,91.06,4,1,1,1,0,anual,credito,cable,centro,1
53,37,51.06,1718.47,114.65,2,1,1,3,0,mensual,transferencia,movil,oeste,1
40,42,83.47,3604.15,162.9,2,1,0,1,1,bianual,debito,fibra,centro,0
65,46,53.82,2643.85,92.65,2,1,1,1,0,anual,transferencia,fibra,centro,0
42,30,53.74,1922.65,84.23,4,1,0,0,0,mensual,efectivo,fibra,sur,1
64,30,86.84,2418.31,95.95,1,1,0,1,1,anual,debito,cable,centro,0
47,49,82.89,4108.78,166.05,2,1,1,1,0,anual,debito,movil,sur,0
45,54,68.76,3544.82,116.5,4,0,1,3,1,anual,transferencia,fibra,sur,1
34,59,78.7,4651.88,134.0,2,1,0,0,0,bianual,transferencia,fibra,norte,1
44,25,59.81,1476.46,197.65,1,0,1,3,0,anual,transferencia,movil,sur,0
32,31,64.85,1753.31,262.16,4,0,1,1,0,anual,efectivo,cable,sur,0
41,24,53.09,1337.53,152.02,1,1,0,1,1,anual,debito,fibra,oeste,1
39,38,81.27,3088.08,147.07,4,0,1,1,0,mensual,transferencia,fibra,centro,0
75,10,52.52,597.75,60.77,2,1,0,4,1,anual,credito,fibra,oeste,1
41,31,91.73,2692.4,138.43,3,1,0,3,1,anual,debito,fibra,centro,0
60,14,59.31,1084.1,123.1,3,0,0,1,0,bianual,debito,cable,oeste,1
38,39,65.37,2581.1,164.61,2,0,1,1,1,mensual,credito,cable,norte,1
39,62,78.66,4916.97,100.41,2,1,0,3,2,mensual,credito,movil,centro,1
40,71,65.43,4811.22,130.04,1,1,1,1,0,mensual,credito,cable,norte,1
60,33,59.64,1966.46,150.26,1,0,1,2,2,mensual,credito,fibra,norte,0
30,5,64.46,214.93,214.93,1,0,0,0,0,mensual,transferencia,fibra,norte,0
50,17,81.09,1509.32,198.19,1,1,1,1,1,anual,debito,movil,centro,1
48,8,53.07,406.45,183.3,2,1,0,2,1,bianual,debito,cable,centro,0
53,55,62.73,3566.07,156.36,4,1,1,2,0,mensual,credito,movil,sur,0
23,71,65.19,4614.47,98.43,2,0,1,0,2,bianual,credito,fibra,oeste,0
73,40,80.56,3482.95,156.33,3,1,1,2,0,anual,transferencia,fibra,oeste,0
34,13,63.2,814.89,81.39,2,1,1,3,1,mensual,credito,movil,centro,0
54,2,97.55,118.42,109.69,3,0,1,0,1,mensual,transferencia,fibra,centro,0
37,71,62.18,4453.74,208.92,3,1,0,2,1,bianual,efectivo,fibra,centro,0
73,23,60.72,1338.19,146.9,3,0,0,1,0,anual,credito,cable,sur,1
77,9,61.92,451.27,131.35,3,1,1,2,1,mensual,credito,movil,centro,0
50,13,41.3,696.66,137.79,4,1,1,1,0,anual,efectivo,cable,norte,0
72,19,46.34,725.57,115.31,3,0,0,3,0,mensual,debito,cable,oeste,0
64,48,55.45,2783.38,12.21,2,1,0,3,0,anual,transferencia,fibra,centro,0
76,65,85.44,5743.97,56.78,1,1,1,1,0,mensual,credito,movil,sur,0
50,20,64.4,1245.07,150.86,4,1,1,4,0,mensual,credito,movil,norte,0
56,50,56.28,2844.33,73.97,1,0,1,0,0,mensual,transferencia,cable,sur,0
52,5,87.08,333.26,114.62,1,1,0,0,0,mensual,debito,fibra,norte,1
61,1,92.92,228.08,58.63,2,1,0,0,0,mensual,debito,cable,centro,1
44,4,87.6,193.34,84.07,4,0,1,1,1,anual,debito,movil,centro,0
43,67,49.64,3443.16,119.79,2,1,0,2,1,anual,transferencia,fibra,centro,0
58,42,56.09,2354.14,166.19,3,0,1,1,0,anual,debito,fibra,centro,0
72,58,97.65,5559.36,176.22,2,1,1,1,0,bianual,transferencia,movil,oeste,0
22,2,69.34,52.31,83.27,4,1,1,3,0,anual,debito,movil,norte,0
75,2,60.18,176.39,135.34,4,1,0,0,1,mensual,credito,ninguno,centro,0
59,62,77.93,4685.9,48.73,2,1,1,2,0,mensual,credito,cable,centro,1
19,8,83.13,728.08,122.82,2,1,1,0,0,anual,debito,fibra,oeste,0
49,12,54.71,674.13,167.67,2,0,0,2,1,anual,credito,fibra,sur,0
74,38,68.95,2569.74,116.65,3,1,0,2,1,bianual,debito,cable,sur,0
62,44,81.68,3649.54,185.78,3,1,0,2,0,mensual,debito,movil,norte,0
52,17,44.11,650.94,161.85,2,1,0,1,0,mensual,credito,fibra,oeste,0
18,33,65.22,2115.95,132.07,2,1,0,5,0,anual,credito,fibra,sur,0
45,49,44.94,2152.53,107.51,3,1,0,2,2,bianual,debito,movil,norte,0
35,32,47.3,1358.15,93.28,3,1,1,2,1,mensual,credito,fibra,oeste,0
68,28,54.86,1492.81,47.1,3,1,1,2,0,mensual,credito,fibra,oeste,0
52,6,73.59,250.31,55.24,1,0,1,4,2,bianual,efectivo,ninguno,centro,1
34,33,59.2,1883.5,169.75,4,1,1,3,1,mensual,credito,cable,sur,0
46,58,53.33,2882.48,195.68,4,1,0,1,2,anual,efectivo,movil,centro,0
59,46,65.93,2906.94,65.95,4,1,1,0,1,bianual,credito,ninguno,norte,0
24,65,44.35,2768.87,123.41,1,1,0,2,2,mensual,transferencia,movil,norte,0
47,10,72.72,773.93,41.28,3,1,0,0,2,mensual,debito,cable,centro,1
21,1,85.36,50.0,71.16,3,0,1,3,1,bianual,credito,cable,oeste,0
28,40,63.57,2389.53,132.99,2,1,1,0,0,mensual,credito,cable,norte,0
42,13,61.35,748.39,94.07,4,1,0,0,0,mensual,transferencia,movil,centro,0
54,43,71.72,3308.62,24.19,1,1,1,1,2,mensual,transferencia,fibra,sur,0
43,66,28.49,1677.92,205.94,3,0,0,2,0,anual,transferencia,cable,norte,0
74,25,74.66,1947.3,117.54,3,1,1,3,1,mensual,debito,movil,sur,0
41,40,120.83,4872.6,64.78,2,1,0,0,0,anual,credito,fibra,norte,0
56,50,62.79,3387.38,126.4,4,1,1,2,3,mensual,transferencia,cable,norte,1
75,11,62.86,723.97,115.96,3,1,0,4,0,mensual,debito,fibra,sur,0
57,65,78.38,5097.33,141.09,1,1,0,3,0,mensual,debito,fibra,norte,1
30,15,94.62,1421.31,103.01,2,0,1,3,1,mensual,transferencia,fibra,sur,0
18,59,82.55,4863.58,135.71,4,1,1,0,1,bianual,debito,cable,norte,1
61,48,26.2,1339.37,167.18,1,1,1,2,0,mensual,debito,fibra,norte,0
30,11,75.14,759.85,54.09,1,0,1,6,2,bianual,efectivo,cable,centro,1
29,53,111.29,6260.36,85.34,4,0,0,5,0,mensual,efectivo,fibra,centro,1
68,15,76.2,1243.71,161.96,1,1,1,0,0,mensual,credito,fibra,sur,0
20,44,44.22,1920.4,92.43,4,1,0,2,0,mensual,efectivo,fibra,oeste,1
37,70,70.07,4872.62,115.92,3,1,0,0,1,anual,transferencia,movil,sur,0
55,69,41.95,2890.25,96.48,3,1,1,1,0,anual,credito,fibra,centro,1
73,63,87.19,5485.3,99.6,3,1,1,1,2,anual,transferencia,cable,sur,1
69,36,47.79,1795.37,95.35,4,1,0,0,1,mensual,efectivo,movil,sur,0
58,41,66.34,2753.55,57.07,4,1,1,3,0,bianual,transferencia,movil,sur,0
38,22,49.56,1263.98,142.96,4,1,1,0,1,anual,debito,cable,norte,1
32,67,55.16,3578.73,173.12,3,1,0,5,3,bianual,debito,movil,centro,0
51,35,91.75,3205.47,111.18,2,1,1,1,0,mensual,credito,cable,norte,1
55,56,66.86,3625.86,167.47,2,0,1,0,3,mensual,debito,cable,oeste,0
56,26,54.93,1369.87,95.45,2,0,0,3,1,anual,debito,fibra,sur,0
78,54,44.39,2333.98,92.49,4,0,1,0,0,mensual,credito,ninguno,centro,1
58,17,31.31,625.0,140.53,2,0,1,3,1,anual,debito,movil,sur,0
28,53,42.48,2173.81,141.37,1,1,1,3,1,mensual,debito,cable,oeste,1
54,4,67.02,435.07,114.36,1,0,0,4,2,anual,transferencia,cable,norte,0
67,8,82.64,834.86,153.83,3,0,0,2,2,mensual,debito,cable,sur,1
72,26,54.91,1512.99,55.65,1,0,0,3,2,mensual,credito,fibra,centro,0
40,35,93.27,3127.04,104.8,3,1,0,0,0,mensual,credito,fibra,sur,1
29,52,52.08,2880.14,168.24,1,1,0,3,1,bianual,efectivo,fibra,centro,0
41,26,60.72,1526.77,168.11,3,1,1,0,1,mensual,debito,movil,norte,1
63,2,45.57,50.78,161.8,3,1,1,2,0,anual,debito,cable,oeste,1
29,24,82.83,2049.61,171.04,3,1,1,1,1,mensual,credito,fibra,oeste,0
75,32,102.76,3185.02,101.37,3,1,1,0,1,mensual,credito,fibra,norte,1
68,40,33.29,1481.02,34.74,2,1,0,2,1,mensual,transferencia,movil,centro,0
39,47,58.77,2857.67,107.06,1,1,1,3,2,mensual,debito,movil,norte,0
45,18,87.77,1936.2,151.8,3,1,1,0,0,mensual,debito,movil,oeste,0
65,44,38.95,1749.66,159.97,1,1,0,1,2,mensual,debito,fibra,norte,0
55,46,75.2,3443.17,93.69,4,1,0,4,0,anual,transferencia,cable,sur,1
55,56,86.99,5112.01,71.6,3,1,1,3,2,bianual,debito,cable,oeste,0
28,38,66.41,2299.73,76.57,4,1,1,0,1,anual,debito,fibra,norte,0
34,59,74.9,4446.44,92.82,3,0,1,2,2,mensual,credito,fibra,oeste,1
29,16,96.7,1530.85,25.14,4,1,0,3,0,mensual,debito,cable,centro,0
42,52,100.07,5351.35,93.64,4,1,1,2,0,mensual,debito,cable,centro,1
54,4,63.88,628.37,122.39,4,1,1,1,0,mensual,debito,fibra,norte,0
71,8,55.42,362.37,115.11,1,0,1,6,2,anual,transferencia,fibra,centro,0
77,63,48.44,3190.48,103.49,4,1,0,2,0,mensual,credito,fibra,centro,1
47,35,82.59,3057.73,85.54,3,1,1,2,0,mensual,credito,cable,sur,1
43,45,40.31,1971.71,91.36,4,1,0,1,1,anual,credito,cable,sur,0
35,44,60.45,2689.12,92.24,1,1,0,1,0,mensual,efectivo,movil,centro,0
70,51,66.85,3495.22,155.27,2,0,1,1,2,mensual,debito,fibra,sur,0
78,18,55.95,892.89,119.95,4,1,0,2,0,bianual,debito,cable,centro,1
42,13,70.04,1123.52,278.34,2,0,0,1,0,mensual,transferencia,fibra,sur,0
36,4,111.16,315.15,103.38,4,1,0,1,3,anual,credito,cable,oeste,0
78,63,62.81,3840.56,141.89,1,1,1,1,0,mensual,efectivo,movil,centro,1
20,17,57.16,937.77,104.5,2,1,0,3,1,bianual,transferencia,cable,norte,0
46,42,83.28,3429.35,103.28,2,1,1,3,0,anual,transferencia,movil,oeste,0
30,33,69.31,2339.39,198.12,1,1,1,0,1,mensual,credito,fibra,oeste,0
54,12,90.91,1053.03,169.88,2,1,1,1,0,bianual,debito,movil,oeste,0
76,30,67.96,1934.51,32.27,1,1,0,2,0,mensual,efectivo,movil,sur,0
22,6,60.53,228.7,68.87,1,0,1,1,0,bianual,credito,fibra,sur,0
36,13,32.89,570.14,113.19,1,1,1,1,2,anual,debito,cable,norte,0
20,11,35.84,457.59,94.14,2,1,1,1,0,mensual,debito,cable,oeste,0
70,60,31.96,1761.46,44.58,3,1,1,2,1,mensual,credito,ninguno,centro,0
25,41,71.83,3021.63,125.79,2,0,1,1,1,mensual,debito,fibra,sur,0
71,67,40.48,2673.75,26.09,1,0,0,0,1,anual,debito,cable,norte,1
38,32,87.6,2613.85,126.34,4,0,0,2,1,anual,debito,cable,oeste,0
19,15,65.54,834.23,156.5,1,1,1,2,0,mensual,efectivo,fibra,sur,0
48,44,60.6,2788.35,163.64,3,1,0,2,0,anual,credito,movil,centro,1
62,67,49.81,3499.36,112.78,2,1,1,1,2,bianual,debito,movil,norte,0
31,39,76.2,3056.24,195.54,1,1,0,2,0,mensual,debito,cable,norte,0
51,2,50.52,50.0,136.58,4,0,0,4,1,anual,transferencia,ninguno,sur,0
41,22,47.26,1101.47,162.29,1,1,0,0,2,mensual,transferencia,movil,sur,0
56,67,86.39,5847.17,83.19,1,0,1,1,1,bianual,debito,movil,norte,0
29,38,71.38,2412.39,196.08,1,0,0,2,0,bianual,efectivo,fibra,sur,0
44,69,60.77,4263.07,119.85,1,0,1,5,1,bianual,debito,movil,norte,1
73,37,76.55,2855.47,198.84,2,1,1,1,0,anual,debito,fibra,oeste,1
25,1,65.16,346.55,187.91,1,1,1,8,1,mensual,debito,cable,centro,0
33,63,71.89,4767.74,132.88,1,0,0,0,1,mensual,efectivo,ninguno,norte,0
26,55,50.3,2757.09,140.28,1,1,0,0,1,mensual,transferencia,fibra,norte,0
43,52,102.27,5371.47,111.0,1,1,0,3,1,mensual,credito,fibra,sur,0
19,70,54.57,3834.79,79.04,1,1,0,1,1,mensual,credito,movil,sur,0
19,15,93.01,1339.09,149.76,2,0,1,2,0,mensual,debito,fibra,centro,1
33,66,61.6,3902.02,147.2,4,0,0,2,0,anual,debito,fibra,centro,0
63,17,79.53,1271.78,39.07,1,1,0,2,1,anual,debito,fibra,centro,0
57,70,78.22,5420.86,115.86,4,1,1,1,0,mensual,transferencia,movil,sur,1
53,14,85.64,1342.34,163.4,3,1,1,1,0,anual,transferencia,cable,norte,0
35,40,49.87,2020.37,193.29,1,1,1,0,5,mensual,credito,fibra,norte,1
74,57,84.36,4740.71,156.27,1,1,1,0,0,mensual,efectivo,movil,norte,0
41,6,98.24,501.08,44.14,1,1,1,1,0,mensual,debito,movil,sur,1
54,5,60.34,354.57,67.28,4,1,1,2,0,mensual,debito,cable,norte,0
53,62,65.62,4030.83,102.7,1,1,0,0,2,mensual,credito,fibra,sur,0
73,5,55.58,151.52,189.94,3,1,0,0,2,mensual,efectivo,movil,norte,0
56,45,58.76,2532.64,89.65,1,0,1,3,0,mensual,debito,fibra,oeste,0
45,68,95.81,6726.64,172.93,2,1,0,0,2,mensual,debito,ninguno,norte,0
70,45,46.92,2096.19,88.84,4,0,1,0,0,mensual,debito,fibra,centro,1
57,35,48.04,1813.55,146.63,4,1,0,1,2,anual,efectivo,movil,oeste,1
39,31,94.0,2702.18,73.0,3,1,1,2,1,mensual,debito,movil,oeste,0
20,46,76.24,3648.96,110.31,2,1,1,1,2,mensual,transferencia,fibra,oeste,0
62,42,103.17,4426.55,63.42,2,1,0,1,2,mensual,transferencia,fibra,centro,0
66,37,56.89,2211.87,192.15,2,1,0,2,1,mensual,transferencia,fibra,norte,0
39,12,67.27,615.45,85.26,1,0,0,3,0,mensual,debito,fibra,sur,1
54,48,53.11,2553.12,42.64,3,0,1,1,1,mensual,debito,cable,sur,0
61,54,67.58,3551.12,38.68,1,0,1,1,1,anual,debito,fibra,centro,1
65,52,33.07,1579.14,115.73,4,0,1,3,0,anual,transferencia,fibra,sur,0
74,6,77.33,238.33,97.1,1,1,0,3,0,bianual,transferencia,fibra,norte,1
54,51,70.82,3482.6,152.44,3,1,1,0,1,bianual,debito,fibra,norte,1
38,53,63.96,3251.88,108.24,3,0,1,1,1,mensual,credito,movil,sur,1
45,14,57.97,905.86,178.3,3,1,0,2,0,mensual,debito,fibra,oeste,1
48,62,48.89,2958.35,100.73,3,0,1,4,0,mensual,credito,fibra,centro,0
29,38,78.1,2949.17,171.32,2,1,1,1,0,anual,credito,fibra,sur,0
33,35,43.92,1681.34,72.37,1,1,1,1,2,anual,efectivo,fibra,oeste,0
30,53,74.21,3941.7,44.83,3,1,0,2,0,mensual,credito,fibra,centro,0
49,37,102.34,3700.66,78.83,1,0,0,1,1,bianual,debito,fibra,oeste,1
44,40,91.74,3694.09,63.56,1,0,0,4,0,mensual,credito,fibra,oeste,1
49,23,37.91,777.89,57.97,4,0,0,2,0,bianual,efectivo,fibra,centro,1
22,67,55.34,3497.08,140.68,1,1,1,1,1,bianual,credito,cable,oeste,1
67,70,72.59,5126.15,106.78,3,1,0,1,1,mensual,transferencia,cable,sur,0
71,10,63.73,715.03,127.09,2,1,0,1,0,mensual,credito,movil,centro,1
65,53,39.81,2086.65,146.38,1,0,0,1,1,mensual,credito,cable,norte,0
60,2,71.94,128.21,35.72,4,1,0,1,0,mensual,credito,fibra,oeste,0
43,27,64.82,1699.32,148.5,3,1,0,1,0,bianual,transferencia,fibra,centro,0
25,70,99.46,7147.85,59.74,2,0,0,1,1,bianual,credito,cable,sur,1
28,13,60.44,821.71,91.16,4,1,1,2,1,mensual,credito,cable,centro,1
37,28,86.02,2393.25,25.39,2,0,0,2,0,mensual,transferencia,fibra,norte,0
33,16,42.19,791.28,152.73,2,0,0,1,0,anual,debito,movil,centro,1
37,53,46.5,2591.54,35.55,1,1,1,2,0,mensual,debito,fibra,centro,0
48,34,77.99,2704.92,59.99,4,1,0,4,0,anual,debito,fibra,sur,0
44,43,84.51,3749.96,63.62,4,0,0,2,1,mensual,credito,movil,centro,0
77,68,47.77,3315.11,113.56,4,0,1,1,1,mensual,transferencia,ninguno,centro,0
24,38,65.43,2492.27,112.04,1,0,0,1,1,mensual,credito,movil,oeste,0
59,53,40.13,2246.07,160.59,2,1,1,3,1,mensual,credito,ninguno,oeste,1
31,8,61.74,381.8,114.77,4,0,1,1,1,mensual,debito,fibra,norte,0
34,16,80.06,1166.39,168.29,4,1,1,1,2,mensual,efectivo,fibra,sur,0
45,69,57.17,4004.25,138.97,1,0,1,1,0,mensual,debito,fibra,norte,0
78,62,60.52,3670.82,72.73,2,0,1,0,1,anual,debito,cable,sur,1
76,48,44.66,2242.28,86.64,3,1,0,1,0,mensual,transferencia,movil,norte,1
68,28,53.33,1523.32,195.53,1,1,0,2,0,bianual,efectivo,fibra,centro,1
21,15,96.65,1698.2,181.37,2,1,1,4,0,mensual,debito,fibra,oeste,1
45,62,66.31,3992.67,161.2,4,1,1,2,1,anual,credito,movil,centro,0
67,57,46.96,2788.55,167.77,4,1,1,1,1,mensual,transferencia,fibra,centro,0
59,18,59.33,1008.51,143.26,1,1,0,0,2,bianual,debito,fibra,sur,1
40,43,36.25,1593.91,136.76,3,1,0,3,1,mensual,efectivo,ninguno,sur,1
25,45,46.75,2191.15,122.49,1,1,1,1,0,mensual,debito,fibra,norte,1
47,35,89.49,3179.65,204.94,3,1,1,3,3,bianual,credito,movil,norte,0
77,67,62.44,4244.32,96.77,3,1,0,1,0,mensual,debito,fibra,centro,0
35,9,99.03,941.83,132.02,3,1,0,2,0,anual,debito,fibra,oeste,0
27,19,63.28,1173.63,34.59,3,1,1,2,0,anual,debito,fibra,oeste,0
67,7,64.35,553.38,48.46,2,1,1,1,0,mensual,debito,fibra,oeste,0
70,50,76.54,3936.3,210.76,1,1,0,3,1,mensual,efectivo,fibra,norte,1
66,47,16.89,753.98,150.84,4,1,1,0,0,anual,credito,cable,sur,1
47,72,68.69,4851.89,109.37,4,0,0,0,0,bianual,debito,cable,norte,0
46,40,64.12,2597.93,123.92,2,1,0,1,0,mensual,credito,fibra,norte,1
63,11,91.75,1034.69,52.09,1,0,1,0,1,bianual,debito,fibra,norte,1
22,33,82.36,2525.65,98.59,3,0,0,2,0,anual,credito,cable,centro,0
38,7,44.59,339.82,47.09,1,0,0,1,0,anual,credito,fibra,centro,1
23,49,87.36,4184.51,105.23,4,1,1,3,0,anual,credito,fibra,oeste,0
49,49,60.28,2723.84,154.02,3,0,1,2,0,mensual,transferencia,ninguno,norte,0
74,62,48.72,3067.92,142.67,4,1,0,2,1,mensual,credito,ninguno,centro,0
54,25,68.55,1568.8,199.46,4,1,1,2,0,bianual,transferencia,fibra,centro,1
20,23,61.35,1565.86,134.74,4,1,0,2,0,anual,credito,fibra,centro,0
43,6,92.69,650.41,5.0,2,0,1,0,0,mensual,debito,cable,centro,1
53,30,71.13,2163.55,217.53,4,1,1,2,2,anual,debito,fibra,norte,0
46,35,68.7,2571.53,77.97,2,1,1,2,1,mensual,debito,movil,sur,0
45,55,81.21,4582.33,128.11,2,0,0,2,0,mensual,efectivo,fibra,norte,1
77,55,84.67,4549.7,125.09,4,1,0,1,0,mensual,transferencia,fibra,sur,0
30,11,79.1,991.69,132.04,2,1,0,3,2,mensual,efectivo,cable,norte,1
45,21,90.55,1819.46,122.4,2,1,1,2,1,mensual,transferencia,fibra,centro,1
40,37,75.96,2920.87,123.28,3,1,1,2,0,mensual,efectivo,fibra,oeste,0
27,25,68.02,1650.14,53.92,3,1,1,0,0,anual,credito,cable,norte,0
78,2,87.31,50.0,249.35,3,0,1,1,0,bianual,credito,ninguno,sur,0
47,61,63.36,3916.16,152.57,3,1,0,1,0,mensual,credito,fibra,sur,0
48,53,65.6,3419.0,122.59,2,1,0,0,1,mensual,transferencia,cable,norte,0
73,38,95.99,3777.26,212.09,4,1,0,4,0,bianual,efectivo,fibra,sur,1
34,23,94.19,2323.15,66.4,4,0,0,0,0,mensual,transferencia,movil,centro,1
33,61,64.85,3748.54,163.42,4,0,1,1,0,mensual,transferencia,fibra,sur,0
71,3,56.84,170.47,92.24,2,1,1,2,0,mensual,efectivo,fibra,sur,0
36,33,91.34,3092.27,140.12,1,0,1,1,0,bianual,debito,fibra,oeste,1
44,58,79.41,4620.81,141.22,1,0,0,2,0,mensual,credito,movil,centro,0
34,69,70.68,4894.43,5.0,4,1,1,0,0,bianual,transferencia,fibra,sur,1
34,19,59.21,1157.4,48.42,1,1,0,4,0,bianual,credito,cable,norte,1
40,47,70.97,3143.38,199.32,3,1,1,3,2,bianual,credito,fibra,oeste,0
33,14,64.61,1096.27,107.39,2,1,0,1,1,anual,credito,cable,oeste,1
46,9,53.04,556.7,220.08,4,1,0,2,1,anual,debito,ninguno,centro,0
67,26,67.32,1672.3,185.51,4,1,1,2,1,bianual,efectivo,fibra,norte,0
38,64,69.78,4376.04,108.99,1,1,0,2,0,mensual,transferencia,cable,centro,1
34,50,58.24,3015.98,104.57,2,0,1,1,0,anual,credito,fibra,centro,0
29,36,81.27,2957.2,202.42,4,0,1,1,2,mensual,debito,cable,norte,0
44,21,88.2,1895.88,225.15,2,0,1,0,2,mensual,debito,fibra,norte,0
38,11,82.46,973.57,105.67,4,0,1,6,2,mensual,credito,fibra,norte,0
42,20,60.03,1227.92,196.91,3,1,1,2,1,bianual,debito,movil,norte,0
43,11,78.6,638.99,171.5,4,0,1,1,2,mensual,debito,fibra,centro,0
52,14,66.4,880.46,180.13,1,1,0,2,0,mensual,debito,fibra,centro,0
47,50,42.76,2205.06,125.06,4,0,0,1,0,anual,debito,fibra,oeste,0
29,10,77.11,848.45,86.38,1,1,1,2,0,anual,debito,cable,oeste,0
57,4,67.63,213.64,67.28,1,0,0,4,0,mensual,transferencia,ninguno,centro,0
52,40,111.68,4462.92,54.79,1,0,0,3,2,mensual,credito,movil,norte,1
63,21,91.23,2055.43,215.54,4,1,0,2,0,anual,credito,movil,centro,1
66,33,77.8,2736.09,120.55,1,1,1,3,3,bianual,efectivo,movil,norte,1
68,11,69.49,804.1,62.76,3,0,1,1,1,bianual,credito,cable,centro,0
61,16,67.95,1193.85,170.12,2,1,0,0,0,mensual,transferencia,cable,norte,0
33,32,46.93,1544.42,96.06,3,1,0,2,1,mensual,debito,cable,centro,0
24,50,33.7,1769.7,87.45,3,1,0,3,0,anual,debito,ninguno,sur,0
55,30,49.29,1477.52,223.4,2,1,1,3,2,mensual,debito,fibra,centro,1
29,40,64.14,2493.35,53.46,4,1,0,2,0,anual,efectivo,cable,centro,0
29,38,27.1,1251.81,131.75,2,0,0,3,0,bianual,efectivo,movil,sur,1
58,20,55.2,1319.96,90.45,1,0,0,3,2,mensual,credito,fibra,oeste,0
55,21,60.54,1274.68,82.47,3,0,0,2,0,bianual,transferencia,movil,norte,0
28,31,61.12,1942.28,46.81,1,1,1,4,0,mensual,debito,movil,norte,0
74,3,53.09,179.86,122.98,2,0,0,1,0,bianual,credito,cable,centro,0
23,50,58.85,2948.9,76.3,3,0,1,1,1,mensual,debito,movil,sur,1
71,45,96.03,4332.93,149.57,4,0,0,2,0,bianual,credito,fibra,oeste,0
67,23,76.92,1910.03,117.65,3,1,1,2,1,mensual,debito,ninguno,centro,0
55,27,54.91,1354.41,104.37,3,1,0,2,0,mensual,credito,fibra,sur,1
38,24,63.77,1457.27,76.57,3,1,0,2,0,mensual,credito,fibra,centro,1
34,47,64.49,3143.14,191.54,2,1,1,2,2,anual,credito,cable,oeste,0
51,55,51.18,2837.33,156.78,4,1,1,1,0,bianual,debito,movil,norte,1
26,8,51.16,564.81,85.93,1,0,0,4,1,bianual,credito,cable,norte,0
65,30,83.19,2508.99,52.04,1,1,1,0,2,anual,debito,cable,oeste,1
45,1,57.44,104.94,25.6,1,1,1,3,2,mensual,debito,movil,oeste,0
50,33,45.3,1475.05,176.87,3,0,1,1,0,bianual,credito,cable,oeste,1
42,18,64.22,1323.12,165.46,2,0,1,4,2,mensual,debito,movil,sur,0
25,25,67.12,1787.37,172.33,1,1,1,2,0,anual,credito,fibra,centro,1
59,33,29.49,842.7,113.99,1,1,1,2,1,mensual,debito,ninguno,sur,1
59,24,64.27,1622.1,160.3,3,1,1,3,0,anual,credito,movil,centro,1
24,29,80.62,2467.25,171.36,3,1,1,4,0,mensual,credito,movil,norte,0
38,56,73.12,4095.63,116.51,3,1,0,3,1,mensual,debito,fibra,sur,1
20,59,105.14,6291.91,102.09,3,1,1,0,0,mensual,debito,ninguno,oeste,0
38,1,87.52,248.8,71.19,3,1,0,2,0,anual,credito,fibra,norte,0
62,28,91.08,2543.57,141.31,4,0,1,1,1,mensual,transferencia,fibra,norte,1
52,61,115.4,7085.83,147.96,3,1,1,2,0,bianual,debito,fibra,centro,0
54,39,78.65,3015.28,99.67,3,0,1,0,0,anual,debito,ninguno,centro,0
54,15,67.94,1088.84,105.56,2,1,0,0,1,bianual,transferencia,ninguno,sur,1
39,43,82.53,3441.22,109.14,3,0,1,0,0,mensual,debito,cable,centro,1
42,11,54.93,689.96,159.56,1,1,0,0,2,anual,debito,movil,oeste,0
63,2,66.94,324.18,51.28,1,1,1,1,4,mensual,debito,cable,centro,0
61,46,53.34,2353.78,64.74,4,1,0,1,0,bianual,efectivo,fibra,sur,0
45,38,72.16,2908.74,65.71,4,0,1,0,0,mensual,credito,cable,centro,1
63,55,53.27,2934.25,112.57,2,0,1,0,1,mensual,debito,fibra,sur,1
66,25,52.64,1247.55,135.76,2,1,1,0,1,mensual,credito,cable,norte,0
42,62,72.44,4474.9,66.56,3,1,0,1,2,mensual,debito,fibra,norte,0
69,31,62.52,1950.93,165.45,3,1,0,2,2,bianual,debito,fibra,sur,1
27,54,30.3,1598.03,193.13,1,0,1,0,1,mensual,efectivo,cable,sur,0
63,8,38.8,456.4,140.69,3,1,0,2,0,anual,credito,cable,norte,0
51,7,44.35,286.85,176.14,1,1,1,6,0,mensual,transferencia,movil,sur,0
74,57,49.11,2846.69,74.24,1,1,1,2,0,mensual,efectivo,cable,oeste,0
30,61,72.46,4683.69,75.43,2,1,1,0,0,bianual,debito,fibra,norte,0
22,68,68.94,4676.68,145.73,3,1,1,3,1,anual,debito,movil,oeste,1
21,24,84.18,1971.28,118.08,2,0,1,1,0,bianual,debito,fibra,norte,1
25,2,78.55,120.83,75.34,4,1,0,2,0,mensual,transferencia,movil,centro,0
50,71,84.29,6127.65,191.25,2,1,1,1,0,anual,credito,fibra,oeste,0
66,44,75.95,3339.48,134.94,3,1,0,1,0,anual,credito,fibra,norte,0
68,18,68.77,1278.12,155.11,3,1,1,1,1,anual,debito,cable,centro,1
62,55,84.79,4587.98,86.29,2,1,1,1,2,mensual,debito,movil,centro,1
35,66,81.55,5354.99,204.0,2,1,0,6,2,mensual,credito,fibra,centro,1
43,21,71.77,1630.99,112.2,2,1,0,0,0,mensual,debito,ninguno,norte,0
20,56,87.88,4754.1,170.95,2,1,1,2,0,anual,transferencia,cable,centro,1
50,57,22.78,1092.97,90.86,1,0,1,1,0,anual,efectivo,fibra,norte,0
64,37,59.77,2158.91,128.43,3,0,1,1,0,anual,efectivo,cable,sur,0
30,46,59.5,2696.27,147.89,1,1,0,1,1,mensual,credito,movil,norte,1
49,20,85.75,1689.78,219.77,1,1,0,2,0,anual,debito,cable,centro,0
38,67,93.29,6228.44,98.01,4,0,1,3,0,mensual,credito,fibra,centro,0
72,71,38.9,2770.13,130.13,3,1,0,2,0,bianual,debito,movil,norte,0
22,71,90.4,6375.58,149.59,2,0,1,0,1,mensual,efectivo,movil,centro,1
62,54,43.91,2541.01,49.26,3,1,1,2,0,anual,transferencia,movil,centro,0
20,4,44.46,283.24,11.28,1,1,1,1,0,mensual,debito,movil,sur,0
45,27,60.78,1633.31,70.21,2,0,1,4,1,mensual,transferencia,fibra,oeste,0
58,33,59.27,2071.7,168.36,2,0,1,1,2,mensual,debito,cable,norte,1
45,70,36.95,2282.45,205.82,2,1,1,1,0,mensual,transferencia,cable,norte,1
54,40,76.7,3114.94,73.85,2,1,1,1,1,mensual,credito,fibra,norte,0
58,39,77.23,3121.46,59.16,2,1,0,4,2,mensual,transferencia,cable,oeste,1
60,11,83.97,862.35,196.74,2,1,1,2,0,mensual,efectivo,fibra,centro,0
19,58,57.2,3387.83,91.73,2,1,0,0,1,bianual,debito,movil,norte,1
41,25,64.29,1537.75,101.41,1,0,0,2,0,mensual,credito,fibra,sur,1
48,7,64.45,497.81,192.96,1,1,0,1,1,mensual,debito,movil,sur,1
67,72,95.38,6716.96,184.74,2,1,0,2,2,anual,transferencia,fibra,oeste,1
55,14,15.0,324.72,166.7,3,0,1,2,0,anual,credito,movil,sur,0
40,2,47.78,102.34,34.43,4,1,0,1,0,mensual,efectivo,cable,norte,0
67,6,65.1,424.85,57.08,4,1,0,3,1,anual,efectivo,fibra,norte,1
36,33,45.46,1497.95,176.03,2,0,0,0,0,bianual,debito,fibra,centro,0
68,8,60.35,619.34,135.89,3,1,1,2,1,mensual,debito,cable,norte,1
54,61,62.73,3863.16,81.11,2,0,0,3,0,mensual,credito,fibra,oeste,0
65,37,53.16,2086.45,102.77,1,0,1,0,1,mensual,debito,movil,oeste,0
51,24,66.16,1529.0,175.55,3,0,1,3,1,bianual,debito,movil,centro,0
65,1,76.31,150.54,196.38,1,1,1,0,1,mensual,credito,cable,centro,0
62,35,60.75,2321.4,119.7,1,1,0,0,0,mensual,credito,fibra,norte,1
49,11,56.84,825.56,85.65,4,1,1,0,1,bianual,credito,fibra,norte,0
45,71,62.02,4102.6,106.23,4,1,0,4,0,bianual,debito,cable,norte,0
45,21,64.87,1388.07,187.15,3,1,1,2,1,mensual,debito,cable,centro,1
75,35,33.67,1007.51,186.18,3,1,1,3,1,mensual,debito,cable,norte,1
54,2,73.31,106.24,129.71,3,0,1,3,0,anual,transferencia,cable,centro,0
47,10,56.88,509.21,93.53,3,1,1,1,0,anual,credito,cable,centro,0
38,15,87.71,1394.21,174.14,3,1,0,1,0,mensual,credito,cable,oeste,1
18,4,75.64,292.01,201.15,1,1,1,1,2,mensual,efectivo,cable,centro,0
28,53,86.06,4478.41,47.32,4,1,0,3,0,bianual,efectivo,movil,centro,1
53,69,46.8,3298.88,108.38,1,1,0,1,0,anual,debito,fibra,sur,0
20,71,58.32,4022.18,177.8,3,1,1,0,0,mensual,transferencia,fibra,oeste,1
64,20,42.64,766.01,123.68,4,1,1,1,0,bianual,debito,fibra,norte,1
39,57,52.31,2941.73,95.57,1,1,1,2,0,anual,transferencia,fibra,norte,0
48,37,87.54,3220.75,129.26,1,1,1,0,0,bianual,debito,cable,centro,0
52,4,91.77,394.17,138.54,2,1,1,2,0,mensual,debito,movil,oeste,1
36,7,44.33,338.86,63.66,2,0,1,1,1,mensual,efectivo,cable,norte,0
54,40,56.75,2201.18,124.54,1,1,1,1,0,anual,credito,ninguno,oeste,0
51,31,63.63,2006.78,138.37,3,1,0,2,0,mensual,debito,fibra,sur,0
38,1,75.54,90.7,95.46,4,0,0,1,1,mensual,efectivo,fibra,centro,1
59,67,33.32,2238.5,81.03,1,1,0,4,0,anual,debito,fibra,centro,0
34,53,36.15,1736.6,93.11,4,0,0,1,2,anual,debito,cable,centro,0
56,37,73.81,2789.7,71.45,3,1,1,2,0,mensual,credito,fibra,oeste,0
19,72,29.92,2228.23,162.53,2,1,1,1,1,mensual,transferencia,fibra,sur,0
42,70,56.96,4080.56,70.82,3,0,1,2,0,anual,credito,fibra,centro,1
43,71,67.92,4842.88,129.45,1,1,0,0,1,anual,credito,movil,centro,0
41,19,72.48,1507.5,101.29,4,0,1,0,3,mensual,credito,fibra,centro,1
71,64,62.45,4056.93,84.69,1,1,1,1,1,mensual,credito,fibra,oeste,0
67,37,58.42,2113.85,188.57,1,1,0,1,1,mensual,credito,cable,sur,1
61,53,80.2,4244.98,113.46,3,1,0,6,0,bianual,debito,fibra,norte,1
33,62,70.13,4281.14,86.53,1,1,1,1,2,anual,debito,cable,centro,1
42,12,53.35,523.22,81.74,1,0,0,2,1,anual,transferencia,cable,norte,0
41,33,65.68,2252.96,136.95,2,1,1,1,1,anual,transferencia,movil,sur,0
62,10,71.9,689.83,161.33,3,1,1,0,0,mensual,credito,movil,centro,0
58,21,95.93,2098.88,183.54,2,0,0,1,0,mensual,debito,fibra,norte,1
26,30,79.15,2599.62,111.62,4,0,0,2,4,mensual,credito,movil,oeste,1
43,62,86.86,5512.03,108.61,4,1,1,5,0,mensual,debito,cable,sur,0
54,63,54.01,3288.41,126.55,2,1,0,3,0,mensual,credito,movil,sur,0
42,29,55.56,1544.82,128.36,3,1,1,2,0,mensual,credito,cable,centro,0
21,24,60.76,1528.1,81.4,3,1,0,3,1,bianual,credito,fibra,norte,0
25,39,62.42,2485.88,193.12,2,1,0,2,1,mensual,debito,cable,centro,0
77,66,46.86,3253.12,121.11,2,0,1,4,0,bianual,efectivo,ninguno,norte,0
49,71,87.79,6190.49,146.74,1,0,1,1,1,anual,debito,ninguno,centro,1
26,17,80.9,1224.97,141.22,4,0,0,1,0,anual,debito,fibra,sur,0
78,14,59.5,722.9,140.2,3,1,0,1,1,mensual,credito,cable,centro,0
75,51,76.55,4048.0,69.8,2,0,0,2,0,mensual,transferencia,movil,norte,0
70,22,69.01,1538.73,119.68,1,1,0,1,0,anual,transferencia,fibra,oeste,0
51,15,77.96,1270.75,234.04,1,0,0,1,1,mensual,credito,cable,sur,0
65,3,40.8,83.26,199.36,1,0,1,3,0,mensual,credito,ninguno,sur,0
78,30,62.38,1785.02,127.85,2,1,1,1,0,anual,credito,cable,norte,0
47,29,63.96,1935.13,101.66,3,0,1,3,2,mensual,debito,fibra,norte,0
78,41,76.23,2967.46,9.11,4,1,1,2,2,mensual,debito,fibra,norte,1
68,15,53.69,865.43,95.13,3,0,1,2,3,bianual,credito,cable,norte,1
56,52,20.0,1236.12,116.08,1,1,1,3,0,mensual,credito,cable,centro,0
73,49,45.53,1961.17,104.13,1,0,1,0,0,mensual,credito,movil,centro,0
42,34,63.9,2061.29,107.62,3,0,1,1,0,mensual,efectivo,movil,norte,1
31,14,66.15,924.72,151.12,3,1,1,0,1,bianual,credito,fibra,norte,0
76,37,95.31,3471.73,69.98,1,1,0,1,2,bianual,transferencia,movil,norte,1
48,49,75.49,3685.09,133.63,3,1,1,2,1,mensual,efectivo,fibra,centro,0
59,27,66.47,2061.27,114.49,1,1,1,1,0,mensual,debito,fibra,norte,0
70,19,64.42,1146.8,75.88,3,1,1,0,1,anual,credito,cable,norte,0
27,37,84.88,3116.23,203.71,4,0,0,2,0,mensual,transferencia,cable,sur,1
68,26,54.38,1296.4,157.39,1,1,0,2,3,mensual,credito,fibra,centro,0
60,29,62.47,1643.95,80.68,2,0,1,2,0,mensual,efectivo,cable,norte,0
71,26,45.39,1233.59,145.86,4,0,1,0,0,mensual,credito,movil,centro,0
31,22,90.54,1798.01,50.53,3,0,0,2,0,anual,efectivo,cable,centro,1
76,52,72.06,3591.38,86.83,3,1,0,2,1,mensual,debito,fibra,centro,1
25,34,52.26,1782.31,186.38,4,1,0,5,1,mensual,transferencia,ninguno,sur,0
35,34,62.94,2210.48,137.58,2,1,1,1,1,mensual,debito,fibra,sur,1
49,48,74.17,3456.11,133.56,3,1,0,2,0,mensual,debito,fibra,oeste,0
53,27,60.49,1544.52,169.35,2,0,1,1,0,bianual,debito,fibra,centro,0
70,8,55.38,246.97,150.56,4,0,0,1,2,mensual,credito,fibra,norte,0
27,62,53.22,3360.8,106.7,2,1,0,1,0,mensual,debito,fibra,centro,0
75,5,71.1,359.74,166.82,1,1,0,4,1,mensual,debito,fibra,centro,0
50,42,58.56,2460.74,35.55,4,0,0,2,0,bianual,credito,cable,oeste,1
59,20,56.83,979.22,86.63,2,1,1,2,4,anual,credito,fibra,centro,0
22,16,40.95,752.61,115.15,3,1,0,1,0,mensual,credito,fibra,centro,1
28,4,66.4,205.55,147.39,2,0,1,1,0,mensual,credito,cable,sur,1
43,65,61.74,4119.84,103.75,2,1,1,3,0,anual,transferencia,fibra,centro,0
51,31,59.21,1756.8,30.8,1,1,1,4,0,anual,transferencia,cable,norte,0
49,25,68.58,1753.65,23.78,1,1,1,1,0,mensual,credito,fibra,oeste,1
27,54,78.46,4146.27,116.6,1,0,0,3,1,mensual,transferencia,movil,centro,0
60,3,77.63,348.31,96.11,2,0,1,0,2,anual,transferencia,ninguno,centro,1
31,41,74.95,2927.81,74.5,4,1,1,1,0,mensual,credito,fibra,centro,0
31,36,60.67,2220.27,66.14,1,1,1,3,1,anual,debito,cable,norte,1
24,40,54.79,2045.11,126.69,3,0,1,3,0,mensual,debito,movil,norte,0
71,9,46.21,364.58,185.11,3,1,1,1,1,anual,credito,cable,centro,0
59,69,54.32,3824.79,126.69,3,1,0,3,2,anual,efectivo,fibra,centro,1
19,18,65.35,1039.36,185.78,3,0,1,2,1,bianual,debito,fibra,oeste,0
25,49,50.85,2547.91,101.3,4,0,1,0,0,anual,credito,cable,centro,0
55,54,66.73,3694.08,142.17,2,1,0,1,0,mensual,debito,cable,sur,0
57,25,47.62,950.33,187.6,3,1,0,4,1,anual,credito,movil,centro,0
73,10,35.1,408.08,112.11,4,0,0,0,2,anual,transferencia,fibra,centro,0
76,22,79.75,1889.58,121.3,3,1,1,1,1,mensual,transferencia,fibra,centro,0
70,59,56.46,3241.34,101.28,4,1,1,0,1,mensual,efectivo,fibra,centro,0
69,66,49.93,3192.24,149.63,4,1,0,0,2,mensual,credito,cable,centro,0
49,68,45.31,2885.96,165.11,2,0,1,1,1,anual,credito,cable,oeste,0
75,17,72.61,1118.99,137.56,4,1,0,0,0,mensual,efectivo,fibra,sur,0
26,44,89.75,4071.27,108.53,2,1,1,1,0,mensual,transferencia,cable,centro,0
54,11,57.74,585.04,45.01,4,1,1,2,1,anual,efectivo,movil,norte,1
23,52,61.12,3238.23,117.58,1,0,1,0,0,bianual,debito,movil,oeste,1
64,30,84.29,2453.76,110.4,4,1,0,0,1,mensual,debito,movil,sur,0
61,52,32.41,1671.87,131.8,4,0,0,2,0,mensual,debito,cable,centro,1
78,50,100.4,5169.51,125.84,2,1,0,1,3,bianual,transferencia,movil,centro,1
25,72,108.99,8008.89,198.62,1,0,0,0,0,bianual,debito,cable,sur,0
61,36,16.29,604.79,85.18,3,1,1,2,0,mensual,transferencia,fibra,norte,0
21,25,63.24,1556.06,41.24,3,1,0,3,3,mensual,credito,ninguno,centro,0
23,38,52.06,1883.43,62.87,2,1,1,3,0,mensual,transferencia,fibra,sur,0
45,12,60.23,819.01,88.32,3,1,1,3,1,mensual,transferencia,fibra,sur,1
76,9,57.47,502.86,174.1,3,1,0,3,1,mensual,credito,fibra,centro,0
29,38,79.61,3180.61,55.14,2,1,1,1,1,anual,debito,cable,centro,1
36,60,62.97,3576.3,61.81,2,1,0,3,1,anual,credito,cable,norte,0
67,39,48.6,1843.58,140.7,1,1,0,2,0,anual,efectivo,cable,centro,0
78,57,61.9,3510.64,162.47,3,1,0,0,0,bianual,debito,fibra,oeste,0
51,13,74.27,1026.94,42.54,3,1,0,2,0,anual,debito,fibra,sur,0
38,33,43.69,1286.64,31.4,4,1,1,3,0,mensual,transferencia,fibra,sur,0
70,45,35.37,1575.33,80.67,2,0,0,0,0,mensual,debito,fibra,centro,0
48,26,100.87,2739.51,152.87,1,0,0,1,0,anual,debito,fibra,norte,0
41,2,53.44,144.65,127.16,1,1,1,6,0,anual,transferencia,fibra,oeste,0
32,6,62.53,415.32,82.5,4,1,0,1,0,mensual,transferencia,ninguno,norte,0
74,67,57.84,3777.71,156.97,4,0,0,3,1,mensual,debito,movil,centro,1
45,44,74.87,3268.2,126.22,4,1,0,2,0,anual,efectivo,fibra,centro,0
77,20,96.91,1815.24,114.62,2,1,1,2,0,mensual,transferencia,fibra,centro,1
29,19,75.44,1554.9,39.28,4,0,1,2,0,anual,debito,movil,oeste,0
51,3,37.67,163.77,81.47,3,1,0,0,2,mensual,credito,cable,centro,0
43,69,40.09,2781.57,217.85,1,0,0,2,0,anual,transferencia,movil,oeste,1
29,8,57.82,483.9,103.19,2,0,1,2,0,mensual,credito,movil,centro,1
77,55,60.17,3455.05,72.16,4,0,0,1,0,mensual,credito,fibra,oeste,0
21,18,34.0,854.14,100.89,1,1,0,2,2,anual,credito,fibra,norte,0
19,25,79.75,2003.6,125.95,3,1,1,3,2,mensual,debito,fibra,oeste,0
74,20,45.45,918.93,164.17,1,1,1,3,2,mensual,credito,cable,centro,1
33,60,91.88,5560.47,151.05,3,1,0,3,1,mensual,debito,movil,oeste,0
49,3,97.77,467.67,86.17,2,1,1,0,0,mensual,transferencia,fibra,sur,0
24,26,60.53,1666.89,183.58,1,0,0,2,1,mensual,debito,movil,centro,1
30,21,72.9,1578.82,160.73,1,1,0,2,0,mensual,debito,cable,centro,0
68,20,42.82,949.15,97.74,1,1,1,1,0,mensual,debito,cable,centro,1
40,14,76.23,1117.31,113.59,4,1,0,2,2,anual,transferencia,cable,centro,1
69,66,56.03,3530.51,150.03,4,1,1,1,1,bianual,credito,cable,oeste,0
74,28,45.43,1400.49,173.74,1,1,0,3,1,mensual,credito,cable,sur,1
77,31,59.79,1758.02,44.07,2,0,1,1,0,bianual,credito,movil,centro,1
76,28,56.62,1575.1,123.52,1,1,1,2,1,bianual,credito,cable,oeste,1
43,71,59.15,4106.79,118.44,3,0,0,0,1,anual,efectivo,fibra,centro,0
30,25,82.09,2020.78,91.47,4,0,1,1,1,anual,debito,cable,sur,0
64,25,50.86,1300.27,91.21,3,1,1,2,1,mensual,debito,cable,centro,0
48,24,96.23,2472.57,172.72,4,0,1,0,0,mensual,transferencia,movil,centro,0
27,24,41.15,937.05,146.73,4,1,1,0,2,bianual,credito,fibra,oeste,0
67,7,94.08,834.16,225.33,4,1,1,3,1,bianual,credito,fibra,norte,1
70,44,46.7,1862.64,91.51,2,1,1,0,1,mensual,debito,fibra,sur,1
62,2,64.98,50.0,126.86,1,1,0,2,1,mensual,transferencia,movil,norte,0
46,17,56.18,853.4,135.49,2,1,1,0,4,mensual,efectivo,cable,norte,0
57,15,58.81,973.95,164.8,1,1,1,0,1,mensual,credito,fibra,norte,0
26,21,79.42,1556.14,187.92,2,1,1,2,1,bianual,debito,cable,centro,1
68,55,92.0,4910.37,124.68,3,0,0,1,0,mensual,debito,cable,sur,0
72,44,86.43,4018.5,65.26,1,1,0,2,1,anual,debito,cable,sur,0
67,72,57.71,4139.2,84.46,4,0,0,0,1,anual,credito,fibra,oeste,1
45,26,68.32,1954.84,127.14,4,1,1,1,1,mensual,credito,cable,oeste,0
54,67,50.92,3535.45,176.14,2,1,1,1,0,anual,credito,fibra,centro,0
19,4,47.15,285.37,47.68,2,1,1,3,1,mensual,debito,fibra,norte,1
47,37,44.37,1792.7,61.5,4,1,1,1,0,mensual,debito,cable,centro,1
53,58,57.12,3280.65,157.86,4,0,0,3,2,mensual,efectivo,fibra,oeste,0
67,39,69.49,2571.54,55.32,4,1,1,3,0,mensual,debito,fibra,oeste,1
72,68,30.59,2142.27,63.75,2,1,1,5,0,anual,efectivo,fibra,sur,0
64,23,64.17,1433.66,176.83,2,1,0,0,1,mensual,credito,cable,oeste,0
28,3,92.29,349.03,108.93,3,1,1,2,1,anual,debito,movil,sur,0
29,56,85.19,4878.92,105.11,3,1,1,5,2,anual,credito,movil,centro,0
71,5,54.47,175.67,188.41,1,0,1,3,1,bianual,efectivo,fibra,oeste,1
48,56,39.86,2161.2,66.85,1,1,1,0,1,anual,transferencia,fibra,norte,1
67,53,73.28,3873.16,56.8,1,1,0,3,2,anual,debito,ninguno,sur,0
54,61,23.29,1573.08,201.46,2,1,0,4,1,mensual,debito,fibra,centro,0
20,35,84.98,2880.04,131.67,2,1,0,2,0,mensual,credito,movil,sur,1
76,65,61.16,4195.49,153.99,1,1,0,1,1,anual,debito,fibra,oeste,0
71,13,97.96,1076.12,104.45,1,1,1,1,0,anual,debito,cable,sur,1
47,32,33.91,1279.39,114.67,2,1,1,2,0,anual,efectivo,cable,oeste,1
34,9,81.53,762.55,84.81,4,1,0,5,0,mensual,credito,cable,norte,1
34,56,63.19,3602.77,135.91,1,1,1,3,0,mensual,transferencia,cable,oeste,0
67,52,59.04,3139.15,161.57,3,1,1,3,0,mensual,credito,fibra,centro,1
29,59,40.34,2102.2,129.8,3,0,0,2,0,mensual,debito,fibra,norte,0
53,56,75.72,4206.33,173.05,3,1,1,2,1,anual,debito,cable,norte,1
74,23,77.17,1757.28,153.12,4,0,1,3,1,mensual,transferencia,movil,norte,0
49,5,97.13,631.1,67.58,2,1,1,4,0,mensual,credito,cable,centro,1
51,67,83.14,5560.5,112.76,1,0,0,5,0,mensual,credito,cable,oeste,0
45,36,54.31,2126.21,97.58,1,0,1,2,0,anual,debito,ninguno,centro,0
33,7,46.93,547.09,157.67,2,0,0,0,1,mensual,credito,fibra,centro,1
33,67,40.37,2775.27,143.08,3,1,1,2,0,mensual,debito,fibra,centro,0
43,72,91.52,6612.72,126.37,3,0,0,1,0,anual,debito,fibra,oeste,1
46,33,50.99,1560.13,170.68,4,0,0,2,1,anual,efectivo,movil,centro,1
19,56,91.64,5209.39,26.72,1,1,0,5,0,mensual,transferencia,fibra,centro,0
69,3,74.45,187.01,89.84,3,1,1,1,0,mensual,transferencia,fibra,norte,0
18,7,70.94,665.89,94.09,2,0,0,2,2,mensual,transferencia,fibra,norte,0
32,20,59.48,1016.19,132.59,3,0,0,4,0,anual,credito,fibra,norte,0
38,48,76.89,3612.32,147.64,1,0,1,0,0,mensual,debito,fibra,oeste,1
75,10,64.72,761.32,119.93,1,1,1,2,1,anual,credito,fibra,centro,0
61,3,58.35,384.28,54.25,3,1,1,1,2,mensual,debito,fibra,oeste,0
27,49,77.53,3888.65,140.34,2,1,1,2,1,anual,transferencia,cable,sur,0
62,56,62.41,3651.4,126.4,4,0,1,0,0,anual,transferencia,fibra,norte,0
48,54,50.63,2759.39,46.56,3,0,1,1,0,bianual,credito,fibra,norte,0
18,58,75.8,4604.9,105.23,2,1,0,2,0,mensual,credito,fibra,sur,1
43,58,63.85,3737.24,138.7,2,0,0,2,0,mensual,debito,cable,oeste,1
59,44,73.8,3314.18,202.66,3,1,0,0,1,mensual,debito,cable,norte,0
47,38,56.83,2190.43,65.55,2,0,1,4,1,mensual,debito,fibra,oeste,0
64,62,43.24,2655.58,159.51,3,1,1,0,0,mensual,efectivo,fibra,sur,0
78,26,96.23,2559.86,66.18,3,1,0,0,0,mensual,debito,fibra,norte,0
32,8,92.84,779.76,56.47,4,0,1,1,1,anual,efectivo,movil,norte,0
53,55,80.91,4511.44,59.42,2,0,0,1,0,bianual,credito,ninguno,norte,1
27,20,58.02,898.29,150.25,3,1,1,0,2,anual,credito,cable,centro,0
42,71,59.59,4133.55,126.49,2,1,0,2,1,mensual,debito,movil,oeste,1
61,30,89.88,2640.89,104.27,1,1,1,2,2,anual,debito,fibra,oeste,1
47,62,58.63,3462.8,142.89,1,0,1,1,0,anual,credito,cable,norte,0
52,4,53.61,109.1,122.04,1,1,0,3,1,anual,credito,cable,centro,0
47,48,98.7,4829.07,125.53,2,0,1,0,0,mensual,credito,fibra,sur,0
42,33,64.14,2161.08,104.82,1,1,1,0,1,bianual,debito,movil,sur,0
63,34,96.83,3415.95,68.62,1,1,1,2,1,mensual,debito,cable,centro,1
53,20,39.83,912.1,204.57,1,0,0,0,1,mensual,debito,movil,sur,1
34,70,74.33,5328.11,190.02,1,1,0,1,0,mensual,transferencia,fibra,norte,0
67,29,102.28,2977.43,199.51,3,1,0,3,3,mensual,credito,fibra,oeste,0
63,62,65.54,4231.52,93.03,4,1,1,5,0,bianual,debito,fibra,centro,0
23,31,60.25,1805.59,85.9,2,0,1,0,1,anual,transferencia,fibra,centro,0
56,4,43.98,337.8,99.28,3,1,0,2,0,bianual,debito,fibra,centro,0
49,64,84.48,5519.08,173.71,3,0,1,3,0,bianual,transferencia,fibra,sur,0
56,14,51.14,800.15,119.99,3,1,0,0,0,anual,credito,fibra,sur,1
34,20,63.29,1269.38,92.84,1,1,1,1,1,anual,transferencia,movil,norte,0
23,62,42.78,2576.61,138.19,2,0,1,2,1,bianual,debito,cable,oeste,0
35,65,93.02,6051.89,83.18,4,1,1,2,0,mensual,transferencia,fibra,centro,0
49,67,85.79,5571.01,52.23,1,1,1,1,1,mensual,transferencia,fibra,centro,0
65,31,64.43,2127.32,126.46,1,0,0,1,0,mensual,debito,cable,centro,0
38,55,44.23,2380.43,94.2,3,1,1,2,2,anual,debito,fibra,oeste,1
57,24,92.65,2178.76,119.31,3,1,1,3,0,anual,transferencia,fibra,sur,1
59,54,58.41,2940.12,5.0,3,0,1,0,1,mensual,credito,cable,oeste,0
72,37,45.11,1547.95,75.4,3,1,1,5,0,bianual,credito,fibra,norte,0
64,4,33.28,452.49,117.75,2,1,1,3,0,anual,debito,fibra,norte,1
40,31,53.37,1581.92,44.18,3,0,1,1,0,mensual,debito,movil,oeste,0
45,34,38.82,1446.83,45.88,4,1,1,2,2,anual,transferencia,cable,norte,0
48,19,53.79,871.01,121.94,1,0,1,0,2,bianual,debito,ninguno,centro,0
37,27,78.4,1957.89,155.08,3,1,1,1,2,mensual,debito,cable,centro,0
26,37,58.24,2153.72,75.41,3,0,0,1,0,mensual,debito,fibra,sur,0
52,4,71.4,294.42,106.89,2,1,1,1,2,anual,transferencia,cable,oeste,0
70,11,51.98,500.58,108.05,4,1,1,5,0,mensual,debito,movil,sur,1
46,56,66.17,3705.91,41.88,1,1,1,0,1,mensual,credito,movil,norte,0
55,26,99.58,2497.05,179.19,4,1,0,3,2,bianual,credito,cable,sur,1
56,44,58.73,2730.75,110.85,3,0,0,5,1,mensual,credito,fibra,oeste,0
73,41,71.92,3191.03,111.39,1,1,1,2,0,mensual,debito,cable,oeste,0
53,40,36.82,1599.24,138.65,2,1,1,2,0,bianual,debito,fibra,sur,1
56,30,92.36,2607.84,42.0,2,1,1,3,0,anual,debito,fibra,centro,1
73,35,56.41,2028.81,166.0,2,1,0,3,2,mensual,efectivo,fibra,centro,0
26,60,83.91,4965.69,172.53,4,0,0,1,2,mensual,transferencia,fibra,oeste,1
27,70,62.78,4325.62,127.03,3,0,1,0,0,mensual,transferencia,fibra,centro,1
52,19,76.01,1530.14,143.11,1,0,1,2,1,mensual,transferencia,ninguno,oeste,0
70,49,77.08,3790.6,103.7,3,0,0,2,1,bianual,debito,cable,norte,0
75,70,56.86,3994.64,163.16,3,0,0,4,1,mensual,transferencia,cable,centro,0
43,1,84.65,90.9,78.85,1,0,1,4,0,mensual,credito,movil,centro,0
28,57,51.34,2819.04,118.38,4,1,0,3,1,anual,transferencia,fibra,norte,0
60,36,79.0,2722.49,121.36,1,1,0,2,0,bianual,efectivo,cable,sur,0
38,70,57.98,4025.11,118.07,2,1,1,2,0,anual,credito,cable,oeste,1
29,42,71.29,2971.18,173.46,2,1,1,5,1,mensual,credito,fibra,centro,0
57,61,56.68,3507.42,229.41,1,1,0,1,1,mensual,debito,fibra,norte,1
67,12,65.9,897.44,114.51,3,1,1,4,2,bianual,efectivo,cable,centro,1
52,11,45.66,481.2,143.52,2,0,1,2,1,anual,debito,movil,centro,0
38,67,69.46,4675.09,79.88,4,1,1,4,1,anual,credito,fibra,norte,1
29,38,65.8,2610.8,171.6,2,1,0,1,1,mensual,efectivo,cable,sur,0
74,41,55.28,2236.44,94.13,4,0,1,0,0,anual,debito,cable,norte,0
27,13,64.01,884.0,277.26,3,0,0,1,0,bianual,credito,movil,oeste,1
57,17,67.41,1172.05,36.46,1,0,0,0,0,mensual,credito,movil,centro,1
26,59,53.91,3142.39,227.37,2,1,1,1,0,mensual,credito,fibra,norte,1
48,22,62.68,1226.56,169.56,2,0,0,4,1,mensual,debito,cable,centro,0
50,43,46.9,1903.21,63.89,3,1,0,1,0,anual,debito,ninguno,norte,0
68,23,107.22,2590.85,235.97,3,0,1,3,0,mensual,credito,fibra,oeste,0
73,19,84.06,1403.25,73.58,1,1,0,2,1,mensual,credito,movil,centro,1
71,12,69.92,1052.14,104.28,4,0,1,2,1,anual,efectivo,cable,centro,1
48,67,86.1,5687.5,55.17,1,1,1,0,1,anual,transferencia,fibra,centro,0
49,68,29.37,1784.89,112.68,4,1,1,3,1,mensual,credito,cable,sur,1
42,9,18.96,105.67,117.37,2,0,1,1,0,bianual,debito,fibra,sur,0
30,26,57.81,1232.61,161.5,4,1,1,2,2,mensual,efectivo,fibra,norte,1
30,41,40.19,1443.02,241.92,1,0,1,2,0,mensual,debito,movil,sur,0
27,28,60.74,1712.65,94.35,1,1,1,1,1,anual,efectivo,cable,norte,0
72,52,68.7,3384.53,5.0,4,1,0,2,1,anual,efectivo,ninguno,norte,0
62,19,81.57,1368.04,152.42,1,0,1,4,0,anual,efectivo,fibra,centro,1
78,5,44.51,229.04,92.48,2,0,0,1,0,anual,debito,movil,norte,0
37,25,72.19,1813.51,210.92,3,0,1,3,1,anual,debito,fibra,norte,1
61,44,65.26,2931.15,118.27,1,0,1,2,0,anual,credito,movil,norte,0
20,14,71.26,1025.27,82.05,2,1,1,0,1,bianual,credito,movil,sur,0
49,59,55.64,3275.85,69.35,3,1,1,2,1,bianual,credito,movil,norte,0
42,1,89.9,158.26,151.14,2,0,0,1,1,mensual,credito,cable,norte,0
73,5,63.14,424.53,106.24,2,1,1,5,2,anual,transferencia,fibra,oeste,0
45,37,96.94,3594.27,193.39,3,1,0,1,1,mensual,debito,ninguno,norte,0
50,37,50.77,1939.24,109.47,4,1,0,1,0,anual,debito,fibra,centro,0
71,22,78.37,1410.17,190.73,4,1,1,2,0,mensual,credito,fibra,centro,1
39,19,63.93,1161.83,50.99,1,1,0,1,1,mensual,debito,fibra,oeste,1
73,6,59.1,526.97,33.07,3,0,0,0,2,bianual,transferencia,movil,sur,0
29,48,76.38,3598.62,161.46,2,0,0,2,0,anual,transferencia,movil,sur,1
69,28,59.61,1729.22,96.78,2,1,0,1,1,mensual,transferencia,movil,sur,0
26,9,17.08,181.46,106.82,1,0,1,3,0,mensual,transferencia,cable,centro,0
51,29,15.0,359.2,69.39,2,0,1,3,0,mensual,credito,cable,sur,1
45,68,87.9,6031.21,65.72,3,1,0,6,2,anual,transferencia,movil,sur,1
25,19,87.14,1600.56,151.78,4,1,1,0,0,mensual,credito,cable,oeste,1
41,65,98.97,6373.84,119.06,3,1,1,1,1,anual,transferencia,fibra,sur,1
25,19,64.68,1168.39,66.99,1,1,1,3,1,anual,debito,ninguno,norte,1
30,14,41.73,479.69,159.53,1,0,1,3,3,anual,transferencia,ninguno,oeste,0
62,19,57.45,970.9,178.75,1,0,0,0,1,mensual,debito,cable,centro,0
49,24,65.21,1506.14,114.56,3,1,1,1,1,anual,debito,cable,oeste,0
58,9,46.87,429.49,170.16,3,0,0,1,0,anual,credito,ninguno,sur,0
62,43,94.67,4024.99,69.91,4,1,1,1,1,mensual,debito,movil,norte,0
61,25,105.31,2579.07,148.86,3,0,0,0,0,mensual,debito,fibra,norte,1
55,52,73.61,4135.46,128.09,4,0,1,2,0,anual,transferencia,ninguno,centro,0
50,36,64.8,2419.42,80.42,4,0,0,0,0,mensual,credito,cable,oeste,1
65,32,41.69,1135.72,222.65,1,0,1,1,0,mensual,transferencia,movil,oeste,0
71,34,92.84,3186.58,131.64,4,1,1,1,1,mensual,transferencia,fibra,centro,0
67,12,66.37,831.2,90.46,1,0,1,2,2,mensual,credito,fibra,centro,1
44,52,59.8,3530.64,120.98,3,1,1,7,1,anual,efectivo,fibra,sur,1
26,8,73.66,629.85,76.52,3,1,0,2,1,bianual,debito,fibra,sur,1
38,52,54.46,3084.68,62.16,1,1,0,1,0,anual,debito,cable,norte,0
78,72,67.64,4821.77,97.53,2,0,1,1,0,mensual,debito,cable,centro,0
60,56,39.04,2092.97,100.91,4,0,1,1,1,mensual,transferencia,cable,oeste,0
27,33,84.57,2652.02,79.79,3,0,1,1,0,mensual,debito,fibra,centro,1
40,23,63.12,1557.68,182.56,3,0,1,1,1,anual,credito,fibra,sur,1
63,63,85.86,5299.26,81.71,4,1,1,1,1,anual,credito,movil,sur,0
74,19,61.38,1088.48,73.39,1,1,1,2,0,bianual,transferencia,movil,centro,0
52,35,62.55,2250.95,60.71,1,0,1,3,0,mensual,transferencia,fibra,sur,1
71,56,43.18,2378.9,55.9,3,0,1,2,0,mensual,debito,fibra,oeste,0
49,67,78.68,5289.75,171.37,2,1,1,3,2,anual,debito,fibra,centro,0
66,67,49.23,3147.56,132.91,1,0,1,3,1,mensual,transferencia,cable,sur,1
73,7,56.24,107.64,154.52,1,1,0,1,0,mensual,transferencia,movil,sur,1
53,65,65.02,4380.5,170.92,2,1,1,2,0,mensual,debito,movil,norte,0
66,9,67.18,743.66,103.34,3,1,1,1,1,mensual,transferencia,movil,norte,1
30,43,34.29,1444.85,193.61,2,1,0,2,1,mensual,debito,movil,sur,1
21,67,60.85,4089.56,88.66,3,1,1,4,2,mensual,debito,cable,sur,0
47,48,79.31,3694.09,65.21,1,1,1,0,0,anual,debito,fibra,norte,0
56,69,58.19,3983.75,138.68,4,1,1,0,1,bianual,transferencia,fibra,sur,0
37,25,60.95,1814.52,127.23,4,1,1,3,0,mensual,transferencia,fibra,sur,1
48,23,67.92,1777.26,127.15,2,1,0,3,1,mensual,credito,fibra,sur,0
44,24,62.73,1539.3,170.77,2,1,1,4,1,bianual,transferencia,fibra,sur,1
43,26,46.45,979.41,125.31,3,0,0,1,0,bianual,credito,fibra,centro,0
64,50,64.35,3280.28,135.65,1,1,1,1,1,bianual,debito,fibra,centro,0
20,33,82.89,2703.71,187.98,3,1,1,0,0,mensual,transferencia,movil,sur,1
30,54,46.08,2438.75,133.33,1,1,0,0,0,bianual,debito,cable,oeste,0
71,30,58.26,1747.11,144.71,3,0,0,3,0,anual,efectivo,fibra,centro,0
72,23,40.13,1154.43,49.11,2,1,1,0,0,mensual,transferencia,fibra,centro,1
37,14,81.94,1164.97,305.96,2,0,1,1,1,mensual,transferencia,cable,centro,0
46,40,63.34,2653.36,40.46,3,1,1,3,1,bianual,credito,ninguno,oeste,0
78,65,49.7,3281.9,93.03,2,1,1,1,0,bianual,transferencia,fibra,centro,1
45,62,66.66,4180.56,91.52,4,0,0,1,1,mensual,debito,movil,centro,1
67,19,43.34,903.78,225.4,1,0,0,3,0,anual,credito,ninguno,centro,0
24,35,46.4,1574.28,89.97,1,1,0,1,0,mensual,debito,movil,oeste,0
66,51,38.72,1812.36,142.09,3,1,1,3,0,anual,credito,cable,centro,0
49,45,45.8,2252.96,91.86,3,0,0,0,0,mensual,transferencia,fibra,oeste,0
54,5,89.43,264.77,68.0,3,1,1,2,1,mensual,debito,fibra,norte,0
37,43,51.8,2262.56,148.52,2,1,1,1,0,mensual,debito,movil,centro,0
68,3,73.39,438.41,84.05,3,0,1,3,1,mensual,credito,ninguno,centro,1
36,9,49.95,491.49,130.38,1,1,0,0,0,bianual,efectivo,cable,sur,0
33,48,78.67,3848.86,151.33,4,1,0,2,1,bianual,credito,fibra,sur,1
43,8,46.53,444.98,215.34,4,1,1,1,0,mensual,credito,fibra,centro,0
54,25,65.71,1783.21,56.89,2,1,0,2,0,mensual,efectivo,fibra,sur,0
20,43,65.95,2999.36,112.36,2,1,1,4,1,mensual,transferencia,ninguno,centro,0
53,48,106.9,4959.78,114.43,1,0,0,2,1,mensual,transferencia,fibra,centro,0
34,33,76.35,2677.64,120.05,4,1,1,0,1,mensual,credito,fibra,centro,0
44,7,54.33,373.17,248.44,1,1,1,0,0,mensual,credito,cable,oeste,1
31,58,77.33,4394.54,111.33,4,1,1,1,1,mensual,debito,fibra,oeste,0
52,69,103.49,7011.98,5.0,1,0,1,2,1,bianual,transferencia,fibra,centro,1
22,64,35.67,2313.96,110.08,4,0,0,2,2,anual,debito,fibra,norte,0
64,54,49.84,2624.49,114.08,2,1,0,3,1,mensual,transferencia,cable,norte,0
32,29,60.74,1770.74,107.95,2,0,1,0,1,anual,transferencia,fibra,norte,0
29,64,57.49,3679.18,84.07,1,0,1,1,2,mensual,credito,fibra,centro,1
19,36,59.01,2159.56,53.93,2,1,0,0,0,anual,debito,cable,norte,0
77,10,41.52,510.97,227.97,4,1,1,4,0,mensual,debito,movil,sur,0
61,62,90.27,5738.19,135.91,3,0,1,2,0,mensual,transferencia,cable,sur,1
46,24,39.39,1084.25,110.39,2,0,0,1,1,mensual,debito,cable,norte,1
36,68,61.4,4357.47,226.38,4,1,1,2,0,bianual,debito,cable,centro,1
60,27,83.82,2231.9,76.57,4,1,1,0,2,anual,debito,movil,oeste,0
46,63,64.46,3973.27,150.12,2,0,0,2,0,anual,credito,fibra,sur,1
73,39,47.37,1837.29,57.55,2,1,1,3,0,bianual,credito,fibra,sur,1
63,34,40.72,1325.76,157.54,4,0,1,3,0,anual,debito,cable,norte,1
77,22,60.86,1181.44,63.28,3,0,1,2,0,bianual,credito,fibra,norte,1
70,61,51.37,3102.76,143.52,2,1,0,1,0,mensual,credito,fibra,centro,0
53,5,68.69,425.95,217.66,3,1,0,2,1,mensual,credito,fibra,centro,0
19,34,39.77,1497.44,124.67,2,1,1,2,0,anual,transferencia,movil,centro,0
76,27,79.63,2138.73,10.37,2,0,0,1,1,bianual,debito,movil,centro,0
33,40,67.08,2812.94,121.79,3,1,1,3,0,anual,credito,fibra,norte,0
53,19,68.42,1300.77,144.02,2,0,0,1,0,bianual,debito,fibra,oeste,1
64,48,90.94,4079.26,165.05,3,0,1,3,0,anual,debito,fibra,oeste,1
33,28,57.12,1436.16,193.68,3,1,0,3,1,mensual,credito,fibra,centro,1
65,14,51.94,776.06,196.23,4,1,1,2,0,bianual,credito,fibra,oeste,0
51,15,55.14,609.8,113.45,4,1,0,0,2,anual,credito,fibra,oeste,1
74,51,61.53,2977.82,87.03,4,1,1,0,1,mensual,efectivo,cable,centro,1
25,19,63.36,1020.88,64.07,3,1,0,2,0,anual,transferencia,ninguno,oeste,0
35,23,50.05,1125.93,93.0,2,1,0,0,1,mensual,debito,fibra,centro,0
62,46,28.58,1343.1,143.83,2,0,0,1,0,anual,credito,fibra,centro,0
72,24,54.9,1112.41,52.57,1,1,1,0,1,mensual,credito,cable,sur,0
32,28,71.48,2091.99,73.66,4,0,0,0,0,mensual,credito,fibra,centro,1
61,18,67.45,1215.16,148.11,4,1,1,2,0,anual,credito,fibra,norte,1
43,25,86.59,2005.99,87.68,3,0,0,1,1,mensual,efectivo,fibra,centro,1
71,50,100.2,5014.52,138.5,4,1,1,1,1,mensual,credito,cable,sur,0
40,39,78.67,2977.2,79.28,3,1,0,3,1,mensual,transferencia,fibra,sur,1
76,72,89.89,6379.44,134.39,1,0,0,2,0,anual,credito,fibra,centro,0
32,56,78.8,4260.55,81.41,4,1,1,1,0,mensual,transferencia,movil,oeste,0
78,2,95.78,189.23,24.9,2,1,0,1,0,mensual,credito,fibra,oeste,0
61,28,98.32,2722.64,167.8,3,1,1,1,0,mensual,debito,movil,oeste,1
31,21,82.12,1693.04,85.21,3,0,1,3,0,mensual,credito,cable,centro,1
37,43,77.71,3326.1,107.57,2,1,1,0,1,anual,credito,fibra,centro,0
22,20,61.31,1254.25,85.44,2,0,0,1,0,anual,debito,fibra,norte,0
75,70,64.26,4473.97,147.22,3,0,0,1,3,anual,credito,movil,centro,0
27,22,58.92,1057.58,136.66,2,0,0,2,0,mensual,transferencia,fibra,sur,1
18,38,76.18,2888.83,147.1,2,1,0,1,4,anual,transferencia,fibra,norte,0
53,9,52.03,351.88,92.52,1,0,1,1,1,mensual,credito,fibra,centro,0
45,66,61.56,4197.5,117.51,2,1,1,1,0,anual,credito,ninguno,norte,0
59,66,22.61,1543.27,140.85,3,1,1,3,2,mensual,transferencia,ninguno,oeste,0
46,58,96.02,5687.51,197.26,3,1,1,0,0,anual,efectivo,cable,oeste,0
30,26,61.03,1520.91,135.33,2,1,1,2,1,bianual,debito,fibra,sur,0
53,5,73.2,472.74,69.83,4,1,1,1,1,bianual,debito,fibra,norte,0
70,52,91.24,4609.85,133.39,1,0,0,4,0,bianual,debito,fibra,centro,0
25,31,70.41,2180.03,111.75,3,1,0,3,2,mensual,credito,fibra,centro,1
34,72,91.0,6442.51,20.06,1,1,0,2,0,mensual,transferencia,ninguno,centro,0
70,51,42.65,2246.43,27.74,4,0,0,3,0,mensual,debito,cable,centro,1
74,39,108.15,4424.2,116.68,4,1,1,4,0,mensual,transferencia,fibra,centro,0
31,72,84.57,6130.85,120.89,4,1,1,3,1,anual,debito,movil,oeste,1
67,58,68.77,3809.07,105.26,2,1,0,1,2,anual,debito,fibra,norte,0
41,34,90.65,3000.77,164.21,2,1,0,1,0,bianual,credito,cable,oeste,1
61,2,43.96,454.87,73.24,2,1,1,3,1,bianual,credito,fibra,centro,1
52,7,59.8,516.85,50.69,2,0,1,4,1,mensual,debito,fibra,centro,0
43,32,91.0,2819.12,78.72,1,1,0,2,0,bianual,debito,fibra,sur,1
18,41,31.39,1397.28,89.51,3,1,1,2,0,bianual,credito,fibra,oeste,0
40,3,75.09,240.02,117.09,1,1,1,2,0,anual,efectivo,movil,norte,0
55,10,74.58,1060.85,80.12,4,1,0,3,1,mensual,transferencia,movil,centro,0
64,51,100.45,5131.35,12.91,1,1,1,1,0,mensual,credito,cable,norte,0
30,55,36.51,1977.36,5.0,2,0,1,1,1,mensual,efectivo,movil,centro,1
30,3,93.97,273.22,126.16,2,1,1,1,3,mensual,credito,fibra,centro,0
64,37,54.93,1985.76,63.55,1,1,1,0,0,mensual,debito,fibra,norte,0
33,6,56.95,255.83,19.73,4,1,0,2,0,mensual,credito,fibra,norte,0
35,53,43.0,2144.01,151.25,1,0,1,0,0,mensual,efectivo,fibra,sur,1
43,61,45.42,2713.06,197.26,4,1,1,3,1,anual,credito,fibra,sur,1
54,63,72.26,4644.65,115.28,3,0,1,4,1,mensual,efectivo,movil,norte,0
38,44,44.98,1948.31,133.42,3,1,0,1,0,bianual,credito,movil,centro,0
48,46,78.33,3533.97,133.85,2,1,1,2,1,mensual,efectivo,fibra,centro,0
76,67,53.07,3396.58,5.0,1,0,1,3,0,mensual,transferencia,fibra,centro,1
71,45,43.17,2027.18,164.43,3,0,1,2,2,mensual,transferencia,cable,sur,1
46,33,55.5,2024.62,181.99,1,1,1,1,1,anual,efectivo,ninguno,centro,0
39,55,71.06,3806.58,211.84,2,0,1,1,1,mensual,debito,fibra,centro,1
42,43,60.01,2503.94,98.12,3,1,1,1,1,anual,credito,fibra,centro,0
48,61,65.62,3892.26,63.24,3,1,1,1,0,mensual,debito,movil,oeste,0
42,38,77.53,3044.37,187.93,3,1,0,1,1,mensual,transferencia,cable,oeste,0
50,63,84.48,5447.26,144.95,2,1,0,3,1,mensual,credito,movil,oeste,1
52,4,59.42,256.06,163.73,4,1,0,3,0,mensual,debito,cable,centro,0
24,3,46.2,50.0,87.65,2,1,0,3,0,bianual,credito,movil,sur,0
54,8,66.37,577.77,133.58,3,1,0,0,1,mensual,debito,movil,norte,1
51,41,73.47,3040.38,67.33,2,0,1,3,0,mensual,credito,fibra,centro,0
74,52,38.71,2052.96,119.74,2,1,1,1,0,anual,debito,fibra,centro,1
47,16,48.97,658.18,102.61,3,1,1,2,0,anual,efectivo,cable,centro,1
43,12,52.05,491.15,237.18,4,1,1,1,2,mensual,credito,fibra,centro,0
28,62,61.26,3603.31,147.43,2,1,0,2,1,bianual,efectivo,fibra,centro,0
25,55,51.3,2959.81,12.4,1,1,0,3,2,mensual,debito,fibra,norte,0
55,47,77.73,3795.45,119.92,3,1,0,4,1,mensual,credito,fibra,oeste,1
42,36,36.11,1105.74,138.41,2,1,1,1,0,anual,efectivo,movil,oeste,0
49,31,36.57,1037.92,96.3,3,0,0,2,0,bianual,transferencia,fibra,norte,0
34,2,58.99,50.0,64.86,4,1,0,3,0,mensual,debito,fibra,centro,1
26,14,61.84,974.86,153.03,2,1,0,1,0,mensual,efectivo,cable,oeste,1
77,65,38.82,2533.69,71.93,4,0,1,1,0,anual,debito,cable,centro,0
56,25,54.08,1537.08,148.77,3,0,1,4,0,anual,debito,fibra,centro,0
51,51,57.78,2911.82,67.71,3,1,0,2,0,mensual,transferencia,fibra,oeste,0
46,51,57.92,2793.14,93.3,4,1,0,2,0,bianual,transferencia,fibra,centro,0
20,23,67.73,1469.43,167.81,4,1,0,3,0,mensual,credito,movil,centro,0
73,15,53.09,687.13,144.46,4,1,1,3,1,anual,debito,fibra,sur,0
55,50,91.6,4706.2,121.57,4,0,0,2,0,bianual,debito,cable,centro,0
50,7,73.79,747.25,118.5,4,1,0,1,0,mensual,debito,ninguno,oeste,0
77,36,50.47,1875.76,124.53,4,0,0,5,0,mensual,credito,fibra,norte,1
32,64,66.7,4185.15,80.42,3,0,0,2,0,mensual,debito,movil,centro,0
30,52,67.23,3526.75,44.17,2,1,0,1,0,anual,transferencia,movil,centro,0
63,56,86.86,4668.34,148.46,2,1,1,2,0,mensual,efectivo,cable,norte,0
72,6,54.19,301.07,196.51,4,0,1,1,0,anual,efectivo,ninguno,oeste,1
43,15,78.81,981.31,150.21,4,1,1,2,1,mensual,transferencia,fibra,oeste,0
27,20,65.75,1372.71,132.71,3,1,0,1,0,mensual,debito,movil,norte,0
68,22,91.85,2000.72,59.57,1,0,1,1,0,mensual,credito,fibra,centro,0
27,14,88.24,1333.73,163.86,4,1,1,2,2,mensual,efectivo,fibra,norte,0
45,70,68.55,4887.53,144.07,2,0,0,2,1,mensual,debito,fibra,norte,0
42,12,60.28,656.74,158.01,3,0,0,0,0,bianual,debito,cable,norte,0
30,51,74.12,3901.9,171.69,1,1,0,2,1,anual,debito,fibra,centro,1
76,43,61.75,2513.19,199.3,4,0,1,0,1,mensual,credito,fibra,oeste,1
48,44,95.25,4507.24,64.26,2,0,1,2,0,bianual,efectivo,fibra,centro,1
55,16,66.41,901.72,55.55,2,0,1,2,0,mensual,credito,fibra,sur,0
24,23,57.7,1416.54,127.41,3,0,1,2,0,bianual,credito,fibra,norte,0
68,44,56.73,2645.35,73.87,3,1,0,1,1,mensual,credito,cable,norte,0
42,22,43.17,971.35,65.21,2,0,1,2,0,mensual,transferencia,cable,norte,0
25,50,75.02,3627.03,181.0,1,0,0,1,0,bianual,debito,cable,centro,0
52,3,50.24,57.82,69.55,4,1,0,3,2,mensual,credito,cable,oeste,0
54,6,84.77,385.96,119.45,4,1,1,0,0,bianual,efectivo,fibra,oeste,0
55,53,41.73,2211.09,38.43,3,1,0,2,0,anual,efectivo,fibra,norte,1
65,45,67.29,3123.09,123.15,1,1,0,1,0,mensual,credito,movil,norte,0
40,4,85.7,400.84,179.14,4,1,1,1,0,mensual,debito,cable,centro,0
38,65,26.26,1713.56,180.65,2,0,0,5,0,mensual,efectivo,cable,centro,0
27,1,101.33,50.0,172.25,3,1,0,0,1,anual,efectivo,fibra,norte,0
77,69,57.34,4160.6,116.08,3,1,0,0,0,mensual,debito,fibra,oeste,1
37,53,67.54,3558.61,175.58,3,1,1,2,1,mensual,debito,fibra,centro,0
76,72,75.29,5375.26,141.5,1,0,0,2,0,mensual,debito,cable,centro,1
49,69,78.07,5414.51,98.05,4,1,1,2,2,mensual,credito,movil,oeste,1
75,23,69.93,1409.4,139.09,3,1,0,1,1,mensual,debito,cable,sur,1
51,55,82.95,4555.29,164.28,4,0,1,2,2,mensual,debito,movil,centro,1
75,16,74.34,1164.37,53.61,1,1,0,0,2,mensual,transferencia,cable,oeste,0
69,34,96.7,3267.25,66.98,3,0,0,0,0,bianual,debito,movil,oeste,1
21,18,74.4,1485.65,112.82,1,0,0,3,0,anual,efectivo,movil,norte,0
21,35,100.36,3362.58,58.91,1,1,0,3,2,mensual,credito,fibra,norte,1
27,63,81.22,5112.22,58.2,4,1,1,1,0,anual,credito,fibra,centro,1
50,32,32.5,966.05,98.97,1,1,1,3,0,mensual,efectivo,movil,norte,0
27,7,112.0,758.11,169.6,1,1,1,0,0,mensual,debito,cable,centro,0
29,24,54.66,1411.65,168.66,1,0,1,0,1,mensual,debito,fibra,oeste,1
32,57,91.92,5224.0,136.05,2,0,0,2,1,mensual,credito,cable,norte,0
71,38,65.48,2455.29,129.01,1,0,0,1,1,bianual,credito,fibra,norte,1
36,41,84.1,3166.18,224.37,1,1,0,4,0,mensual,credito,movil,centro,1
59,32,52.61,1777.66,93.03,3,0,0,3,0,anual,efectivo,cable,oeste,0
39,22,76.26,1482.94,132.05,1,1,1,2,1,mensual,efectivo,movil,centro,0
34,44,60.44,2602.87,90.55,2,1,1,2,0,mensual,debito,cable,oeste,1
26,46,93.42,4194.55,55.63,1,1,1,1,0,mensual,debito,fibra,centro,0
53,65,72.9,4464.75,179.24,3,0,0,1,1,mensual,credito,ninguno,sur,1
51,45,81.85,3699.93,104.74,2,0,0,4,1,mensual,efectivo,fibra,sur,0
70,72,26.05,1824.98,154.74,4,0,1,2,1,mensual,debito,movil,centro,0
69,60,63.46,3869.21,107.69,4,1,0,0,2,mensual,credito,fibra,sur,0
26,6,72.39,499.68,182.33,2,1,1,0,0,bianual,debito,fibra,norte,0
52,29,69.03,2075.69,70.14,2,1,0,3,0,anual,efectivo,movil,sur,0
37,28,82.3,2365.24,178.2,4,1,0,1,4,bianual,debito,cable,centro,1
55,1,58.41,117.57,164.71,2,1,1,0,1,bianual,credito,ninguno,oeste,1
47,14,65.88,1036.89,30.27,4,1,0,0,0,mensual,debito,movil,oeste,1
40,55,86.26,4787.35,94.16,1,1,1,2,2,bianual,credito,fibra,centro,0
33,26,23.98,649.22,171.04,3,0,0,0,0,bianual,credito,movil,sur,0
47,11,75.61,811.64,201.87,2,1,0,2,2,mensual,credito,movil,centro,0
26,21,58.99,1269.73,155.77,4,1,0,3,0,anual,debito,ninguno,norte,0
47,20,48.58,1033.98,100.17,1,0,0,2,2,mensual,debito,movil,centro,0
29,13,71.06,982.67,71.58,4,1,1,4,1,mensual,debito,cable,centro,1
29,8,87.09,675.15,148.33,4,1,0,3,0,mensual,transferencia,movil,sur,0
38,56,83.7,4941.83,98.7,2,1,1,0,1,mensual,transferencia,cable,norte,0
66,60,62.57,3937.96,100.82,3,0,0,2,0,mensual,debito,fibra,oeste,1
64,36,80.76,2808.96,108.79,3,1,1,1,0,anual,debito,movil,norte,0
75,45,80.63,3627.33,164.09,3,1,1,0,0,mensual,credito,fibra,centro,0
77,67,63.43,4443.11,210.32,3,0,1,2,0,mensual,debito,fibra,centro,1
30,61,52.52,3097.33,171.34,3,0,0,3,1,mensual,transferencia,fibra,centro,1
31,3,53.57,50.0,120.48,2,0,1,3,1,bianual,credito,fibra,norte,0
75,69,80.08,5846.62,75.04,4,0,1,1,1,anual,transferencia,movil,oeste,1
67,5,64.24,262.81,153.38,4,1,0,3,0,mensual,credito,cable,centro,0
57,2,46.17,50.0,203.27,4,1,0,1,0,anual,efectivo,cable,centro,1
45,30,34.67,941.32,170.18,1,1,1,2,2,anual,transferencia,cable,centro,1
33,54,79.97,4266.91,130.39,1,0,0,2,0,anual,debito,cable,norte,0
25,6,55.16,428.02,95.55,2,1,0,3,0,bianual,debito,fibra,centro,1
73,22,70.95,1564.83,137.26,1,0,1,0,1,mensual,credito,cable,centro,0
54,19,87.31,1489.52,177.73,4,0,0,2,2,mensual,debito,fibra,sur,1
21,29,41.44,849.08,131.62,2,1,0,0,0,bianual,credito,ninguno,centro,0
41,71,64.19,4616.02,114.83,4,1,0,6,0,anual,efectivo,fibra,sur,0
64,24,61.93,1493.42,85.64,4,1,0,3,0,mensual,debito,movil,centro,0
36,16,71.84,1294.0,249.47,2,1,1,5,2,anual,transferencia,fibra,oeste,1
74,9,87.3,709.1,75.45,3,1,1,1,1,mensual,debito,fibra,oeste,0
40,15,41.07,583.16,70.83,3,1,0,5,0,mensual,debito,movil,centro,0
67,10,75.26,687.3,128.2,3,1,0,2,0,anual,debito,cable,centro,1
49,42,83.57,3435.79,109.9,1,0,1,0,1,mensual,debito,fibra,oeste,1
67,31,61.65,1956.55,171.16,3,0,1,3,0,mensual,debito,cable,sur,1
48,36,62.53,2195.54,172.86,3,1,0,4,0,mensual,efectivo,fibra,oeste,1
58,60,72.53,4149.0,59.29,1,0,1,1,0,mensual,credito,fibra,oeste,0
42,42,71.21,3147.61,82.22,4,1,1,0,0,mensual,debito,fibra,sur,0
31,12,75.48,931.47,76.23,4,0,0,2,0,mensual,debito,fibra,sur,0
24,28,75.1,2181.08,159.23,3,1,1,1,2,mensual,efectivo,fibra,oeste,0
47,23,47.32,1244.92,141.42,2,1,1,0,3,mensual,debito,fibra,sur,0
49,60,82.82,4943.45,101.43,4,0,1,3,1,mensual,debito,movil,norte,0
58,23,86.0,1952.87,130.82,2,1,0,0,0,mensual,transferencia,fibra,norte,1
72,10,68.35,553.32,63.69,1,1,0,0,1,mensual,credito,fibra,oeste,1
78,53,38.11,2122.06,82.87,4,0,1,0,2,anual,debito,fibra,sur,0
42,31,62.93,1763.78,55.0,3,0,0,2,0,anual,credito,ninguno,norte,1
22,7,68.5,502.9,127.27,3,0,1,2,1,mensual,credito,fibra,sur,1
51,50,44.4,2281.96,127.08,3,0,1,2,2,anual,credito,fibra,centro,1
72,16,58.52,777.49,70.78,1,0,0,1,2,mensual,debito,ninguno,sur,0
56,63,39.63,2644.08,141.06,1,0,1,1,0,mensual,efectivo,cable,norte,0
50,60,75.93,4317.37,172.86,2,0,0,2,0,mensual,credito,fibra,centro,0
44,27,67.99,1676.28,68.48,4,1,1,0,0,anual,debito,cable,centro,1
74,41,35.38,1446.45,103.68,4,0,1,1,1,anual,credito,fibra,sur,0
66,41,71.33,3010.08,145.68,2,0,1,0,0,anual,credito,fibra,centro,1
69,48,63.98,2906.88,119.68,4,1,1,1,0,bianual,efectivo,cable,centro,0
20,5,74.3,458.32,51.4,4,1,0,0,1,mensual,debito,ninguno,centro,0
35,24,57.95,1488.92,97.96,4,1,0,1,1,bianual,debito,ninguno,norte,1
25,13,50.57,609.98,96.3,2,1,0,2,1,anual,transferencia,cable,sur,1
51,51,51.12,2622.8,111.48,3,1,1,2,2,anual,debito,fibra,oeste,0
19,5,55.31,416.67,113.61,4,1,1,4,0,mensual,debito,cable,norte,0
69,38,65.34,2666.06,198.3,3,1,1,1,0,mensual,transferencia,ninguno,oeste,1
75,53,67.66,3524.05,109.57,4,0,0,0,0,mensual,transferencia,cable,sur,1
68,69,61.57,4148.36,34.1,2,1,1,1,1,mensual,credito,fibra,centro,0
23,21,57.38,1185.82,124.56,4,1,1,2,1,mensual,credito,ninguno,sur,0
49,1,58.67,50.0,207.39,1,1,1,5,3,mensual,credito,movil,centro,0
67,53,110.14,5987.56,111.64,3,0,1,1,2,mensual,efectivo,fibra,norte,0
43,1,51.13,109.78,98.1,2,1,0,2,2,mensual,credito,cable,centro,0
23,5,54.96,274.31,104.74,2,1,1,1,0,bianual,credito,movil,norte,0
64,72,124.29,9083.06,149.21,3,1,0,2,0,mensual,transferencia,fibra,norte,0
44,63,72.58,4665.34,104.53,2,1,0,3,1,bianual,debito,movil,norte,1
70,51,40.16,2165.08,44.22,4,1,0,3,1,mensual,credito,fibra,oeste,1
51,61,80.17,4956.97,86.41,3,1,1,2,1,mensual,transferencia,fibra,oeste,1
40,6,48.62,461.56,116.77,3,1,1,3,0,mensual,credito,ninguno,sur,1
66,7,81.36,405.06,146.78,2,1,0,1,1,mensual,credito,ninguno,norte,0
64,22,61.2,1409.08,90.87,3,1,0,1,0,mensual,debito,fibra,oeste,0
27,2,57.08,302.71,105.19,2,1,0,2,0,mensual,credito,movil,norte,0
33,64,93.96,5975.36,122.25,3,0,0,1,1,anual,credito,cable,norte,1
57,5,75.2,307.38,81.13,2,1,1,3,0,mensual,transferencia,movil,norte,0
74,40,82.51,3256.11,115.41,3,0,1,4,3,mensual,debito,cable,sur,1
70,62,72.83,4515.7,143.36,3,0,0,0,1,mensual,efectivo,ninguno,oeste,1
28,53,57.0,3150.7,60.68,1,1,0,2,0,anual,debito,movil,centro,1
75,17,76.0,1292.7,135.32,4,1,1,0,0,bianual,transferencia,movil,sur,1
46,34,86.77,3086.08,65.48,4,0,0,0,0,mensual,credito,fibra,centro,1
77,40,67.43,2755.17,66.49,3,1,1,0,1,mensual,credito,fibra,centro,1
32,56,97.43,5568.51,86.86,1,0,1,1,1,bianual,efectivo,fibra,sur,0
74,31,80.31,2495.45,188.27,3,1,1,2,0,bianual,credito,fibra,norte,1
52,21,68.82,1416.05,34.24,1,1,1,2,1,anual,debito,movil,norte,1
39,58,69.53,3873.27,96.8,3,0,1,2,0,anual,credito,cable,sur,1
38,64,67.47,4026.32,118.68,2,1,1,0,3,mensual,credito,cable,norte,1
30,36,42.48,1482.17,178.36,4,0,1,3,2,mensual,transferencia,fibra,sur,1
78,3,63.38,50.0,217.4,3,0,1,1,0,mensual,credito,movil,norte,1
43,37,68.98,2540.97,98.9,1,1,0,2,0,anual,debito,fibra,centro,0
57,65,57.51,3817.49,146.97,4,0,0,3,0,anual,debito,movil,sur,0
31,72,71.08,5120.6,115.27,3,1,1,1,3,mensual,credito,fibra,centro,0
37,29,65.38,1556.85,114.95,4,1,1,4,0,mensual,credito,fibra,centro,0
74,11,78.93,817.29,133.66,1,1,1,2,0,anual,transferencia,fibra,centro,0
20,42,76.94,3294.05,40.73,1,1,0,1,0,mensual,debito,fibra,centro,0
46,60,68.01,4230.5,117.61,1,0,0,3,1,anual,credito,cable,sur,0
53,69,40.39,2847.16,142.54,2,1,0,1,0,anual,efectivo,cable,sur,0
36,4,97.23,385.79,77.01,2,0,0,1,1,mensual,debito,fibra,norte,1
52,21,62.45,1365.15,142.87,3,1,1,1,1,mensual,credito,movil,norte,1
74,35,63.54,2442.55,33.58,2,0,0,1,1,mensual,efectivo,ninguno,norte,1
39,8,58.83,471.24,124.68,2,0,0,4,1,mensual,debito,movil,centro,0
36,64,56.21,3416.33,187.11,3,1,1,0,0,mensual,credito,cable,centro,1
32,9,92.79,776.15,109.07,2,1,1,0,0,anual,credito,fibra,centro,0
48,48,89.95,4225.36,71.09,4,1,1,2,0,mensual,debito,cable,oeste,0
71,67,73.0,4748.67,48.74,1,1,0,3,0,anual,transferencia,fibra,sur,1
45,50,63.06,3064.85,139.53,4,1,0,4,1,mensual,debito,fibra,centro,1
58,55,76.14,4516.07,166.4,4,1,1,5,0,anual,efectivo,fibra,centro,1
69,19,66.33,1134.85,117.2,3,1,1,2,2,mensual,credito,cable,norte,0
25,60,61.58,3631.37,96.82,2,1,1,2,1,anual,debito,fibra,centro,1
47,31,71.09,2535.67,23.45,1,1,1,3,0,mensual,debito,cable,oeste,0
78,5,57.06,350.4,126.2,4,1,1,3,1,anual,transferencia,movil,norte,0
39,27,69.54,1915.01,85.54,1,0,1,1,0,mensual,credito,fibra,sur,0
35,26,68.68,1846.05,88.41,1,1,1,0,2,bianual,debito,fibra,sur,0
25,38,75.85,2900.78,200.82,1,0,1,1,1,mensual,debito,fibra,centro,0
28,20,53.86,1016.92,29.92,1,1,1,2,1,bianual,credito,cable,norte,1
50,34,77.78,2678.66,36.61,2,1,1,0,1,mensual,debito,fibra,centro,0
64,31,48.69,1570.74,131.57,1,1,1,1,0,mensual,efectivo,cable,sur,1
58,24,54.69,1105.06,100.73,2,1,0,6,1,anual,debito,fibra,sur,0
51,51,55.48,2769.94,94.06,4,1,1,2,0,mensual,debito,cable,sur,0
33,22,45.7,796.87,133.63,2,0,0,2,0,anual,credito,cable,sur,0
49,56,83.28,4550.89,132.8,1,1,0,1,2,mensual,debito,cable,centro,1
58,19,47.56,961.43,71.32,1,0,0,4,2,anual,transferencia,ninguno,sur,1
31,63,52.42,3245.95,90.42,4,1,0,4,1,mensual,efectivo,fibra,oeste,1
46,27,87.6,2331.61,122.48,1,1,0,1,1,mensual,credito,cable,sur,1
53,3,54.73,50.0,128.35,4,1,1,0,1,anual,transferencia,fibra,norte,0
20,11,61.61,510.72,144.16,1,1,0,4,0,anual,transferencia,movil,sur,1
58,59,46.78,2615.6,90.84,1,0,1,2,2,anual,debito,fibra,centro,1
20,63,79.99,4828.5,137.35,1,1,0,3,1,anual,debito,cable,norte,0
44,16,80.24,1301.8,167.52,4,1,0,3,0,anual,credito,fibra,sur,1
21,44,78.3,3450.37,122.34,1,0,0,2,0,anual,efectivo,movil,oeste,1
34,42,74.68,3232.66,114.86,4,1,1,0,0,mensual,transferencia,cable,norte,0
43,10,66.32,815.61,108.22,1,1,1,3,0,mensual,credito,cable,oeste,0
27,33,55.56,1998.19,89.13,3,1,0,2,1,anual,debito,cable,sur,0
68,50,50.33,2558.94,73.1,2,1,0,1,0,mensual,transferencia,cable,norte,1
71,70,88.22,6198.22,105.09,1,1,1,2,0,bianual,transferencia,fibra,oeste,0
37,62,78.77,4917.52,142.54,3,1,1,1,1,bianual,efectivo,fibra,centro,0
52,8,52.52,298.48,75.54,3,1,0,4,0,bianual,transferencia,fibra,norte,1
56,18,65.72,1215.48,116.23,2,0,0,1,1,mensual,debito,fibra,centro,0
47,32,59.6,1845.41,110.43,1,1,1,3,1,anual,credito,cable,centro,1
69,11,44.69,344.04,208.89,2,1,0,3,1,mensual,credito,movil,centro,1
71,42,68.2,2648.63,156.14,1,1,1,1,0,mensual,credito,cable,centro,0
52,1,57.52,50.0,155.33,3,1,1,2,0,anual,credito,fibra,norte,0
59,9,47.85,399.85,166.0,2,1,0,2,2,anual,efectivo,cable,norte,1
74,4,38.38,71.68,92.72,3,1,1,0,1,mensual,transferencia,fibra,norte,0
70,22,36.85,720.48,188.84,3,1,1,3,2,bianual,debito,cable,oeste,1
36,55,58.31,3068.2,127.96,3,1,0,2,0,bianual,debito,cable,norte,0
74,13,63.47,757.49,117.77,2,1,0,2,2,mensual,credito,cable,oeste,1
49,72,49.24,3413.48,59.26,2,1,1,2,0,mensual,transferencia,ninguno,sur,1
75,20,76.71,1545.23,99.92,3,0,1,0,1,bianual,credito,fibra,centro,0
51,4,63.82,343.67,31.7,4,1,1,1,5,mensual,credito,movil,centro,1
77,25,75.38,1825.84,107.59,3,0,1,2,1,mensual,credito,movil,norte,0
28,54,61.71,3462.93,91.18,1,1,0,5,0,mensual,transferencia,fibra,norte,0
65,8,50.83,313.4,100.08,2,1,0,4,0,anual,debito,movil,sur,0
48,6,67.05,170.62,50.7,4,1,0,0,0,anual,credito,fibra,centro,1
26,62,42.27,2784.17,155.18,3,0,1,2,0,anual,transferencia,cable,sur,0
57,43,74.71,2967.11,149.63,3,1,0,0,1,anual,debito,fibra,norte,1
51,25,48.13,1135.99,204.49,3,0,1,2,0,anual,debito,fibra,sur,0
24,55,81.53,4578.14,203.07,2,1,1,1,0,anual,transferencia,cable,oeste,0
27,61,58.91,3742.19,127.81,4,1,0,1,1,mensual,debito,fibra,centro,0
57,26,84.13,2167.87,171.17,1,1,0,0,2,mensual,credito,fibra,oeste,0
76,41,44.79,1767.57,133.07,4,1,1,1,0,mensual,efectivo,cable,sur,0
50,1,52.8,304.77,98.63,1,1,0,0,1,mensual,debito,cable,sur,0
41,23,71.86,1763.08,106.09,2,0,0,1,0,mensual,efectivo,fibra,sur,0
40,43,86.07,3830.12,151.95,3,1,1,0,1,mensual,debito,movil,norte,1
62,15,95.0,1481.92,324.4,2,1,1,1,1,mensual,credito,ninguno,sur,1
41,72,65.74,4805.75,178.34,4,0,0,3,1,mensual,debito,fibra,sur,0
50,70,98.08,6896.47,132.32,4,1,1,4,2,mensual,transferencia,ninguno,centro,1
70,19,59.79,1120.17,144.19,4,1,1,1,0,mensual,efectivo,ninguno,norte,0
65,29,84.78,2236.14,143.74,3,0,0,3,1,anual,debito,cable,oeste,1
76,14,48.04,511.73,115.49,4,0,0,1,0,anual,efectivo,movil,oeste,0
62,37,72.56,2765.92,157.82,3,1,1,3,2,anual,transferencia,movil,centro,1
39,9,22.85,349.77,112.23,2,1,1,1,0,mensual,efectivo,movil,sur,0
23,29,44.81,1321.02,69.42,3,1,0,1,0,anual,transferencia,fibra,centro,0
45,40,73.4,2803.67,144.08,2,1,0,3,1,anual,transferencia,movil,norte,0
39,45,41.38,1886.15,150.77,2,0,1,3,0,mensual,efectivo,fibra,centro,0
47,43,72.69,3170.93,112.71,3,0,0,0,0,mensual,transferencia,movil,sur,0
75,16,81.32,1072.36,135.49,2,0,0,0,1,mensual,transferencia,fibra,oeste,1
57,58,55.98,3426.91,168.04,2,1,1,4,1,mensual,debito,movil,centro,1
27,50,47.56,2481.33,117.41,4,1,1,2,1,mensual,debito,movil,centro,0
32,55,56.46,2977.74,97.65,2,1,0,1,2,mensual,credito,cable,centro,0
28,34,47.62,1608.83,84.53,3,0,1,0,0,mensual,debito,fibra,centro,0
39,65,63.18,4066.64,107.31,2,0,0,0,1,mensual,credito,fibra,norte,0
76,29,66.84,2092.88,196.74,2,1,0,4,2,mensual,transferencia,fibra,centro,0
26,59,59.49,3441.59,110.08,2,1,0,1,0,bianual,credito,ninguno,oeste,0
61,15,95.14,1283.22,137.97,2,1,1,3,0,mensual,efectivo,movil,sur,1
18,18,52.05,922.51,103.78,4,1,0,1,1,anual,credito,movil,norte,0
24,38,90.05,3296.26,99.49,2,1,1,3,1,mensual,debito,movil,oeste,1
29,41,46.26,2012.16,76.03,1,1,0,2,1,anual,debito,cable,oeste,1
42,54,66.31,3569.11,125.01,1,1,1,2,0,anual,efectivo,fibra,norte,1
20,22,86.3,1755.5,94.15,1,1,1,1,0,anual,credito,fibra,norte,0
20,63,85.36,5289.04,183.68,4,1,1,5,0,anual,efectivo,fibra,norte,1
32,24,57.44,1321.78,114.62,1,1,1,1,0,anual,debito,movil,oeste,0
66,39,74.99,2885.63,117.77,4,1,1,1,1,anual,debito,movil,oeste,1
39,68,72.58,4736.8,110.99,3,1,1,4,0,mensual,transferencia,fibra,sur,1
23,39,55.28,2014.32,138.55,1,1,0,1,1,mensual,credito,cable,oeste,1
21,50,76.09,3834.84,194.55,2,0,1,3,0,bianual,credito,cable,norte,0
22,66,98.52,6653.79,68.01,4,0,1,2,0,mensual,credito,cable,sur,0
76,71,73.49,5153.52,133.89,2,1,0,3,0,mensual,credito,cable,norte,1
43,36,75.19,2715.7,41.56,4,1,0,2,0,bianual,transferencia,fibra,oeste,0
26,31,77.1,2667.83,181.16,2,1,1,2,0,bianual,debito,cable,norte,1
27,15,38.7,607.08,114.59,2,1,1,6,0,mensual,debito,movil,oeste,1
70,39,73.28,2621.7,45.25,1,1,0,2,2,mensual,debito,fibra,centro,0
67,67,46.7,3193.97,56.21,3,0,0,4,0,mensual,credito,cable,oeste,1
61,36,54.38,1981.16,160.69,4,1,0,2,2,mensual,transferencia,fibra,centro,1
50,26,103.91,2647.04,36.77,3,1,1,3,2,bianual,transferencia,movil,centro,0
64,8,60.44,345.07,133.91,1,1,0,1,0,mensual,efectivo,ninguno,norte,1
48,29,51.68,1594.76,98.57,2,0,1,1,2,mensual,credito,cable,norte,1
31,18,85.75,1215.1,110.26,3,1,1,2,1,bianual,credito,fibra,centro,0
43,71,47.94,3350.01,86.31,1,0,0,2,1,mensual,credito,ninguno,sur,0
75,38,56.95,2118.82,72.36,3,1,1,3,1,bianual,efectivo,fibra,centro,1
41,10,87.48,787.57,95.63,4,0,0,1,1,mensual,debito,cable,norte,1
32,5,65.77,313.55,148.6,2,1,1,3,0,mensual,credito,fibra,centro,1
55,62,36.89,2135.23,105.37,2,0,1,2,0,bianual,credito,fibra,norte,1
19,68,74.79,5149.95,141.06,3,1,1,0,0,mensual,efectivo,movil,norte,1
49,55,57.86,3530.56,107.89,3,1,0,0,2,anual,debito,fibra,norte,0
27,9,92.72,723.89,150.56,1,0,1,1,2,mensual,debito,movil,norte,1
18,8,54.09,480.46,140.75,2,1,1,1,0,anual,credito,movil,centro,0
39,15,83.92,1276.12,92.96,3,0,0,3,0,mensual,credito,cable,norte,1
61,55,96.96,5356.23,72.32,4,1,1,2,1,anual,debito,fibra,centro,0
22,56,49.68,2725.11,167.78,3,1,0,2,0,bianual,credito,fibra,centro,0
23,61,61.52,3753.05,79.33,1,0,1,0,1,mensual,credito,movil,norte,0
67,7,72.0,528.72,145.04,1,1,0,0,3,mensual,credito,fibra,centro,1
73,12,49.57,690.46,121.55,4,1,1,3,5,anual,credito,fibra,norte,0
52,65,69.87,4628.76,96.85,3,1,0,2,0,bianual,debito,cable,sur,1
46,67,60.95,4237.24,141.47,4,1,0,0,0,mensual,transferencia,cable,centro,1
74,53,60.59,3122.57,188.39,1,1,0,1,4,bianual,credito,cable,centro,0
33,8,65.88,548.69,151.28,3,1,1,3,1,bianual,credito,fibra,oeste,1
53,5,66.28,312.43,126.46,1,0,1,3,1,anual,credito,fibra,oeste,1
21,5,67.95,442.09,201.07,2,1,0,4,2,mensual,debito,fibra,norte,0
21,50,54.22,2522.94,36.29,2,1,1,2,1,mensual,transferencia,cable,centro,0
40,61,55.01,3486.68,64.39,2,1,0,2,2,anual,credito,ninguno,sur,1
50,46,62.87,2929.93,96.78,1,1,1,4,1,anual,debito,movil,sur,0
18,19,64.19,1363.55,190.97,1,0,0,2,0,mensual,efectivo,cable,centro,0
22,55,57.1,3146.05,167.14,1,1,1,1,0,mensual,efectivo,cable,centro,0
26,5,70.83,332.32,34.19,3,1,1,0,2,anual,transferencia,cable,oeste,1
75,60,32.33,1860.41,98.18,2,1,0,3,3,mensual,credito,cable,oeste,1
33,65,51.85,3321.33,53.81,2,1,1,3,0,anual,credito,movil,sur,0
58,52,59.96,2874.32,117.98,4,1,1,0,1,mensual,credito,cable,oeste,1
74,64,49.59,3154.04,165.09,2,1,0,2,0,mensual,debito,fibra,oeste,0
39,43,94.33,3992.52,168.78,4,1,0,3,2,mensual,credito,cable,centro,1
27,34,65.34,2232.28,133.4,3,1,0,4,2,mensual,transferencia,fibra,centro,1
55,24,68.18,1551.67,98.75,4,1,0,3,0,anual,credito,cable,centro,0
38,67,56.3,3813.77,115.23,3,1,1,4,0,anual,efectivo,movil,centro,1
63,51,64.72,3284.22,154.16,4,1,0,0,1,mensual,credito,cable,norte,0
77,14,43.13,384.03,237.37,3,0,1,0,0,mensual,credito,fibra,norte,0
75,69,61.94,4279.09,60.75,3,0,0,1,0,anual,credito,cable,sur,0
41,5,48.13,338.85,199.44,2,0,1,5,1,mensual,transferencia,fibra,oeste,0
56,43,60.01,2687.45,132.2,3,1,0,0,1,bianual,debito,cable,sur,0
45,14,18.92,157.42,161.01,2,1,1,1,2,anual,credito,fibra,norte,1
59,48,44.7,1964.21,129.26,2,1,1,3,0,bianual,transferencia,cable,centro,0
34,30,91.35,2870.88,190.21,1,0,0,0,0,anual,credito,movil,sur,1
42,32,79.95,2607.53,136.48,4,1,1,1,0,bianual,debito,fibra,oeste,0
24,49,88.74,4231.45,87.56,2,1,0,4,1,anual,credito,cable,sur,0
31,55,89.98,4848.22,142.51,2,0,1,0,0,mensual,efectivo,cable,centro,0
31,28,77.11,2162.16,176.34,4,1,0,1,0,anual,credito,movil,oeste,1
39,72,56.85,4195.8,120.01,3,0,0,0,3,mensual,transferencia,ninguno,oeste,1
27,36,46.33,1627.12,16.3,3,1,1,2,1,anual,debito,cable,oeste,0
58,12,85.64,848.16,114.25,4,1,0,0,1,mensual,credito,fibra,centro,0
77,1,66.16,50.0,124.9,4,1,0,0,1,anual,debito,cable,sur,0
71,15,109.89,1549.69,117.75,4,1,0,1,1,anual,efectivo,cable,centro,1
64,50,58.43,2820.75,95.23,2,1,1,0,0,bianual,debito,movil,centro,0
58,39,100.51,3785.14,186.15,1,0,1,2,1,mensual,efectivo,movil,sur,1
37,25,62.18,1723.5,5.0,1,1,0,1,0,bianual,credito,movil,centro,1
76,35,89.05,2928.14,124.7,2,1,1,1,0,anual,credito,fibra,oeste,0
52,61,95.54,5738.44,125.4,3,1,1,4,0,mensual,credito,cable,norte,0
59,42,46.59,2213.74,224.74,2,0,1,1,0,mensual,debito,movil,oeste,0
22,5,56.27,184.59,119.28,3,0,1,1,1,mensual,debito,fibra,centro,1
56,4,46.41,183.36,142.28,4,1,0,2,4,mensual,credito,cable,sur,0
29,35,42.86,1669.37,126.25,3,1,0,1,0,anual,transferencia,cable,sur,0
18,30,77.01,2295.78,124.72,3,1,1,2,1,mensual,transferencia,fibra,sur,1
74,62,61.46,3856.57,208.15,4,1,1,0,0,mensual,efectivo,movil,sur,0
55,42,65.94,2688.83,64.42,1,0,1,3,1,anual,debito,fibra,norte,1
18,55,75.01,4020.93,86.64,2,0,1,2,2,mensual,transferencia,ninguno,norte,0
22,43,31.57,1164.04,157.71,4,1,1,2,0,bianual,debito,cable,sur,1
66,25,88.16,2177.96,132.84,1,0,1,1,0,mensual,credito,fibra,norte,0
49,48,58.72,2863.61,105.84,2,0,1,0,0,mensual,debito,movil,norte,1
27,45,74.58,3588.39,116.47,4,1,0,2,0,bianual,efectivo,movil,oeste,0
53,52,76.17,3895.77,165.7,4,1,0,1,1,mensual,credito,fibra,centro,0
74,14,89.67,1398.65,144.25,4,1,0,3,1,mensual,credito,fibra,oeste,0
57,47,63.11,3078.21,84.35,4,0,1,2,0,bianual,debito,cable,centro,1
69,21,26.77,473.32,131.89,1,1,1,1,0,mensual,credito,cable,sur,1
71,57,66.03,3767.18,117.51,4,1,1,1,1,bianual,debito,fibra,centro,0
75,58,68.61,3984.28,143.52,2,1,1,2,0,bianual,transferencia,cable,centro,1
46,45,46.38,1920.71,103.95,4,0,0,3,1,mensual,credito,cable,centro,0
78,69,67.65,4637.58,59.58,2,1,0,0,0,anual,debito,movil,norte,0
47,39,58.5,2180.37,153.62,4,1,1,5,0,anual,debito,movil,norte,0
38,2,40.83,53.89,147.43,1,0,0,0,0,bianual,debito,fibra,norte,0
51,44,77.09,3372.32,190.76,3,1,0,2,1,anual,credito,cable,norte,0
70,56,54.85,3065.31,54.19,1,1,0,5,1,anual,debito,cable,oeste,0
38,8,57.69,388.94,116.48,3,1,1,2,0,mensual,debito,cable,centro,0
47,8,56.67,325.96,108.48,4,0,0,0,0,anual,debito,fibra,norte,0
34,20,87.24,1532.29,100.19,3,0,0,3,2,anual,debito,movil,sur,0
39,61,64.26,4031.33,42.95,1,1,1,2,1,bianual,credito,movil,centro,0
24,38,66.42,2526.29,66.69,3,1,1,1,1,mensual,transferencia,fibra,sur,1
70,71,57.07,4174.39,133.53,1,0,1,2,1,mensual,debito,fibra,centro,0
69,63,73.33,4600.66,95.01,1,0,0,1,3,bianual,credito,cable,norte,0
78,40,89.29,3568.85,78.68,3,1,0,3,0,anual,credito,ninguno,sur,0
20,49,76.66,3723.02,191.52,2,1,0,1,0,mensual,credito,cable,oeste,1
21,24,77.36,1811.96,238.69,2,1,1,3,1,mensual,efectivo,fibra,centro,1
77,7,75.91,559.24,117.18,1,0,0,2,1,bianual,transferencia,movil,oeste,1
68,29,40.16,1127.64,44.89,3,1,0,4,0,bianual,credito,cable,centro,1
35,43,49.23,2231.76,139.82,3,1,0,2,0,mensual,credito,cable,sur,0
47,14,61.31,1024.25,15.73,4,1,1,2,1,anual,credito,fibra,centro,0
60,16,51.93,986.63,52.49,2,1,0,1,3,mensual,debito,fibra,centro,1
41,2,45.84,276.54,140.68,1,1,1,2,1,mensual,debito,cable,oeste,0
62,53,31.3,1521.1,50.81,1,0,1,3,0,anual,transferencia,movil,norte,1
65,65,40.76,2793.36,105.2,4,1,1,2,1,mensual,efectivo,movil,centro,1
42,60,60.38,3633.23,45.82,4,1,1,3,0,mensual,efectivo,ninguno,centro,0
20,28,63.75,1797.05,122.81,3,1,0,1,0,mensual,credito,cable,sur,0
43,43,50.73,2094.99,176.16,4,1,0,2,2,mensual,efectivo,cable,centro,1
76,70,66.42,4604.11,89.36,2,1,0,4,1,mensual,transferencia,cable,norte,1
54,43,57.19,2194.5,119.03,1,0,0,2,0,bianual,credito,fibra,sur,0
24,22,84.63,1928.58,79.21,3,1,0,2,1,mensual,efectivo,fibra,sur,0
22,25,62.09,1527.71,82.71,4,0,1,2,2,anual,efectivo,movil,sur,1
76,53,77.53,4046.85,78.43,1,1,1,2,0,mensual,credito,fibra,centro,0
19,33,68.66,2425.99,159.3,1,1,1,6,3,bianual,transferencia,ninguno,oeste,0
18,61,39.76,2426.53,49.32,3,1,0,2,1,anual,transferencia,movil,norte,0
62,63,63.37,3881.4,103.41,3,1,1,2,0,bianual,credito,fibra,sur,0
24,3,42.76,126.14,140.49,1,1,1,2,0,mensual,credito,fibra,sur,0
49,53,63.05,3547.17,165.49,4,1,0,1,0,mensual,debito,movil,oeste,0
25,27,51.59,1377.25,142.03,4,1,1,3,4,mensual,efectivo,cable,centro,0
78,38,71.88,2828.33,116.37,1,0,1,0,1,mensual,debito,cable,oeste,0
30,20,40.84,730.23,91.56,4,0,0,1,3,anual,debito,fibra,centro,0
36,27,65.26,1821.36,166.27,4,0,1,1,0,anual,credito,movil,centro,0
35,24,75.3,1831.91,76.64,2,1,1,1,1,mensual,credito,cable,oeste,0
40,4,81.34,325.54,77.39,3,1,0,2,1,anual,debito,cable,norte,0
37,57,51.24,2862.06,187.62,2,1,1,1,1,anual,debito,ninguno,oeste,0
56,11,65.32,684.58,138.01,4,1,0,3,2,mensual,efectivo,movil,centro,1
43,28,68.31,1686.35,139.78,1,1,1,2,3,anual,credito,cable,oeste,0
59,14,92.85,1106.19,149.93,1,1,1,0,1,anual,efectivo,movil,norte,1
51,12,38.34,273.17,115.26,1,1,0,1,0,bianual,transferencia,ninguno,norte,0
41,27,48.6,1129.13,48.12,1,1,0,1,0,anual,credito,movil,norte,1
67,67,115.48,7703.01,132.56,1,1,1,2,1,bianual,credito,movil,norte,0
25,68,60.08,4024.84,119.09,3,1,0,0,1,mensual,debito,fibra,norte,1
69,28,30.96,740.1,77.05,3,1,0,1,0,anual,efectivo,movil,sur,1
22,37,54.51,2160.72,65.55,3,0,1,2,1,bianual,credito,movil,norte,0
50,71,15.16,1043.46,117.67,3,1,1,3,0,mensual,transferencia,cable,norte,0
18,17,69.34,1285.14,52.11,4,1,0,2,0,mensual,efectivo,cable,sur,1
54,69,79.58,5313.47,112.83,2,0,0,5,0,bianual,debito,cable,centro,1
40,8,48.59,438.59,106.8,2,0,1,1,0,mensual,efectivo,cable,norte,0
25,17,56.53,1078.6,114.04,3,1,1,4,2,mensual,transferencia,fibra,centro,0
35,25,81.63,2087.97,140.13,1,1,0,1,0,anual,credito,cable,centro,1
47,3,33.5,50.0,151.1,3,0,1,0,1,anual,efectivo,fibra,sur,1
19,59,41.21,2396.57,84.43,2,1,1,1,0,mensual,credito,cable,norte,0
45,62,60.89,3815.24,163.49,2,0,0,3,0,mensual,credito,movil,centro,0
58,28,51.46,1447.07,109.03,3,0,0,0,2,mensual,debito,fibra,centro,1
30,61,59.71,3772.73,207.67,2,0,1,2,0,mensual,transferencia,ninguno,sur,1
39,56,42.25,2252.4,90.73,2,0,0,1,1,mensual,transferencia,cable,centro,0
45,58,68.86,4108.71,39.43,3,1,1,1,0,anual,debito,ninguno,norte,0
51,58,62.31,3648.77,161.68,3,0,1,2,1,bianual,credito,fibra,centro,0
55,42,74.89,3168.62,141.28,1,0,0,1,0,bianual,debito,fibra,centro,1
70,8,68.61,526.53,180.08,3,0,1,4,1,bianual,credito,cable,sur,1
61,67,68.72,4731.05,135.48,2,0,1,1,0,bianual,credito,cable,centro,1
40,44,38.97,1607.72,237.0,3,1,1,2,0,mensual,transferencia,movil,oeste,0
70,65,73.87,4662.95,110.56,2,1,1,3,0,mensual,debito,cable,centro,0
31,70,59.04,4135.24,172.32,1,1,1,1,0,mensual,debito,cable,sur,1
66,14,62.0,784.68,93.73,1,0,0,4,0,anual,debito,movil,centro,1
34,29,83.87,2466.8,144.59,2,0,1,1,0,bianual,efectivo,fibra,norte,1
41,14,52.05,955.85,153.9,3,1,0,0,0,mensual,credito,fibra,oeste,1
20,4,89.32,365.98,161.63,3,0,1,2,0,mensual,debito,movil,centro,1
72,70,91.0,6393.26,158.82,4,1,0,3,0,mensual,debito,fibra,sur,0
31,67,78.55,5452.0,5.0,2,1,1,1,1,mensual,debito,cable,oeste,1
20,68,47.35,3265.23,116.57,4,1,0,3,2,anual,transferencia,cable,centro,1
73,64,25.65,1768.06,91.24,4,1,1,1,0,mensual,credito,fibra,norte,0
76,47,84.42,3934.53,101.11,2,1,0,1,1,mensual,transferencia,fibra,centro,0
25,38,67.0,2538.48,105.83,2,1,0,0,2,bianual,debito,fibra,oeste,0
69,72,51.59,3633.41,168.87,3,0,1,1,2,mensual,credito,fibra,oeste,1
38,40,86.12,3498.6,130.13,4,0,1,3,0,mensual,credito,fibra,sur,0
65,47,49.49,2382.93,94.62,2,1,0,1,0,anual,debito,fibra,centro,1
25,16,57.37,1002.7,46.59,1,0,0,1,1,mensual,debito,movil,centro,0
19,54,74.45,4070.99,196.65,4,0,1,1,1,anual,debito,movil,sur,0
21,60,44.96,2679.98,87.63,2,1,0,1,0,mensual,transferencia,fibra,centro,0
65,49,63.03,3153.7,113.46,1,1,1,2,2,mensual,credito,cable,norte,0
41,36,84.6,3221.77,226.94,1,0,1,1,1,mensual,credito,fibra,sur,0
